# Yale Bright Star Catalogue (BSC5), Hoffleit & Warren 1991, ADC/CDS V/50.
# Trimmed for the Simathon 02 demo. Source: tdc-www.harvard.edu/catalogs/bsc5.dat.gz
# ra_deg,dec_deg,vmag,b_v,dist_pc   (dist_pc = 0 means no usable parallax)
1.29125,45.22917,6.700,0.070,0.0
1.26583,-0.50306,6.290,1.100,0.0
1.33375,-5.70750,4.610,1.040,71.4
1.42500,13.39611,5.510,0.900,0.0
1.56667,58.43667,5.960,0.670,21.3
1.57917,-49.07500,5.700,0.520,20.0
1.61042,64.19611,5.590,-0.030,0.0
1.65333,29.02139,6.130,0.750,14.9
1.70875,-23.10750,6.180,0.380,0.0
1.82583,-17.38639,6.190,0.140,0.0
1.93375,-2.54889,6.430,-0.140,0.0
1.94500,-22.50889,5.940,0.140,0.0
2.01458,-33.52944,5.680,1.120,0.0
2.05042,-2.44778,6.070,1.380,0.0
2.09708,29.09056,2.060,-0.110,31.2
2.07250,-8.82389,5.990,1.040,0.0
2.17083,36.62667,6.190,0.480,22.7
2.13917,-17.57750,6.060,1.670,0.0
2.21750,25.46278,6.230,0.970,0.0
2.33417,79.71472,6.010,0.190,500.0
2.29458,59.14972,2.270,0.340,13.9
2.26000,18.21194,5.530,1.040,0.0
2.26000,-54.00194,6.330,0.740,111.1
2.33750,-27.98778,5.420,0.420,43.5
2.35292,-45.74750,3.880,1.030,15.2
2.50958,11.14556,5.510,-0.070,58.8
2.58042,46.07222,5.030,0.400,0.0
2.62375,57.16556,6.740,-0.080,0.0
2.57833,-5.24861,5.840,0.980,0.0
2.50875,-82.22389,5.280,1.050,0.0
2.67833,-12.58000,5.850,1.010,0.0
2.66083,-73.22444,6.640,0.370,0.0
2.81625,-15.46806,4.890,0.490,14.9
2.89333,-27.79972,5.410,1.340,0.0
2.93333,-35.13306,5.250,0.440,29.4
2.99625,48.15250,6.160,1.450,0.0
3.04167,-17.93833,5.250,1.480,0.0
3.21000,37.69333,6.730,-0.130,0.0
3.30917,15.18361,2.830,-0.230,0.0
3.35000,26.98722,6.300,0.650,166.7
3.37833,41.03528,5.720,0.310,41.7
3.42542,-26.02194,5.940,1.550,0.0
3.43417,-26.28472,6.310,1.480,0.0
3.50958,33.20611,6.250,-0.010,0.0
3.65083,20.20667,4.800,1.570,66.7
3.61500,-7.78056,5.120,1.620,333.3
3.33083,-84.99417,5.770,1.720,0.0
3.66000,-18.93278,4.440,1.660,34.5
3.73375,22.28417,6.240,-0.010,0.0
3.74500,8.82083,5.790,0.310,58.8
3.72708,-9.56972,5.750,-0.080,0.0
3.77917,31.53583,6.450,0.000,0.0
3.79417,27.28306,6.350,-0.020,0.0
3.74250,-34.90444,6.170,1.340,0.0
4.05833,76.95083,6.350,-0.070,76.9
4.09000,43.59472,6.150,0.050,0.0
4.03708,-31.44639,5.670,1.350,0.0
3.98000,-75.91139,6.490,1.000,0.0
4.14208,8.24000,6.110,0.920,0.0
4.23792,61.53333,5.740,0.880,0.0
4.17708,-20.21056,6.470,-0.090,0.0
4.28792,47.94750,5.890,-0.090,0.0
4.27292,38.68167,4.610,0.060,45.5
4.20417,-78.78056,6.770,0.460,0.0
4.42917,51.43306,6.140,-0.130,0.0
4.38583,-19.05111,6.450,0.370,0.0
4.44875,1.68889,6.170,0.940,0.0
4.58208,36.78528,4.520,0.050,43.5
4.57167,11.20583,6.050,1.030,0.0
4.67542,43.79111,6.110,-0.080,0.0
4.65958,31.51722,5.870,-0.010,0.0
4.67417,-8.05278,6.460,0.680,18.9
4.67750,-43.23528,6.330,1.210,0.0
4.85708,-8.82389,3.560,1.220,76.9
4.92333,40.72972,6.330,1.180,0.0
5.02167,48.86528,6.520,0.000,0.0
5.01792,-64.87472,4.230,0.580,7.5
5.10167,30.93583,5.900,-0.100,0.0
5.18958,32.91139,5.790,1.590,0.0
5.14958,8.19028,5.370,1.340,0.0
5.22708,10.97694,6.560,0.000,200.0
5.28042,37.96861,5.180,0.420,58.8
5.16250,-69.62500,5.510,-0.050,90.9
5.38000,-28.98167,5.180,1.000,37.0
5.44292,-20.05778,5.120,1.820,0.0
5.60625,13.48250,6.230,1.220,0.0
5.36917,-77.42694,5.970,1.400,0.0
5.71583,-12.20944,6.390,0.660,20.4
5.80250,-31.03611,6.550,0.000,0.0
6.00833,38.57722,7.390,1.970,0.0
6.06500,52.02000,5.570,-0.120,250.0
6.19792,61.83111,5.400,0.000,66.7
6.12375,-2.21917,6.070,1.220,0.0
6.27667,53.04694,5.740,-0.060,0.0
6.35083,1.93972,5.770,0.860,0.0
6.43792,-77.25417,2.800,0.620,6.5
6.57083,-42.30611,2.390,1.090,28.6
6.55083,-43.68000,3.940,0.170,13.9
6.65583,-0.04972,6.190,0.900,0.0
6.81125,-25.54722,5.980,1.030,0.0
7.01208,17.89306,5.060,1.650,62.5
7.05708,44.39444,5.170,0.030,76.9
6.98208,-33.00722,4.810,1.640,0.0
7.05292,16.44500,6.060,1.580,0.0
7.08375,10.18972,6.040,0.430,30.3
7.08792,-20.33500,6.430,0.590,29.4
7.11000,-39.91500,5.430,1.560,66.7
7.23583,36.90000,6.260,0.920,0.0
7.17958,-50.53278,6.260,1.090,0.0
7.72917,77.01944,6.210,0.840,43.5
7.58292,59.97722,5.940,0.010,500.0
7.53042,29.75167,5.230,0.240,0.0
7.46625,-14.86417,6.140,0.370,0.0
7.45375,-32.11667,6.570,1.340,0.0
7.51000,-3.95722,5.720,1.560,0.0
7.59458,-23.78778,5.190,0.120,55.6
7.61583,-40.93944,6.190,0.330,0.0
7.60875,-48.21500,5.690,0.350,0.0
7.85542,66.51944,6.180,-0.100,0.0
7.85667,33.58167,5.870,1.140,0.0
7.94333,54.52222,4.730,-0.100,33.3
7.92167,52.83944,5.600,1.150,125.0
7.85417,-48.80361,4.770,0.020,37.0
7.88625,-62.95806,4.370,-0.070,33.3
7.89000,-62.96583,4.540,0.150,33.3
8.11167,43.49472,6.700,-0.010,0.0
8.33042,70.98167,6.420,-0.010,0.0
8.25000,62.93167,4.160,0.140,0.0
8.14792,20.29444,5.380,1.080,31.2
8.09917,6.95556,5.670,0.000,0.0
8.14375,27.58056,6.670,0.000,0.0
8.20458,28.28028,6.300,1.000,166.7
8.29333,54.89500,5.930,1.040,0.0
8.18250,-63.03111,5.090,0.040,20.4
8.60375,66.75028,6.480,-0.080,0.0
8.42125,-29.55833,5.550,1.270,0.0
8.34708,-71.26611,6.130,0.230,0.0
8.61583,-52.37306,5.570,0.470,26.3
8.73042,13.37111,6.400,0.000,0.0
8.81208,-3.59278,5.200,0.560,16.7
8.88667,-0.50556,5.930,0.440,0.0
9.03458,54.16861,5.080,-0.110,0.0
8.97792,13.20667,6.410,0.520,50.0
9.11375,60.32611,5.790,0.290,0.0
8.92125,-48.00083,5.510,0.440,0.0
8.88917,-54.82194,6.060,1.010,0.0
9.08333,27.25472,6.500,-0.090,0.0
9.01250,-14.97361,6.450,1.060,0.0
9.02875,-22.84250,6.060,0.290,0.0
9.19417,44.48861,5.130,1.600,142.9
9.24292,53.89694,3.660,-0.200,250.0
9.22042,33.71944,4.360,-0.140,0.0
9.19708,15.23167,5.890,-0.150,0.0
9.28000,24.01417,6.470,0.000,0.0
9.33792,35.39944,5.480,0.880,0.0
9.94708,82.49389,6.400,0.550,35.7
9.33625,-24.76722,5.570,0.720,13.2
9.15583,-65.12472,6.420,1.260,0.0
9.37708,3.13528,6.390,1.330,0.0
9.32542,-54.39417,6.410,1.000,0.0
9.63875,29.31167,4.370,0.870,32.3
9.79125,49.35444,5.430,1.640,0.0
9.83208,30.86083,3.270,1.280,35.7
9.84083,21.25056,5.870,0.850,10.1
9.98167,21.43833,5.360,1.160,111.1
10.12708,56.53722,2.230,1.170,62.5
9.67000,-73.13722,6.850,0.110,0.0
9.99125,-33.96167,6.690,0.510,50.0
9.96667,-44.79667,6.010,1.140,0.0
10.11917,-16.51694,6.490,0.920,0.0
10.13708,-23.80444,6.140,0.700,23.3
10.17667,-4.35194,5.910,1.100,0.0
10.28000,39.45861,5.330,0.890,100.0
10.11000,-59.45444,5.890,0.550,17.2
10.51417,66.14750,5.830,1.040,0.0
10.40000,24.62917,6.040,0.260,0.0
10.51625,50.51250,4.800,-0.110,0.0
10.33167,-46.08500,4.590,0.970,250.0
10.62958,58.75333,6.170,-0.010,0.0
10.44333,-56.50167,5.700,0.200,0.0
10.86708,47.02472,4.940,0.180,43.5
10.67875,-38.46333,6.060,-0.030,0.0
10.67417,-60.26250,5.980,1.320,0.0
10.61833,-65.46806,5.390,0.500,26.3
10.89750,-17.98667,2.040,1.020,16.4
11.11000,47.86417,5.670,-0.120,0.0
10.95917,-12.01167,6.020,1.100,0.0
10.83833,-57.46306,4.360,0.000,21.7
11.41250,74.98806,5.660,0.050,0.0
11.18125,48.28444,4.540,-0.070,0.0
11.04750,-10.60944,4.760,1.010,45.5
11.05042,-38.42167,5.900,1.160,100.0
11.32167,55.22167,5.420,0.040,83.3
11.18500,-22.00611,5.240,0.330,20.8
11.23792,-42.67667,5.940,0.280,0.0
11.13458,-62.49778,6.070,0.440,0.0
11.66250,69.32500,6.330,0.000,0.0
11.35042,-4.62917,6.150,1.620,0.0
11.25000,-53.71500,6.150,0.530,0.0
11.36958,-12.88083,6.150,0.610,0.0
11.56292,55.30528,6.520,0.000,0.0
11.54542,44.86139,6.050,-0.070,0.0
11.42375,-16.42417,6.470,0.310,0.0
11.67667,59.57444,6.390,1.090,0.0
11.94208,74.84750,5.410,-0.080,0.0
11.44000,-47.55167,5.800,0.640,20.4
11.54917,-22.52194,5.500,0.980,47.6
11.63750,15.47556,5.380,1.650,66.7
12.03792,72.67500,5.870,1.010,0.0
11.75625,11.97389,5.500,0.970,0.0
11.80667,19.57889,6.130,0.270,0.0
11.83458,24.26722,4.060,1.120,27.0
11.84833,6.74083,5.990,0.940,0.0
11.97833,20.92528,6.540,0.500,45.5
11.93042,-18.06139,5.700,1.300,0.0
12.27500,57.81583,3.440,0.570,5.7
12.00458,-21.72250,5.570,-0.060,0.0
12.07250,7.30000,5.930,1.100,0.0
12.09583,5.28056,5.750,0.880,6.9
12.20875,50.96833,4.890,-0.110,0.0
12.17083,7.58500,4.430,1.500,52.6
12.24458,16.94056,5.070,0.510,21.3
12.45333,41.07889,4.530,-0.150,0.0
12.35667,-13.56139,5.590,1.300,0.0
12.30792,-24.13639,5.900,0.950,0.0
12.23625,-46.69778,6.270,0.900,0.0
12.47000,27.71083,7.000,0.360,90.9
12.47167,27.71028,7.100,0.000,90.9
12.38917,-23.36167,6.280,0.130,0.0
12.68167,64.24750,5.390,0.490,0.0
12.57625,45.00222,6.150,0.010,0.0
12.53167,-10.64444,5.190,0.500,15.4
12.14750,-74.92333,5.070,1.370,40.0
12.81833,61.80583,6.070,1.880,0.0
12.73917,51.50806,6.390,0.280,0.0
12.51542,-43.39472,6.480,0.290,0.0
13.72125,83.70722,5.620,0.090,0.0
12.89042,51.57111,6.210,0.000,0.0
12.67167,-50.98694,5.220,0.360,200.0
12.82625,3.38500,6.370,1.070,0.0
13.26708,61.12417,4.820,0.530,15.2
12.96708,-43.70917,6.900,0.350,142.9
13.22250,38.54861,6.690,0.020,0.0
13.16917,-24.00583,5.460,1.240,142.9
13.25208,-1.14417,4.770,1.570,0.0
13.36750,37.41806,6.060,1.140,0.0
13.44833,52.68917,6.270,0.190,76.9
13.30167,-24.77694,6.460,0.440,166.7
13.10125,-69.50444,6.220,0.560,0.0
13.75042,58.97278,4.830,1.210,166.7
13.64667,19.18833,5.740,-0.010,71.4
13.57333,-8.74083,6.160,0.920,0.0
13.77167,48.67861,6.270,1.680,0.0
13.40792,-62.87139,5.700,1.560,0.0
13.74167,23.62833,5.470,1.000,45.5
13.81125,24.55694,6.200,1.620,0.0
14.05375,57.99667,6.210,1.370,0.0
14.23167,68.77611,6.370,0.380,0.0
13.99375,27.20944,6.090,0.140,0.0
13.92667,-7.34722,5.850,1.520,0.0
14.17708,60.71667,2.470,-0.150,62.5
14.16583,59.18111,4.630,0.960,19.6
14.19625,60.36278,5.550,-0.070,142.9
14.00625,-11.26667,5.310,1.520,111.1
13.98125,-27.77556,6.100,1.670,0.0
14.18833,38.49944,3.870,0.130,25.6
13.75125,-69.52694,5.450,1.090,28.6
14.30167,23.41750,4.420,0.940,111.1
14.41542,45.83972,6.120,1.020,0.0
14.62958,66.35222,5.970,-0.020,0.0
14.45917,28.99222,5.420,1.080,0.0
14.55917,33.95083,5.980,1.000,0.0
14.47708,13.69583,6.320,0.890,0.0
14.57875,21.40444,6.370,0.090,111.1
15.12917,70.98306,6.390,0.130,0.0
14.68292,-11.38000,5.610,0.970,0.0
14.65167,-29.35750,4.310,-0.160,0.0
14.59333,-60.69639,6.230,0.100,0.0
15.01417,44.71111,6.840,0.000,200.0
15.01500,44.71333,6.040,-0.010,200.0
14.95708,6.48306,6.110,1.670,0.0
17.18625,86.25694,4.250,1.210,0.0
23.46000,89.01556,6.460,0.110,0.0
15.57667,51.03500,6.470,0.000,0.0
15.32625,-38.91667,5.590,1.180,29.4
15.75625,47.37611,6.450,0.250,83.3
15.72625,41.34500,5.980,0.160,0.0
15.70458,31.80444,5.500,-0.050,0.0
15.90417,61.07500,5.920,0.490,0.0
15.61000,-31.55194,5.500,0.080,0.0
15.73583,7.89000,4.280,0.960,37.0
15.50750,-57.00250,6.110,0.940,0.0
15.76083,-4.83667,5.430,1.110,0.0
16.08167,61.58028,5.840,0.540,0.0
16.01000,52.50222,5.990,1.470,0.0
15.70500,-46.39750,5.360,0.900,40.0
15.82333,-29.52583,6.290,0.930,0.0
15.95417,1.36667,6.040,0.270,41.7
16.19500,51.01000,6.540,-0.080,0.0
16.11500,29.65861,6.190,0.430,0.0
15.67875,-65.45611,6.210,1.640,0.0
16.15167,39.99111,6.720,0.310,0.0
19.05625,87.14528,6.250,1.120,90.9
16.21917,5.65639,6.000,1.510,0.0
16.27250,14.94611,5.680,0.410,0.0
16.59500,62.76167,6.540,0.190,0.0
16.42042,21.47333,5.340,-0.030,62.5
16.42375,21.46528,5.560,-0.070,62.5
17.30125,80.01167,6.290,0.000,0.0
16.45500,4.90833,6.350,0.380,0.0
16.46417,4.90944,7.250,0.490,0.0
16.40333,-9.97917,6.120,1.010,0.0
16.75083,56.93500,6.430,1.180,0.0
16.52125,-9.83944,5.580,0.010,0.0
16.78958,53.49833,6.380,0.000,0.0
16.64000,12.95611,6.120,0.960,0.0
16.53208,-23.99250,6.140,1.090,0.0
17.06833,54.92028,5.170,0.690,7.4
16.52083,-46.71861,3.310,0.890,47.6
16.61042,-35.66083,6.610,0.140,0.0
17.00375,43.94194,5.030,0.110,32.3
16.80458,-23.99639,6.370,0.230,0.0
17.13875,58.26361,5.790,-0.010,0.0
17.00542,32.01222,6.250,0.400,0.0
16.98833,20.73917,5.550,0.130,0.0
16.94250,-9.78556,5.820,0.430,0.0
17.09250,5.64972,5.520,0.340,27.8
16.94958,-41.48694,5.210,0.160,71.4
16.82792,-61.77528,5.370,0.880,30.3
18.06958,79.67389,5.640,0.010,0.0
17.14750,-10.18222,3.450,1.160,24.4
17.37583,47.24194,4.250,-0.070,333.3
17.66375,68.77861,5.290,-0.020,58.8
17.43292,35.62056,2.060,1.580,20.4
17.09625,-55.24583,3.920,-0.080,76.9
17.45500,19.65861,5.550,0.690,0.0
17.57833,42.08139,5.650,0.600,0.0
17.58083,25.45778,5.800,1.470,0.0
17.85667,64.20278,5.550,-0.070,0.0
17.77583,55.14972,4.330,0.170,71.4
17.54792,15.67417,6.060,1.490,0.0
17.92250,65.01889,5.570,-0.090,0.0
17.55000,-8.90611,6.400,1.040,0.0
17.64000,2.44556,5.950,1.510,0.0
17.79292,37.72417,5.810,-0.100,333.3
17.77833,31.42472,5.160,0.230,0.0
17.53083,-57.69444,6.410,0.890,0.0
17.86333,21.03472,4.660,1.030,66.7
17.91500,30.08972,4.510,1.090,43.5
17.93125,-2.25111,5.940,1.400,0.0
18.29125,61.70583,6.410,0.010,0.0
18.14167,45.33778,6.110,1.640,0.0
18.24792,30.06417,6.190,1.000,0.0
19.12792,79.91000,6.260,0.420,0.0
18.09750,-30.80222,6.520,0.480,0.0
18.18917,-37.85639,5.920,0.280,0.0
18.43708,24.58361,4.650,1.040,142.9
18.43292,7.57528,5.240,0.320,38.5
18.43875,7.57833,6.300,0.490,38.5
18.52083,28.52972,6.430,1.700,0.0
18.53167,16.13361,5.980,-0.080,0.0
19.05042,71.74389,7.830,0.780,0.0
18.60000,-7.92306,5.130,0.460,17.9
18.67667,6.99528,6.030,1.080,0.0
18.70500,-0.97389,5.700,0.420,35.7
19.10208,48.08222,6.610,-0.050,0.0
18.79625,-45.53139,4.960,0.580,14.5
19.07833,33.11472,6.020,1.150,0.0
19.27125,44.90194,6.340,0.000,0.0
19.15125,-2.50028,5.410,0.900,66.7
19.35042,31.74472,6.730,0.000,0.0
20.08125,77.57056,6.310,0.920,0.0
19.54250,47.41972,6.250,1.350,0.0
18.94208,-68.87611,4.860,0.470,16.4
19.45000,3.61444,5.160,0.070,76.9
19.69583,37.38611,6.460,0.230,125.0
19.26500,-66.39806,6.240,0.050,100.0
20.49625,76.23889,6.380,0.280,0.0
20.02042,58.23167,4.980,0.680,0.0
19.86667,27.26417,4.760,0.030,52.6
20.27167,64.65833,6.340,0.090,0.0
19.95125,-0.50889,5.870,0.640,111.1
20.94500,78.72583,6.070,0.390,0.0
20.14375,-3.24694,6.230,1.020,0.0
20.11583,-11.23889,6.150,1.110,0.0
20.28083,28.73806,5.230,1.390,0.0
20.58500,45.52889,4.880,1.080,38.5
20.84000,58.14306,6.450,0.000,200.0
20.65417,1.72639,6.200,1.520,0.0
20.64500,-0.44972,6.490,1.080,0.0
20.62708,-19.08139,6.350,0.480,125.0
20.91917,37.71500,5.580,0.260,0.0
20.90625,34.24583,6.290,0.830,0.0
20.85375,20.46889,5.970,1.710,0.0
21.44375,70.98000,6.490,0.000,0.0
21.48333,68.13000,4.740,1.050,76.9
20.87917,-30.94556,5.840,1.610,0.0
21.01042,-8.00750,6.210,0.230,0.0
21.00583,-8.18333,3.600,1.060,24.4
21.45417,60.23528,2.680,0.130,27.0
21.08583,-6.91472,5.910,0.410,43.5
21.16583,-15.66028,6.140,0.910,0.0
21.20292,-2.84861,6.150,0.960,0.0
21.39875,23.51167,6.180,0.430,0.0
21.17000,-41.49250,5.420,1.040,0.0
21.57750,43.45778,5.960,0.490,0.0
21.53625,34.57972,6.310,0.470,0.0
21.17458,-44.52833,6.260,1.140,0.0
21.40500,-14.59889,4.900,1.230,142.9
21.56375,19.17222,5.380,0.390,26.3
21.67375,19.24028,5.500,1.110,76.9
21.77583,34.37750,6.270,0.460,0.0
21.61375,-0.39861,6.410,1.240,43.5
21.91417,45.40667,4.830,0.420,33.3
21.86083,41.10056,6.460,0.270,0.0
21.72292,3.53528,6.580,-0.040,0.0
21.27208,-64.36944,5.930,1.560,0.0
21.71500,-13.05667,5.660,0.350,0.0
21.94583,40.33556,6.600,-0.040,0.0
21.74208,-32.54306,5.790,3.860,0.0
37.95292,89.26417,2.020,0.600,142.9
21.94417,-10.90167,6.130,1.320,0.0
22.09542,7.96139,6.200,1.120,0.0
22.80750,70.26472,5.810,0.470,25.6
22.71792,66.09806,6.140,0.080,0.0
22.09125,-43.31833,3.410,1.570,0.0
22.52583,47.00722,5.270,1.000,66.7
22.18042,-33.76361,6.580,0.300,0.0
22.47042,18.35556,6.020,0.140,0.0
22.40042,-21.62944,5.120,0.020,35.7
22.54625,6.14389,4.840,1.370,55.6
22.37667,-46.75639,6.310,1.660,0.0
22.59542,-26.20778,5.930,1.340,0.0
22.87083,15.34583,3.620,0.970,66.7
23.03167,34.80000,6.390,-0.120,0.0
23.35750,58.32750,5.700,1.520,0.0
22.81292,-49.07278,3.950,0.990,32.3
22.93042,-30.28333,5.820,1.080,0.0
23.48292,59.23194,4.710,1.000,47.6
22.91292,-45.57556,6.170,0.060,0.0
23.26458,-9.01472,6.590,-0.040,0.0
23.23333,-36.86528,5.510,1.020,142.9
23.56917,37.23722,5.880,-0.070,55.6
23.15125,-49.72778,6.280,0.460,0.0
23.42875,-7.02528,5.760,0.640,0.0
24.34375,74.30083,6.580,0.030,0.0
23.70458,18.46056,5.890,1.520,0.0
23.65750,-15.67611,5.630,0.070,0.0
23.96875,41.07639,6.380,1.110,0.0
23.71125,-31.89222,6.120,1.110,0.0
24.11333,48.72278,5.920,1.210,0.0
23.94333,14.66139,6.220,-0.040,0.0
24.62875,73.04000,5.280,0.960,58.8
23.97833,17.43361,5.800,0.000,0.0
24.19917,41.40556,4.090,0.540,16.1
23.99583,-15.40028,5.420,1.210,0.0
23.81333,-58.13944,6.010,0.380,90.9
24.53167,57.97750,5.560,1.380,0.0
24.03500,-29.90750,5.690,0.330,40.0
24.27458,12.14167,5.570,0.350,0.0
24.49833,48.62833,3.570,1.280,47.6
24.63208,45.40000,6.360,0.040,0.0
24.40708,-9.40389,6.240,0.530,41.7
23.41333,-78.50472,6.110,0.970,0.0
24.18667,-58.27083,6.180,1.610,0.0
24.83750,44.38611,4.980,0.890,111.1
25.05458,53.86833,6.390,1.610,0.0
24.61417,-36.52833,5.940,1.050,0.0
24.42875,-57.23667,0.460,-0.160,38.5
24.71583,-21.27528,5.580,0.340,0.0
24.70833,-25.02194,6.700,-0.080,0.0
24.92000,16.40583,5.970,1.120,0.0
25.16583,43.29778,5.610,0.210,0.0
25.14500,40.57694,4.940,-0.090,0.0
25.58542,68.04306,5.590,-0.070,0.0
24.70083,-53.43889,6.840,0.440,0.0
25.73292,70.62250,5.180,-0.040,250.0
25.51250,61.03833,6.710,-0.030,0.0
25.57417,58.62778,6.370,-0.020,0.0
25.44667,42.61361,4.950,0.620,12.3
25.32667,25.74583,6.170,0.440,43.5
25.41333,30.04722,5.990,1.010,0.0
24.94750,-56.19806,5.870,0.900,6.6
24.94917,-56.19472,5.760,0.870,6.6
25.74333,61.42167,6.340,0.010,0.0
25.35792,5.48750,4.440,1.360,24.4
25.51458,35.24556,5.640,-0.070,0.0
25.83208,60.55111,5.780,-0.020,0.0
25.43625,-11.32472,5.750,0.440,28.6
25.62417,20.26861,5.240,0.840,8.4
25.36375,-38.13306,6.170,0.420,0.0
25.81875,45.32222,6.340,1.010,0.0
25.91500,50.68861,4.070,-0.040,40.0
25.53583,-32.32694,5.250,1.050,0.0
25.51250,-36.83250,5.720,-0.010,0.0
26.07458,57.53639,6.210,0.100,0.0
25.68125,-3.69028,4.990,1.380,111.1
25.42125,-50.03889,6.640,0.120,0.0
26.19208,57.08917,6.250,0.040,0.0
25.95833,32.19167,6.340,0.000,0.0
26.11042,46.13972,6.350,0.000,0.0
25.45000,-60.78944,5.710,1.270,0.0
25.62208,-53.74056,5.520,0.530,0.0
25.97833,-4.76556,6.190,1.540,0.0
26.23250,20.08306,6.270,0.750,37.0
26.01708,-15.93750,3.500,0.720,3.6
26.34833,9.15778,4.260,0.960,43.5
26.93667,63.85222,5.630,0.810,9.3
24.48167,-82.97500,5.870,0.610,0.0
26.49708,-5.73333,5.340,1.520,0.0
26.41167,-25.05250,5.310,0.390,27.0
26.64708,17.41306,6.550,0.250,0.0
25.33875,-79.14833,6.330,0.940,0.0
26.50417,-27.34917,6.390,0.360,0.0
26.95000,46.22972,6.320,0.430,0.0
26.52417,-50.81639,5.490,1.600,0.0
26.52625,-53.52194,5.040,0.040,43.5
27.16208,37.95278,5.940,0.970,0.0
27.04542,16.95556,5.840,-0.030,0.0
27.17333,32.69028,5.790,0.550,26.3
26.82000,-41.76000,6.180,1.540,0.0
24.36667,-84.76972,5.690,0.940,0.0
27.31542,47.89694,5.820,0.290,125.0
27.10833,3.68556,5.910,0.970,0.0
26.94917,-37.15972,6.320,1.020,0.0
27.73792,51.93333,5.900,0.430,0.0
27.53542,22.27528,5.860,0.740,58.8
27.39625,-10.68639,4.670,0.330,21.7
27.33125,-31.07278,6.340,1.220,0.0
27.99708,55.14750,5.520,-0.180,0.0
27.71667,11.04333,5.940,0.300,0.0
27.45333,-38.40389,6.370,0.520,45.5
28.03917,50.79278,5.790,-0.070,0.0
27.58417,-47.81639,6.140,1.010,0.0
28.21167,51.47472,6.260,0.000,0.0
27.86500,-10.33500,3.730,1.140,32.3
28.45208,55.59806,6.450,0.180,0.0
27.72708,-50.20611,5.940,0.140,0.0
28.59875,63.67000,3.380,-0.150,100.0
28.32208,40.72972,5.400,1.320,166.7
28.27042,29.57889,3.410,0.490,17.5
28.38250,19.29583,4.830,0.000,38.5
28.38250,19.29361,4.750,-0.040,38.5
28.21708,-16.92917,5.800,0.270,0.0
29.00000,68.68528,4.990,-0.100,0.0
28.38875,3.18750,4.620,0.940,200.0
26.94375,-80.17667,6.060,0.340,0.0
28.72417,40.70194,6.240,1.250,0.0
28.73958,37.12833,6.260,1.170,0.0
28.66000,20.80806,2.640,0.130,13.5
28.34667,-38.59472,6.100,1.120,0.0
28.41167,-46.30250,4.410,1.590,90.9
28.97667,37.27778,5.890,1.630,0.0
29.03875,37.25167,5.670,1.060,0.0
28.59167,-42.49694,5.110,-0.060,0.0
28.96250,23.57722,5.740,1.190,0.0
28.97417,1.84972,6.010,0.560,40.0
29.63875,61.69806,6.020,-0.040,0.0
29.48500,41.69444,6.780,-0.060,0.0
29.33792,17.81750,5.100,0.920,0.0
29.43250,27.80444,5.820,1.600,0.0
29.16750,-22.52694,4.850,1.420,0.0
28.98958,-51.60889,3.700,0.850,17.2
29.90833,64.62139,5.260,0.010,0.0
29.64000,49.20417,5.690,1.010,0.0
29.48208,23.59611,4.790,0.280,35.7
28.73375,-67.64722,4.690,0.950,0.0
28.94333,-60.86139,6.060,0.370,0.0
30.73833,77.91639,6.040,1.140,0.0
29.25042,-51.76611,6.100,0.480,17.9
29.29167,-47.38500,4.830,0.880,47.6
30.48917,70.90694,4.540,0.160,28.6
29.61125,-33.06667,6.350,1.020,0.0
29.89875,21.05833,5.870,1.030,0.0
29.85792,12.29472,6.090,0.190,0.0
30.79375,73.85056,6.230,0.000,250.0
30.85875,72.42139,3.980,-0.010,0.0
31.28083,77.28139,5.380,0.310,35.7
30.03833,3.09722,5.880,0.620,29.4
29.94208,-20.82444,5.410,1.650,0.0
29.47333,-65.42472,6.370,0.900,0.0
30.00125,-21.07778,4.000,1.570,142.9
30.71958,64.90139,6.000,0.030,0.0
30.11208,-8.52361,5.510,1.520,0.0
29.91167,-42.03056,5.570,1.060,55.6
30.75125,64.39000,5.580,0.380,0.0
30.57542,54.48750,5.040,-0.080,0.0
29.69250,-61.56972,2.860,0.280,20.8
31.38000,76.11500,5.220,0.950,45.5
28.96042,-78.34833,6.160,0.440,0.0
30.31125,-30.00167,5.350,0.880,58.8
30.51167,2.76361,5.230,0.000,200.0
30.51167,2.76361,4.330,0.030,200.0
32.35542,81.29583,6.050,0.110,0.0
31.16708,65.10333,6.520,0.000,0.0
30.74167,33.28389,5.500,0.030,100.0
29.92125,-66.06639,6.100,1.170,0.0
30.64667,13.47667,5.940,1.590,0.0
30.42667,-44.71361,5.140,1.490,0.0
30.97500,42.32972,2.260,1.370,76.9
30.97792,42.33083,4.840,0.030,76.9
30.91375,25.93556,5.630,0.540,40.0
30.61708,-29.66500,6.420,0.140,0.0
30.79875,0.12833,5.430,0.150,0.0
30.74417,-15.30583,5.860,0.980,0.0
30.92750,18.25333,6.210,1.420,0.0
30.95083,-0.34028,5.930,0.880,0.0
30.91875,-4.10361,5.620,1.590,0.0
31.12250,-29.29694,4.690,-0.170,0.0
31.64125,22.64833,5.030,0.110,0.0
31.55125,8.24750,6.310,1.650,0.0
31.70500,25.70472,6.150,-0.030,0.0
31.62208,0.03500,6.280,0.900,0.0
31.79333,23.46250,2.000,1.150,20.4
32.16875,58.42361,5.670,0.610,0.0
32.14000,44.45944,6.420,0.000,0.0
32.12208,37.85917,4.820,0.120,166.7
32.53250,53.84306,6.310,0.950,0.0
32.38583,34.98722,3.000,0.140,45.5
32.35542,25.93972,4.980,0.330,0.0
32.34625,17.22444,6.430,0.000,0.0
32.19042,-17.77944,6.100,1.610,0.0
33.33833,74.02778,6.290,0.910,0.0
32.87083,57.64583,6.360,0.330,0.0
32.72000,39.03944,5.630,-0.020,100.0
32.72375,39.04306,6.100,-0.070,100.0
32.39500,-24.34583,6.480,0.290,0.0
32.65667,19.50028,5.700,1.650,0.0
32.28875,-43.51667,5.850,1.190,0.0
32.80000,25.93694,6.020,1.360,0.0
32.85417,31.52639,6.230,0.110,0.0
32.83792,8.56972,5.630,0.560,29.4
32.52042,-43.81556,6.320,0.900,0.0
32.60667,-50.82444,6.120,0.820,11.1
32.84250,-10.05222,6.010,0.390,0.0
32.89917,-1.82528,5.930,0.970,0.0
33.62125,66.52444,6.070,0.630,0.0
33.42292,58.56111,6.440,0.600,0.0
33.09292,30.30306,4.940,0.780,250.0
33.30542,44.23167,4.830,1.480,0.0
33.15625,24.16778,5.960,1.370,0.0
33.40125,51.06583,5.310,0.930,111.1
33.20042,21.21083,5.270,0.430,0.0
33.51083,47.48417,6.060,0.400,27.8
33.26375,15.27972,5.710,1.550,0.0
33.25000,8.84667,4.370,0.890,45.5
33.19792,-2.39361,5.540,0.570,22.2
33.25375,-21.00028,5.860,1.010,0.0
33.22708,-30.72389,5.280,-0.020,15.6
33.99125,47.81139,6.330,0.000,0.0
34.21542,57.05528,6.480,0.280,0.0
33.98417,33.35889,5.280,-0.010,0.0
33.94167,25.78306,5.790,0.440,0.0
33.92833,25.04306,5.580,0.490,66.7
33.86792,-9.46556,6.550,-0.020,0.0
33.63333,-41.16667,5.910,0.970,0.0
34.26333,34.22417,4.870,0.610,10.8
34.49958,57.89972,5.750,1.170,0.0
34.51875,57.51667,5.980,1.050,0.0
34.38917,44.30694,6.700,0.000,0.0
34.32875,33.84722,4.010,0.020,25.6
34.29333,23.76778,6.550,1.020,0.0
34.24583,-6.42222,5.510,0.960,0.0
33.56125,-67.84167,5.550,1.550,76.9
35.05375,64.33722,6.600,-0.030,0.0
34.53125,19.90111,5.620,0.010,0.0
34.82000,47.38000,5.300,-0.010,66.7
34.79542,46.47250,6.210,0.000,0.0
34.50583,1.75778,5.580,0.600,26.3
34.84458,48.95528,6.370,0.000,0.0
34.12750,-51.51222,3.560,-0.120,0.0
34.73750,28.64250,5.030,0.040,0.0
34.74167,23.16778,6.460,0.340,0.0
34.90542,39.83500,6.630,-0.090,0.0
33.86875,-67.74639,5.690,1.300,0.0
35.17250,47.31083,6.110,-0.080,0.0
35.01833,30.18833,6.470,0.000,0.0
34.83625,-2.97750,3.040,1.420,41.7
35.24250,50.15139,5.590,-0.130,0.0
34.74375,-25.94556,6.340,0.730,11.2
34.92000,-4.34556,6.500,0.080,0.0
35.58917,55.84556,5.170,0.370,0.0
34.85292,-41.84833,6.370,1.160,0.0
35.70958,41.39639,5.820,0.270,0.0
34.97625,-55.94472,5.810,1.550,0.0
35.48583,0.39583,5.280,1.650,0.0
35.96583,55.36444,6.280,0.860,0.0
35.55167,-0.88500,5.420,0.310,0.0
35.50583,-10.77778,5.460,0.350,0.0
35.52083,-17.66222,5.870,1.230,0.0
36.10375,50.00667,5.190,0.980,0.0
35.63583,-23.81639,5.200,0.600,13.0
36.31667,56.61000,6.250,0.310,0.0
35.74083,-18.35444,6.220,0.940,0.0
35.54917,-43.20000,6.310,1.000,0.0
36.40583,50.27861,4.710,1.530,90.9
35.77708,-37.57639,6.530,1.610,0.0
35.72750,-51.09222,5.920,0.220,0.0
36.20417,10.61056,5.470,-0.100,0.0
36.08375,-25.84750,6.440,1.320,0.0
36.24333,-2.78000,6.330,0.000,0.0
35.43708,-68.65944,4.090,0.030,20.0
36.14083,-40.84056,6.180,0.660,0.0
37.26667,67.40250,4.520,0.120,43.5
36.48750,-12.29056,4.890,-0.030,34.5
36.96583,50.56972,6.120,0.410,0.0
36.50125,-15.34111,5.830,0.150,66.7
36.77917,27.01333,6.180,1.430,0.0
36.86542,31.80139,5.540,1.120,0.0
36.64667,-20.04278,5.880,1.260,0.0
36.22458,-60.31194,5.350,0.390,43.5
35.71792,-73.64583,5.010,1.090,0.0
37.35417,55.53639,6.510,0.090,0.0
37.04167,29.66944,5.290,0.000,0.0
37.03958,8.46000,4.280,-0.060,33.3
37.00000,1.96083,6.450,0.970,0.0
37.20208,29.93194,5.890,0.580,0.0
36.74625,-47.70389,4.250,-0.140,0.0
36.35958,-66.49472,6.410,1.540,0.0
37.30667,23.46889,6.190,0.150,0.0
37.00708,-33.81111,5.140,0.100,66.7
37.39708,9.56583,6.070,1.020,0.0
37.56917,33.83389,6.250,1.070,0.0
37.14750,-31.10250,6.110,1.110,0.0
37.63500,25.23500,5.920,0.410,45.5
37.66000,19.85528,6.150,0.250,0.0
37.48083,-22.68278,6.770,0.190,0.0
37.72667,17.70389,6.230,0.900,0.0
37.68833,0.25528,6.000,0.170,0.0
37.55750,-25.18639,6.510,0.290,0.0
37.01833,-64.29972,6.370,-0.040,0.0
37.63667,-22.54556,6.100,1.610,0.0
38.02583,36.14722,5.150,1.470,0.0
37.87542,2.26722,5.250,1.270,24.4
38.21875,34.54250,5.830,1.070,0.0
38.03917,-1.03500,5.350,1.020,0.0
38.02167,-15.24472,4.750,0.450,28.6
38.22542,15.03472,6.040,0.540,0.0
38.06167,-36.42750,6.300,1.020,0.0
39.50833,72.81833,5.160,0.880,90.9
38.27917,-34.65000,5.900,1.060,0.0
38.41750,-20.00194,6.210,1.100,0.0
38.86625,39.66444,6.360,-0.100,0.0
39.40042,65.74556,5.780,1.560,0.0
38.91167,37.31222,5.710,1.390,0.0
38.46125,-28.23250,4.900,-0.050,0.0
38.94500,34.68750,5.350,1.660,62.5
38.76708,7.47139,6.180,1.060,0.0
38.67792,-7.85944,5.750,1.400,0.0
39.02042,6.88694,5.820,0.980,6.8
38.96875,5.59333,4.860,0.870,500.0
38.47750,-51.09361,6.240,0.520,0.0
39.23833,38.73278,5.900,0.480,0.0
39.17875,31.60750,6.100,1.050,0.0
39.26042,34.26389,5.300,1.550,125.0
39.00000,-7.83167,5.530,1.590,0.0
39.33667,39.89583,6.540,-0.120,0.0
39.27667,32.89194,6.250,0.480,0.0
38.39000,-62.58694,6.770,-0.060,0.0
39.15792,12.44750,5.680,0.490,28.6
39.24042,24.64833,7.090,0.500,55.6
39.25208,24.64750,6.500,0.410,55.6
39.14625,7.72972,5.810,1.040,0.0
39.03875,-30.04472,5.750,1.020,0.0
39.57417,37.72667,6.180,0.470,0.0
39.61583,38.08944,6.300,-0.030,0.0
39.50333,7.69528,6.390,0.440,0.0
39.42417,-3.39611,5.650,1.020,0.0
39.24417,-34.57833,5.790,0.660,17.9
39.70417,21.96139,5.430,0.160,76.9
41.94833,81.44833,5.780,1.300,76.9
39.65375,3.44306,6.210,1.000,0.0
37.91875,-79.10944,5.280,0.980,0.0
39.57792,-30.19417,5.830,0.480,0.0
39.35167,-52.54306,5.310,0.270,40.0
39.87083,0.32861,4.070,-0.220,0.0
39.60333,-37.99056,6.490,0.520,0.0
39.89083,-11.87222,4.840,0.450,13.9
40.17125,27.06083,5.300,0.090,500.0
40.06542,6.11194,6.250,0.400,0.0
40.05125,-9.45306,5.780,0.520,0.0
40.76167,55.10583,5.770,-0.130,0.0
40.01042,-30.63389,6.520,1.040,0.0
40.74875,53.52611,5.840,1.120,0.0
40.56208,40.19389,4.910,0.590,23.3
39.95000,-42.89167,4.750,0.060,35.7
40.30792,-0.69583,5.710,0.520,27.8
41.20708,67.82472,5.950,0.100,0.0
40.75792,48.26556,6.480,0.000,0.0
40.59167,20.01167,5.690,-0.020,0.0
40.16667,-39.85556,4.110,1.020,26.3
40.45125,-3.21333,6.050,1.170,0.0
40.39167,-14.54944,5.980,0.430,0.0
40.62042,10.74167,6.300,0.060,0.0
39.88208,-64.28194,6.550,-0.080,0.0
41.05000,49.22833,4.120,0.490,13.0
41.02167,44.29694,5.430,0.900,0.0
40.86292,27.70722,4.660,-0.130,0.0
40.16500,-54.55000,5.210,0.400,32.3
40.96333,25.63806,6.350,0.080,0.0
40.82500,3.23583,3.470,0.090,19.2
40.52750,-38.38389,6.010,0.920,0.0
39.89750,-68.26694,4.110,-0.060,0.0
40.53542,-46.52444,6.100,0.880,0.0
41.07958,17.76389,6.460,1.070,0.0
41.13708,15.31167,5.770,-0.010,0.0
40.63958,-50.80028,5.410,0.560,14.5
41.03083,-13.85861,4.250,-0.140,0.0
41.24000,12.44583,5.180,0.240,37.0
41.23542,10.11417,4.270,0.310,21.7
40.83458,-40.52750,6.360,-0.020,111.1
42.23125,69.63417,6.180,0.180,0.0
41.33708,4.71167,6.030,0.310,0.0
41.08542,-32.52500,6.220,0.040,0.0
41.27583,-18.57250,4.470,0.480,13.9
41.74292,35.98361,6.250,0.930,0.0
41.76458,35.55500,6.300,0.000,76.9
41.04458,-52.57056,6.150,0.090,0.0
41.31875,-46.28722,6.850,1.360,0.0
40.86083,-66.71444,6.260,0.530,100.0
41.97708,29.24722,4.510,1.110,37.0
42.37833,57.08417,6.250,0.890,0.0
41.68833,-21.63972,6.490,0.380,0.0
41.79667,-22.48556,6.470,0.390,0.0
42.13375,18.28361,5.820,1.200,0.0
42.99458,68.88861,5.800,0.640,100.0
42.19125,25.18806,5.860,-0.070,0.0
42.36292,37.32611,6.450,0.430,0.0
41.98333,-12.46056,6.900,1.560,0.0
41.36458,-63.70444,5.740,0.930,0.0
42.67417,55.89556,3.760,1.680,166.7
41.89042,-35.55083,6.510,0.960,0.0
42.32292,17.46417,5.220,-0.060,0.0
41.38583,-67.61667,4.840,0.060,111.1
42.49583,27.26056,3.630,-0.100,29.4
42.93958,58.31472,6.450,0.100,0.0
42.64625,38.31861,4.230,0.340,41.7
42.27250,-32.40583,4.460,0.990,38.5
42.92375,46.84194,5.880,0.890,0.0
42.87833,35.05972,4.530,1.560,250.0
42.46250,-24.56028,6.140,1.070,0.0
42.47583,-27.94167,5.390,0.020,40.0
43.21667,52.99778,6.360,0.070,0.0
42.87333,15.08194,5.490,-0.090,0.0
42.56167,-35.84361,5.920,0.900,0.0
43.33833,48.56944,6.260,1.180,0.0
42.75958,-21.00417,4.750,0.910,32.3
42.66833,-35.67611,5.470,1.250,58.8
42.25625,-62.80667,5.260,0.100,0.0
42.69958,-39.93167,6.360,0.050,0.0
43.56458,52.76250,3.950,0.740,52.6
43.42750,38.33750,5.330,0.410,90.9
43.29875,16.48333,6.310,0.000,0.0
43.13375,-12.76944,6.040,0.870,8.3
42.98042,-30.81444,6.400,0.480,0.0
43.21042,-9.44111,6.320,0.190,0.0
43.98708,61.52111,5.590,0.450,0.0
44.10333,64.33250,6.240,2.030,0.0
43.39708,-22.37639,5.950,1.040,0.0
43.39333,-38.43694,5.920,0.440,0.0
44.21083,51.26083,6.220,1.570,0.0
44.13917,47.16389,6.020,1.340,0.0
43.08000,-62.90972,6.030,1.250,0.0
43.95208,18.33167,5.910,1.470,71.4
43.47042,-49.89028,4.000,2.110,76.9
44.10875,18.02306,5.630,0.430,26.3
44.05750,8.38167,5.970,0.480,0.0
43.52708,-50.87139,6.210,1.580,0.0
42.61875,-75.06694,4.750,1.330,90.9
44.32208,31.93417,5.110,-0.010,333.3
44.10708,-8.89806,3.890,1.110,30.3
44.15583,-3.71222,5.170,0.080,38.5
44.50958,38.61500,6.040,1.410,0.0
44.26917,4.50111,6.110,1.690,0.0
44.52167,20.66861,5.800,0.410,33.3
44.69042,39.66278,4.700,0.060,111.1
43.58708,-64.43556,6.560,1.390,0.0
46.53250,79.41861,5.490,1.570,125.0
44.76542,35.18306,4.930,1.230,0.0
44.34875,-23.86194,5.450,0.230,34.5
44.30458,-29.85528,6.290,0.470,0.0
44.95792,47.22083,5.470,0.890,0.0
44.91625,41.03306,5.890,1.440,0.0
44.80292,21.34028,4.630,0.040,200.0
44.80292,21.34028,4.630,0.040,200.0
44.52375,-23.60611,5.840,1.330,0.0
45.21750,52.35167,5.280,-0.050,0.0
45.22250,52.35222,6.740,0.000,0.0
44.67500,-2.78250,5.230,0.000,62.5
44.38625,-38.19111,6.410,-0.030,0.0
45.04917,38.13167,6.110,-0.060,0.0
44.69750,-9.77639,6.140,0.220,0.0
44.92875,8.90750,4.700,-0.120,0.0
44.56542,-40.30472,3.240,0.140,28.6
44.56792,-40.30444,4.350,0.080,28.6
44.92167,-2.46500,5.560,-0.080,0.0
44.77750,-28.90694,6.140,1.040,0.0
44.90042,-25.27417,5.710,0.400,34.5
45.18375,10.87028,5.950,1.590,0.0
44.90958,-32.50722,6.310,0.000,0.0
45.21250,-2.87861,6.110,1.770,0.0
45.47542,26.46222,5.900,0.140,0.0
47.92833,81.47056,5.950,0.150,55.6
45.29167,-7.66278,5.750,1.050,0.0
45.46792,5.33611,6.250,1.050,0.0
44.69917,-64.07139,4.990,0.130,0.0
45.59375,4.35278,5.610,-0.100,0.0
45.57000,4.08972,2.530,1.640,111.1
45.48375,-9.96139,5.830,1.110,0.0
45.53875,-6.49472,6.190,0.600,0.0
45.40708,-28.09167,5.890,0.790,25.6
46.19917,53.50639,2.930,0.700,62.5
45.87625,28.26972,6.360,0.000,0.0
45.67625,-7.68528,5.320,0.940,0.0
46.38500,56.70583,4.760,1.020,200.0
45.59792,-23.62444,4.090,0.160,16.9
46.41625,56.06861,6.110,1.020,0.0
46.29417,38.84028,3.390,1.650,90.9
46.82917,64.05778,5.890,-0.030,0.0
46.33667,40.58250,6.050,1.010,0.0
46.16958,15.85611,6.490,0.000,0.0
46.06833,-7.60083,5.260,0.200,38.5
46.15875,1.86361,6.050,1.040,0.0
46.36125,25.25528,6.800,-0.020,250.0
46.36125,25.25528,7.000,0.000,250.0
45.73292,-46.97500,5.820,1.300,0.0
47.01625,52.21333,6.310,-0.010,0.0
46.59875,13.18722,5.620,1.080,0.0
47.98458,74.39361,4.870,0.020,31.2
46.94750,47.30833,6.410,0.120,0.0
45.90333,-59.73778,5.110,0.340,40.0
46.63958,-6.08861,5.270,1.600,0.0
47.04208,40.95556,2.120,-0.050,22.2
47.26667,49.61333,4.050,0.590,11.9
46.85708,17.88000,6.110,-0.120,0.0
45.56417,-71.90250,5.530,-0.140,9.7
47.08833,18.79500,6.270,1.580,31.2
47.37417,44.85722,3.800,0.980,30.3
47.16125,8.47083,6.280,1.060,0.0
46.96208,-27.83111,6.190,0.160,0.0
47.40292,29.07694,5.720,0.120,0.0
47.53667,27.82000,6.420,0.010,0.0
47.61250,26.89639,6.020,1.280,0.0
47.82250,39.61167,4.630,1.110,43.5
47.66208,11.87250,5.980,-0.060,0.0
48.11000,47.72583,6.330,1.430,0.0
48.04000,42.37611,6.150,-0.090,0.0
47.90750,19.72667,4.350,1.030,37.0
47.84125,13.04778,6.120,1.020,0.0
47.64750,-23.73833,6.380,0.930,0.0
48.05917,27.25694,5.790,-0.120,0.0
47.82833,-3.81167,6.050,1.660,0.0
48.35000,48.17694,5.900,0.970,0.0
47.82000,-16.02528,6.260,1.200,0.0
48.11000,6.66083,5.560,1.080,0.0
46.95500,-69.26556,6.150,1.020,0.0
47.61417,-48.73417,6.120,1.120,0.0
50.08208,77.73472,5.450,0.190,71.4
48.19333,-1.19611,5.060,0.570,17.5
48.01792,-28.98694,3.870,0.520,13.3
48.95000,57.14083,5.790,0.730,0.0
53.08375,84.91111,5.610,0.920,38.5
48.73625,42.50389,6.070,1.070,0.0
49.38167,65.65861,6.360,0.090,200.0
48.10750,-44.41972,5.930,0.440,40.0
49.05083,50.93778,5.030,1.150,100.0
48.25625,-35.94389,6.270,-0.080,0.0
48.83542,30.55667,5.520,0.010,0.0
48.72542,21.04444,4.890,-0.010,50.0
49.01958,45.34583,6.160,1.670,0.0
48.40833,-29.80417,6.160,1.050,0.0
48.94583,32.85639,6.310,0.370,0.0
49.00792,34.68861,6.250,0.280,0.0
48.13833,-57.32167,5.740,2.280,0.0
49.14625,32.18361,6.060,0.990,0.0
49.29750,40.48333,6.450,0.000,250.0
48.75083,-26.10028,6.250,0.040,0.0
46.88333,-78.98944,5.570,0.300,0.0
49.44750,44.02500,5.470,-0.060,0.0
49.00375,-5.91861,6.170,-0.020,25.6
48.95833,-8.81972,4.800,0.230,40.0
49.99750,65.65222,4.840,-0.150,111.1
49.44083,39.28333,5.960,0.070,0.0
49.65750,50.22222,5.150,-0.060,0.0
49.14875,-9.15444,6.140,0.400,0.0
49.78167,50.09500,5.030,-0.060,0.0
49.04708,-30.82750,6.650,-0.070,0.0
49.68250,34.22278,4.820,1.490,83.3
49.59333,-0.93028,5.380,1.040,58.8
49.51167,-28.79694,5.910,0.330,0.0
49.59208,-22.51139,4.880,0.900,35.7
49.98250,27.07111,5.900,0.860,0.0
49.84042,3.37028,4.830,0.680,9.3
49.67167,-18.55972,5.710,0.370,34.5
49.36083,-47.75167,5.850,1.240,0.0
50.08500,29.04833,4.470,1.550,0.0
50.10667,25.66278,6.120,1.240,0.0
50.46917,49.07083,5.930,0.430,66.7
50.36042,43.32944,4.950,0.040,38.5
49.87917,-21.75778,3.690,1.620,0.0
49.89500,-24.12306,5.610,1.660,0.0
50.30667,21.14694,5.280,-0.070,0.0
49.44250,-62.57528,5.540,0.640,10.3
50.27833,3.67556,5.690,0.970,0.0
49.98208,-43.06972,4.270,0.710,6.4
51.16875,64.58611,5.230,2.080,111.1
49.55375,-62.50639,5.240,0.600,11.0
50.80500,49.21333,5.290,-0.070,0.0
50.54958,27.60750,5.520,1.100,0.0
50.18833,-26.60639,6.390,0.540,0.0
49.49583,-66.92694,6.050,0.130,0.0
50.68833,20.74194,5.090,1.240,125.0
50.35000,-23.63528,5.520,0.880,0.0
51.08083,49.86111,1.790,0.480,62.5
50.56792,-25.58778,6.350,0.010,0.0
51.12375,33.53583,5.610,-0.030,0.0
51.45167,53.92167,6.510,0.290,0.0
50.38875,-47.77694,6.390,1.000,0.0
51.07708,24.72417,5.500,1.190,0.0
50.91292,4.88194,6.380,0.860,0.0
50.82417,-7.79417,6.200,0.700,29.4
48.99000,-77.38833,5.520,0.440,0.0
51.28917,41.25722,6.510,0.000,0.0
51.10875,20.80361,6.080,-0.040,0.0
51.04208,12.62944,6.040,1.230,0.0
51.48917,49.12083,6.090,-0.070,0.0
51.20333,9.02889,3.600,0.890,62.5
50.93583,-32.70722,6.500,1.370,0.0
52.58125,71.86389,6.320,1.800,0.0
52.09833,60.25556,6.490,0.020,166.7
52.01292,49.06278,4.980,-0.090,0.0
52.26708,59.94028,4.210,0.410,0.0
51.76333,18.75639,6.570,0.150,0.0
52.21833,49.84833,5.580,-0.040,0.0
51.79250,9.73278,3.740,-0.090,0.0
51.82792,12.73500,6.280,-0.020,0.0
52.47875,58.87861,4.540,0.560,0.0
52.08667,33.80750,5.610,0.020,0.0
51.48250,-35.92083,6.390,0.080,0.0
52.54708,59.36611,6.130,0.080,250.0
52.34208,49.50889,4.670,-0.090,55.6
51.59375,-27.31750,5.930,0.940,0.0
52.50083,55.45194,5.090,0.050,40.0
52.35917,46.93778,6.240,0.130,0.0
52.11083,22.80417,6.030,0.950,0.0
51.54875,-41.63694,6.320,0.060,0.0
52.00417,-11.28667,5.730,1.100,0.0
52.65417,48.10361,5.820,-0.040,0.0
52.64375,47.99528,4.360,1.350,250.0
51.01042,-69.62472,6.150,0.480,0.0
51.88917,-35.68139,5.710,1.290,0.0
53.80167,73.34694,6.570,0.030,0.0
52.87250,49.20972,6.290,0.090,0.0
52.04792,-35.85333,6.500,0.130,0.0
52.95458,49.40083,6.390,0.090,0.0
52.41292,-6.80500,5.990,1.020,0.0
52.60208,11.33639,5.140,-0.030,500.0
52.40000,-12.67472,5.590,0.170,0.0
53.03583,48.02361,5.470,-0.100,0.0
51.40083,-69.33639,5.960,0.420,0.0
52.83667,27.57194,5.960,0.000,111.1
52.71833,12.93667,4.110,1.120,0.0
52.68917,6.18861,5.940,0.960,0.0
53.38375,58.76500,6.400,0.140,111.1
53.10958,46.05694,5.310,0.400,32.3
52.65458,-5.07528,4.730,-0.090,0.0
53.42167,57.86889,6.370,0.510,0.0
53.16292,44.85556,6.410,0.030,0.0
53.41250,54.97472,5.980,0.110,0.0
53.16667,35.46167,5.900,-0.060,0.0
52.47917,-42.63417,5.780,0.220,0.0
52.55667,-41.37000,6.120,0.480,0.0
53.75333,60.04111,6.460,0.390,47.6
53.39625,39.89944,5.810,0.110,0.0
53.15000,9.37361,5.770,-0.080,0.0
54.85333,75.73972,6.270,0.970,0.0
52.65417,-47.37528,5.990,0.110,0.0
52.97458,-25.61417,6.380,0.120,0.0
52.34458,-62.93750,4.720,0.400,16.7
53.23250,-9.45833,3.730,0.880,3.3
53.53458,17.83278,6.170,0.890,45.5
53.61083,24.46444,5.920,0.130,166.7
54.12250,48.19278,4.230,-0.060,0.0
53.44708,-21.63278,4.270,-0.110,0.0
53.70500,6.41778,6.490,0.630,0.0
53.14500,-50.37861,5.680,1.100,0.0
53.65583,-9.86861,6.250,0.020,0.0
52.71500,-66.48972,5.830,-0.060,0.0
53.48667,-31.08028,6.200,0.480,41.7
54.58208,56.93278,6.300,-0.130,0.0
53.63958,-31.87472,6.400,1.400,0.0
53.21500,-61.01694,6.410,1.040,0.0
54.50083,42.58306,6.420,-0.060,0.0
53.99042,-11.19361,5.570,0.910,0.0
54.19708,0.58778,5.710,0.920,31.2
54.07250,-17.46694,5.230,-0.130,71.4
54.21833,0.40167,4.280,0.580,18.5
54.44917,15.43083,6.390,0.170,0.0
54.75042,20.91583,6.500,0.150,0.0
53.60292,-65.76444,6.750,0.170,0.0
55.53875,63.21667,5.100,1.630,500.0
54.27375,-40.27472,4.580,1.040,90.9
62.50625,86.62611,5.860,0.370,45.5
54.62167,-7.39167,5.850,0.980,0.0
52.49500,-78.35194,5.700,0.930,0.0
54.85708,16.53667,6.160,1.000,0.0
54.75458,-5.62611,5.960,0.920,35.7
55.67792,59.96944,5.760,1.710,0.0
55.28292,37.58000,5.570,-0.070,0.0
54.69875,-27.94306,6.010,-0.020,0.0
54.96292,3.05694,5.570,0.940,0.0
54.90958,-3.39306,6.230,1.040,0.0
54.85583,-10.43722,6.190,1.030,0.0
55.19292,25.32944,6.110,0.060,0.0
54.99792,-1.12056,6.120,1.000,0.0
55.04750,-15.22667,6.330,0.880,0.0
55.15958,-5.21056,5.530,-0.150,0.0
55.73125,47.78750,3.010,-0.130,62.5
55.59375,33.96500,4.970,-0.010,0.0
56.50375,67.20167,5.800,0.350,250.0
55.30750,-11.80306,6.490,0.360,0.0
55.57875,19.70028,5.690,-0.010,0.0
56.02667,48.52361,6.060,1.550,0.0
55.34333,-19.58472,6.590,0.090,0.0
56.50958,63.34500,4.800,0.800,0.0
56.17042,46.09972,6.110,0.280,0.0
56.07958,32.28833,3.830,0.050,43.5
55.94667,19.66500,6.140,1.010,0.0
56.13083,36.46000,5.590,0.060,0.0
55.56208,-31.93833,5.000,-0.160,0.0
56.29833,42.57861,3.770,0.420,50.0
55.81208,-9.76333,3.540,0.920,9.2
56.11708,20.92861,6.100,0.010,0.0
57.30750,70.87111,5.440,0.090,58.8
55.89083,-10.48556,5.600,0.220,0.0
56.20083,24.28944,5.460,-0.040,83.3
56.49708,45.68194,5.660,-0.070,0.0
56.21875,24.11333,3.700,-0.110,50.0
55.70875,-37.31361,4.590,1.200,35.7
56.29042,24.83917,5.640,-0.070,0.0
56.30208,24.46722,4.300,-0.110,0.0
56.12708,-1.16306,5.250,-0.100,0.0
56.88417,55.92250,6.100,-0.030,0.0
57.58958,71.33222,4.630,0.030,83.3
56.45667,24.36778,3.870,-0.070,0.0
56.23542,-0.29667,5.550,1.420,0.0
56.47667,24.55472,5.760,-0.040,0.0
56.51208,24.52806,6.430,-0.020,0.0
56.41833,6.05000,5.350,-0.120,0.0
54.12500,-78.32306,6.290,1.150,0.0
57.38000,65.52611,4.470,1.880,71.4
56.58167,23.94833,4.180,-0.060,0.0
56.02583,-40.66028,6.450,1.060,0.0
57.40292,63.29722,5.850,0.180,0.0
56.53958,6.80306,5.910,0.990,0.0
57.07625,50.73667,6.140,0.060,0.0
57.33167,57.11806,6.460,0.060,0.0
56.53542,-12.10167,4.420,1.630,0.0
56.96917,33.60000,6.570,0.080,200.0
56.95375,32.19500,6.250,0.470,0.0
56.87125,24.10500,2.870,-0.090,125.0
57.92417,68.50750,6.320,-0.080,0.0
56.21083,-48.06139,6.490,1.020,0.0
56.14083,-54.27389,6.300,1.040,0.0
56.31583,-47.35972,5.730,0.960,0.0
57.28417,43.96306,6.020,0.290,0.0
56.61417,-29.33806,5.900,0.120,0.0
57.08708,23.42111,5.450,-0.070,0.0
56.71208,-23.24972,4.230,0.420,16.9
57.06792,11.14333,5.070,-0.130,90.9
56.05000,-64.80694,3.850,1.130,23.8
57.51875,44.96778,5.660,0.760,0.0
57.38583,33.09139,5.110,0.070,0.0
57.29042,24.05333,3.630,-0.090,0.0
56.83375,-29.90194,6.550,0.490,0.0
57.29667,24.13667,5.090,-0.080,0.0
56.91500,-23.87472,5.240,0.070,71.4
57.16208,0.22778,5.910,1.230,0.0
57.43125,23.71167,6.170,-0.050,0.0
56.98333,-30.16778,5.540,0.980,125.0
57.47917,22.24444,6.070,-0.010,0.0
56.95667,-36.10583,6.210,-0.100,0.0
57.14917,-20.90306,5.810,1.640,0.0
57.57875,25.57944,5.260,0.210,55.6
57.14750,-37.62222,5.400,0.010,41.7
57.14958,-37.62056,4.730,-0.030,41.7
57.97375,34.35917,5.770,0.000,0.0
58.43042,57.97500,5.800,0.180,0.0
57.90250,22.03167,6.830,0.000,0.0
57.81583,13.04583,6.300,-0.070,0.0
57.36375,-36.20028,4.170,0.950,40.0
59.12583,71.82167,6.340,0.300,0.0
58.01792,31.16833,6.250,0.200,0.0
58.41125,48.65056,5.760,1.050,50.0
58.00083,6.53472,5.670,0.060,0.0
57.65667,-36.42528,6.860,-0.040,0.0
58.29167,17.32694,5.970,0.340,33.3
58.17333,-5.36139,5.480,-0.100,55.6
58.53292,31.88361,2.850,0.120,100.0
59.35625,63.07222,5.030,-0.090,0.0
59.28458,61.10889,5.000,1.450,66.7
58.30417,-18.43444,6.220,0.880,0.0
58.99250,47.87139,5.370,-0.080,0.0
56.80958,-74.23889,3.240,1.620,200.0
58.84583,31.04583,6.100,0.290,0.0
59.15208,50.69528,5.280,0.410,27.8
58.57250,-2.95278,6.140,0.090,250.0
58.57292,-2.95472,4.790,0.940,250.0
58.42750,-24.61250,4.650,-0.130,0.0
58.41208,-34.73222,5.110,-0.130,0.0
59.11958,35.08111,5.490,-0.030,0.0
58.38875,-46.89361,5.930,1.240,0.0
58.81792,-12.09917,6.000,0.320,0.0
59.21708,22.47806,5.630,0.300,33.3
58.59667,-40.35722,5.710,0.600,0.0
59.46333,40.01028,2.890,-0.180,111.1
59.26583,23.17556,6.060,0.020,0.0
59.36000,24.46194,6.160,1.370,0.0
59.51292,34.81444,6.530,0.230,0.0
59.25708,6.04000,6.090,0.060,0.0
59.15792,-9.75083,6.190,0.280,0.0
59.62125,38.84028,6.300,1.080,0.0
58.64167,-52.69056,6.460,0.160,0.0
59.74125,35.79111,4.040,0.010,0.0
59.91667,38.82056,6.380,0.100,200.0
62.51167,80.69861,5.100,0.560,200.0
59.50750,-13.50861,2.950,1.590,100.0
59.71792,-5.47000,5.830,1.000,0.0
59.91958,10.33083,6.370,0.420,0.0
60.31125,36.99000,6.410,-0.010,0.0
59.87542,-12.57417,5.600,1.480,0.0
59.01667,-63.46361,6.140,1.100,0.0
60.15375,17.29667,6.320,0.060,0.0
60.20333,18.19389,5.890,0.320,0.0
60.17000,12.49028,3.470,-0.120,500.0
59.98125,-24.01639,4.660,-0.130,66.7
61.51292,68.68000,5.870,1.540,0.0
61.11333,59.15556,5.060,0.500,0.0
60.44208,9.99778,5.670,0.020,0.0
60.38333,-1.54972,5.280,-0.150,0.0
59.67875,-57.10250,6.050,0.440,0.0
60.16958,-30.49083,5.930,0.040,0.0
59.68625,-61.40028,4.560,1.620,0.0
61.66250,65.52083,6.170,0.140,0.0
60.65292,-0.26889,5.380,0.500,17.5
60.06542,-51.56472,6.510,1.640,0.0
60.78917,5.98917,3.910,0.030,33.3
61.09042,24.10583,5.470,0.860,71.4
60.93583,5.43556,5.330,-0.080,0.0
60.98583,8.19722,5.460,0.370,33.3
61.65250,54.00861,6.310,0.990,0.0
61.17375,22.08194,4.360,1.070,76.9
61.04125,2.82694,5.360,0.500,50.0
60.85292,-20.14417,6.460,-0.180,0.0
60.90333,-20.15833,7.010,1.220,0.0
61.96292,62.33000,6.990,0.420,0.0
61.64583,50.35139,4.290,0.020,0.0
61.33417,22.00889,5.900,0.620,15.9
61.03625,-16.58889,6.390,1.260,0.0
60.22417,-62.15944,4.510,1.650,0.0
61.09458,-12.79250,5.610,1.080,0.0
60.32583,-61.07889,4.970,1.420,71.4
61.17083,-20.38167,6.130,1.160,0.0
61.65167,27.60000,5.200,-0.130,0.0
61.75208,29.00139,5.230,0.340,0.0
62.36500,59.90806,6.280,1.140,0.0
55.63375,-85.26222,6.410,-0.010,125.0
61.48542,-8.85611,6.260,0.060,0.0
62.16542,47.71250,4.040,-0.030,50.0
61.44458,-20.51222,6.340,0.920,0.0
61.40583,-27.65167,5.590,0.310,22.2
62.34333,54.82889,6.180,0.000,0.0
62.06375,37.72778,6.090,0.950,50.0
62.15250,38.03972,5.510,0.460,20.4
61.92500,15.16278,6.010,0.400,142.9
61.99750,17.33972,5.890,1.500,166.7
63.43708,72.12639,6.030,1.010,0.0
63.21500,68.50167,6.320,1.180,0.0
62.29167,19.60917,5.500,1.070,43.5
62.25667,13.39833,5.950,0.050,0.0
61.85458,-42.91694,6.590,0.930,0.0
62.74583,33.58667,5.720,1.440,0.0
62.70792,26.48083,5.410,0.340,0.0
62.32417,-16.38583,5.370,-0.150,0.0
67.05417,83.80778,5.570,-0.130,333.3
62.59375,-6.92389,5.440,0.940,0.0
62.14125,-45.86472,6.590,0.380,0.0
62.83458,5.52306,5.720,0.360,31.2
62.69875,-8.81972,5.700,1.060,0.0
61.84000,-64.22250,6.380,0.640,26.3
63.13083,17.27750,6.090,1.080,0.0
63.75750,57.46028,6.080,0.610,0.0
63.21333,22.41361,6.120,0.190,0.0
62.96625,-6.83750,4.040,0.330,30.3
62.69083,-35.27389,6.440,1.070,0.0
62.90083,-20.35611,5.790,0.180,0.0
63.49833,37.96694,6.450,0.000,0.0
62.71083,-41.99361,4.930,0.330,83.3
63.72458,48.40944,4.140,0.950,58.8
67.50042,83.34056,5.460,0.870,66.7
64.22333,61.85028,5.700,-0.140,0.0
63.72208,40.48361,4.710,1.010,250.0
63.39500,10.21222,6.230,0.050,0.0
63.38042,8.89056,6.510,0.160,0.0
63.38792,7.71611,5.290,0.360,33.3
63.45792,12.75333,6.250,1.160,0.0
63.48500,9.26361,4.840,0.800,34.5
63.40917,-1.14972,6.440,-0.130,0.0
64.28417,57.86056,5.710,1.090,0.0
64.17958,53.61194,5.190,0.050,90.9
63.65125,10.01111,5.220,-0.100,0.0
63.13167,-44.36833,6.710,1.480,0.0
66.76167,80.82417,5.430,1.170,71.4
63.59875,-10.25639,4.870,1.170,66.7
63.94292,15.40056,6.320,0.400,0.0
63.88375,8.89222,4.290,-0.060,0.0
63.85750,6.19972,6.930,0.700,0.0
63.87167,6.18667,6.310,0.590,0.0
63.39875,-40.35778,6.370,1.460,0.0
64.56083,50.29556,4.610,0.040,0.0
63.81792,-7.65278,4.430,0.820,4.8
63.50042,-42.29444,3.860,1.100,38.5
65.16792,65.14056,5.270,0.810,0.0
64.53417,42.14111,6.220,-0.080,0.0
64.31500,20.57861,4.940,0.260,0.0
64.80542,50.04889,5.450,0.220,0.0
64.59667,21.57917,5.650,0.280,0.0
64.33000,-6.47194,5.940,1.080,0.0
65.04792,50.92083,5.550,-0.010,0.0
64.60208,9.48667,6.540,0.160,0.0
65.44833,60.73556,5.390,1.490,0.0
63.60625,-62.47389,3.350,0.910,76.9
65.06000,41.80806,5.920,0.940,0.0
64.00667,-51.48667,4.250,0.300,16.4
64.85875,21.14222,5.350,-0.080,0.0
63.70292,-62.19194,5.450,1.100,166.7
64.90292,21.77361,5.380,-0.140,0.0
65.46583,56.50667,5.880,0.000,0.0
65.10250,34.56667,4.930,0.940,0.0
65.04167,31.95333,6.160,1.710,0.0
64.56625,-20.71556,6.000,1.670,0.0
64.94833,15.62750,3.650,0.990,35.7
64.47375,-33.79833,3.560,-0.120,0.0
65.08875,27.35083,4.950,1.150,0.0
64.90625,10.12139,6.310,1.430,0.0
65.38833,46.49889,4.850,-0.030,0.0
64.99042,14.03528,5.590,0.280,0.0
65.74125,59.61639,6.190,0.000,0.0
64.65583,-22.97028,6.070,0.300,0.0
65.10458,18.74250,6.120,0.370,0.0
64.12042,-59.30194,4.440,1.080,14.9
65.15125,15.09528,5.260,0.220,0.0
64.08792,-60.94861,6.370,0.070,66.7
65.22000,13.86417,6.170,0.460,0.0
64.76250,-33.90500,6.370,0.130,142.9
65.17167,6.13083,5.770,0.920,0.0
65.20417,9.22556,6.530,0.150,0.0
65.16125,-6.24556,6.270,0.910,0.0
65.17833,-7.59250,5.850,-0.130,0.0
64.81917,-44.26806,5.340,1.080,200.0
64.66667,-52.86000,6.090,0.490,0.0
65.36292,-0.09806,5.860,1.320,125.0
65.16250,-20.63972,5.380,-0.020,142.9
65.51458,14.07722,5.720,0.320,0.0
65.64542,25.62917,5.370,-0.050,0.0
65.59500,20.82139,5.910,1.660,66.7
65.89958,42.42806,6.230,0.000,500.0
64.41750,-63.25556,5.870,-0.070,0.0
65.73375,17.54250,3.760,0.980,47.6
65.38042,-25.72833,6.010,0.350,17.5
65.88500,20.98222,5.990,0.030,0.0
65.85417,16.77722,5.640,0.300,0.0
66.12167,34.13056,5.730,-0.060,0.0
65.99917,24.30111,6.360,0.170,0.0
66.15583,33.95972,5.760,0.400,200.0
66.02417,17.44389,4.800,0.150,58.8
65.96625,9.46083,5.120,0.070,0.0
66.75375,57.58528,6.320,0.040,0.0
65.92000,-3.74556,5.170,0.080,76.9
65.77375,-24.89222,5.830,1.510,0.0
66.23792,19.04167,5.980,0.370,0.0
65.78208,-35.54500,6.390,1.240,0.0
66.34208,22.29389,4.220,0.130,40.0
66.35417,22.19972,5.280,0.250,0.0
66.37250,17.92806,4.290,0.050,52.6
66.52625,31.43889,5.280,0.970,0.0
66.40542,15.94083,6.460,0.490,26.3
66.57708,22.81361,4.280,0.260,27.8
66.00917,-34.01694,3.960,1.490,0.0
66.58667,15.61833,4.490,0.250,142.9
65.47208,-63.38639,5.240,0.960,62.5
66.65167,14.71361,4.690,0.980,71.4
66.58792,8.59028,6.060,0.020,0.0
66.23500,-34.75778,6.550,0.440,0.0
66.82292,22.99639,5.530,-0.100,0.0
66.75292,2.07944,6.230,1.090,0.0
68.37792,72.52861,5.940,0.300,0.0
66.87000,11.21250,5.880,0.050,333.3
67.00333,21.62000,5.720,0.270,0.0
66.32958,-44.16083,6.390,0.440,0.0
66.05083,-57.07139,6.290,0.660,23.8
67.21625,30.36139,6.400,0.520,62.5
67.11000,16.35972,4.970,1.130,0.0
67.09750,14.74083,5.900,0.320,0.0
67.15417,19.18028,3.530,1.010,50.0
66.73750,-24.08139,6.110,0.140,52.6
67.14375,15.96222,3.840,0.950,26.3
67.16542,15.87083,3.400,0.180,34.5
67.01500,1.85861,6.150,1.020,0.0
67.20917,13.04750,5.030,0.230,0.0
67.13375,1.38083,5.550,-0.100,0.0
66.27208,-61.23833,5.940,1.540,0.0
68.00750,53.91083,5.770,0.180,166.7
66.77500,-46.94750,6.100,0.460,31.2
67.65958,32.45806,6.210,-0.040,0.0
67.42875,10.52167,6.790,0.090,0.0
67.16250,-19.45833,5.960,1.220,0.0
67.53583,15.63806,5.580,0.320,32.3
67.27875,-13.04833,5.600,-0.230,0.0
67.85000,40.01028,6.260,0.040,0.0
67.51000,10.26250,6.480,1.030,0.0
64.49625,-80.21389,5.690,0.840,0.0
67.64042,16.19389,4.780,0.170,18.9
67.66208,15.69194,5.480,0.260,0.0
67.03917,-41.96000,6.440,1.640,0.0
67.65542,13.72444,5.400,0.260,0.0
67.54042,-13.59222,6.240,1.000,0.0
67.96583,15.85167,6.020,0.340,0.0
67.33333,-46.51528,6.160,1.060,0.0
68.35375,43.06389,6.090,0.380,0.0
66.94125,-62.52083,5.750,1.010,0.0
68.02000,5.41000,6.390,0.420,0.0
67.96958,-0.04389,4.910,1.320,0.0
67.85792,-13.64500,6.210,0.120,0.0
67.66792,-35.65361,5.960,1.000,0.0
69.10083,64.26167,5.940,-0.030,0.0
68.15583,-3.20917,5.810,-0.140,0.0
68.38708,18.01667,6.250,0.070,500.0
67.70875,-44.95389,5.070,-0.190,0.0
68.46208,14.84444,4.650,0.250,38.5
68.65833,28.96111,5.880,-0.060,0.0
68.45042,9.41306,6.010,1.060,0.0
68.34167,-10.78583,6.060,1.380,0.0
68.53458,5.56861,5.680,0.050,0.0
68.47833,-6.73889,5.720,-0.130,0.0
68.55917,-6.83778,6.090,1.380,0.0
68.54833,-8.23139,5.110,1.700,166.7
68.54875,-8.97028,5.260,1.470,100.0
68.37750,-29.76667,4.510,0.980,35.7
69.17250,41.26472,4.250,1.220,62.5
68.92792,19.88167,6.360,0.000,0.0
65.24125,-81.58000,5.790,0.350,0.0
68.98000,16.50917,0.850,1.540,20.8
68.91375,10.16083,4.250,0.180,27.8
69.12167,23.34083,6.020,0.380,0.0
68.80833,-9.73667,6.370,0.110,0.0
68.75208,-19.92056,6.130,1.170,0.0
69.00667,-3.61194,6.330,-0.100,0.0
69.07958,-3.35250,3.930,-0.210,0.0
68.88750,-30.56222,3.820,0.980,0.0
68.49917,-55.04500,3.270,-0.100,55.6
69.99208,53.47306,5.350,0.320,52.6
69.97792,53.07972,5.050,1.070,0.0
71.50125,76.61111,6.490,0.510,66.7
69.30708,0.99833,5.310,-0.120,0.0
69.62333,26.94000,6.470,0.000,47.6
69.56583,20.68472,5.920,-0.050,0.0
69.53917,16.03333,5.790,0.310,0.0
69.53958,12.51083,4.270,0.120,41.7
69.40042,-2.47333,5.230,0.280,29.4
68.39167,-62.82361,5.790,1.040,0.0
69.21208,-30.71667,6.300,-0.100,0.0
69.84625,25.21833,6.220,0.160,0.0
69.78833,15.79972,5.070,0.150,47.6
69.81875,15.91806,4.690,0.150,50.0
69.77583,7.87083,5.390,0.260,0.0
69.54500,-14.30389,3.870,1.090,22.7
70.35042,48.30083,5.670,-0.020,0.0
69.72333,-12.12306,5.010,0.070,35.7
70.01417,12.19778,5.460,-0.120,0.0
65.71208,-82.89917,6.760,0.200,0.0
70.82542,59.52083,6.500,0.000,200.0
69.83208,-14.35917,5.450,1.060,142.9
69.94667,-1.05278,6.100,0.940,0.0
70.45958,38.28028,5.990,0.570,45.5
70.33250,28.61500,5.780,-0.030,0.0
72.20958,75.94111,6.060,0.280,47.6
69.19000,-62.07750,5.400,1.580,0.0
70.84000,49.97389,5.870,0.020,0.0
70.72625,43.36500,5.290,0.000,55.6
70.02833,-24.48250,5.580,0.920,0.0
70.11042,-19.67167,4.320,1.610,125.0
70.56125,22.95694,4.280,-0.130,58.8
69.76792,-51.67278,6.440,1.320,0.0
70.80750,24.08889,6.130,0.540,0.0
71.05375,40.78694,6.080,0.060,0.0
70.95125,32.86528,6.450,0.000,0.0
70.14042,-41.86389,4.450,0.340,22.2
70.51458,-37.14444,5.050,0.370,17.2
70.07625,-58.94361,6.530,0.680,15.6
70.89417,-8.79361,6.820,0.390,125.0
70.89625,-8.79611,6.700,0.920,125.0
71.10750,11.14611,5.400,0.250,0.0
71.02208,-8.50361,5.900,-0.110,0.0
70.78875,-30.76556,5.680,1.410,0.0
72.65167,70.94167,6.370,-0.080,0.0
72.00125,56.75722,5.300,0.250,76.9
71.42708,23.62806,6.350,0.060,0.0
71.03333,-18.66667,5.530,0.020,0.0
71.68500,40.31278,5.970,0.930,0.0
72.02917,55.60250,6.260,0.000,0.0
70.69333,-50.48139,5.310,0.980,0.0
71.57000,18.73500,6.010,1.210,0.0
70.93417,-41.06472,6.250,1.460,0.0
71.50708,11.70556,5.370,0.190,200.0
71.37542,-3.25472,4.020,-0.150,0.0
71.26750,-21.28361,5.720,1.470,0.0
71.60042,-2.95444,6.330,0.040,0.0
75.08625,81.19389,5.070,1.280,50.0
71.45667,-34.00500,6.860,0.000,0.0
71.60750,-28.08750,6.190,0.190,0.0
71.48083,-39.35667,6.050,1.070,0.0
73.02167,63.50528,5.440,1.570,0.0
72.32917,32.58833,5.860,0.240,0.0
72.30333,31.43722,5.580,1.120,0.0
71.08792,-59.73278,5.270,0.200,41.7
69.59042,-77.65611,6.050,1.100,0.0
71.90125,-16.93444,5.510,0.630,12.7
72.47750,37.48833,4.880,1.440,40.0
72.18583,3.58833,6.030,1.190,0.0
72.78875,48.74083,5.660,0.990,0.0
72.15125,-5.67389,5.780,0.620,26.3
72.43375,15.90417,6.080,1.600,0.0
72.13542,-16.32944,5.770,0.550,0.0
71.95667,-30.02028,6.370,1.070,0.0
71.24125,-63.22972,6.460,1.080,0.0
70.76625,-70.93111,5.540,-0.120,0.0
73.51250,66.34278,4.290,0.030,0.0
72.46000,6.96139,3.190,0.450,8.0
72.65292,8.90028,4.360,0.010,27.8
72.42583,-13.76972,6.260,0.440,0.0
73.29083,52.84083,6.410,0.000,0.0
72.84375,18.83972,5.100,0.210,45.5
72.14083,-43.98000,6.720,0.950,0.0
72.54833,-16.21722,5.030,0.980,43.5
73.19917,42.58667,5.710,0.110,0.0
73.15833,36.70306,4.780,1.410,0.0
72.80167,5.60500,3.690,-0.170,0.0
72.93083,9.97500,6.110,0.080,0.0
73.19625,27.89750,5.970,0.370,0.0
73.76292,55.25917,5.520,0.040,0.0
73.13333,14.25056,4.740,1.840,250.0
72.56750,-41.32083,6.070,0.370,0.0
73.71375,44.06083,6.080,-0.020,0.0
72.86750,-34.90639,5.860,0.080,0.0
73.22375,-5.45278,4.390,0.250,76.9
74.02958,52.86944,5.750,0.110,0.0
73.34500,2.50806,5.330,1.640,100.0
72.73000,-53.46139,5.610,0.330,0.0
72.73458,-53.45972,6.420,0.000,0.0
73.48250,1.56944,6.610,0.040,0.0
73.74292,19.48528,6.370,0.290,0.0
73.56292,2.44056,3.720,-0.180,333.3
74.32167,53.75222,4.470,-0.020,0.0
73.69542,11.42611,5.190,0.120,0.0
73.72417,10.15083,4.650,0.090,0.0
73.69917,7.77917,5.330,1.220,0.0
75.58375,74.26917,6.060,1.570,0.0
74.08292,36.16889,6.070,0.410,0.0
73.71125,0.46750,5.990,-0.120,0.0
74.06500,24.59222,6.370,0.330,0.0
73.95958,15.04000,5.810,-0.080,0.0
74.24833,33.16611,2.690,1.530,47.6
73.99333,5.39917,6.500,0.020,0.0
73.77833,-16.74056,5.700,0.960,0.0
74.09292,13.51444,4.070,1.150,52.6
73.82750,-16.41778,5.720,0.880,0.0
74.10083,-5.17139,5.510,-0.130,0.0
73.87583,-25.72778,6.720,0.270,0.0
73.72833,-39.62861,6.100,1.420,0.0
74.34292,17.15361,5.480,1.310,0.0
74.45292,23.94861,5.790,1.110,0.0
76.05417,73.76389,6.660,0.000,0.0
74.94292,53.15556,6.080,1.460,0.0
76.16583,74.06694,5.960,0.000,100.0
74.53917,25.05028,5.810,0.000,0.0
74.32167,-1.06722,6.230,0.420,0.0
74.81417,37.89028,4.940,0.040,200.0
75.39958,61.07806,6.030,0.410,0.0
75.71000,66.82278,6.190,0.480,29.4
74.43667,-14.23139,6.150,-0.210,0.0
74.54500,-2.21250,6.350,0.100,0.0
73.72083,-58.54722,6.120,0.440,0.0
73.37708,-66.67556,6.410,1.630,0.0
75.07625,39.39472,5.950,0.410,47.6
74.74750,14.54278,6.090,0.040,0.0
74.63708,1.71417,4.470,1.400,55.6
75.09667,39.65500,6.580,0.000,0.0
75.85458,60.44222,4.030,0.920,111.1
74.75542,-16.37583,5.660,0.430,35.7
75.49208,43.82333,2.990,0.540,142.9
73.27292,-72.40750,6.280,0.520,0.0
74.90208,-14.80583,7.710,5.740,0.0
74.96000,-10.26333,5.380,0.800,0.0
75.13583,3.61528,7.030,0.000,0.0
75.14125,3.61611,6.660,-0.070,0.0
74.98250,-12.53750,4.790,0.260,45.5
75.61958,41.07583,3.750,1.220,200.0
75.16583,-2.06556,6.320,0.280,0.0
75.20417,-5.75333,6.220,1.060,9.1
75.82750,41.44167,6.140,0.160,0.0
82.95000,85.93861,6.510,0.320,0.0
75.35958,-7.17389,4.810,-0.190,0.0
75.45958,0.72222,5.920,1.270,0.0
75.50000,1.60889,6.240,-0.040,76.9
75.77375,21.59000,4.640,0.160,52.6
75.35667,-20.05194,4.910,-0.050,0.0
76.53542,58.97250,5.080,-0.080,0.0
76.55083,59.02111,6.080,1.120,0.0
76.62375,61.17000,6.040,1.370,0.0
75.68958,-4.20972,5.850,1.210,0.0
76.06042,30.49472,6.140,1.210,0.0
76.15375,32.32028,6.620,0.270,0.0
75.54083,-26.27500,5.020,1.070,142.9
73.79667,-74.93694,5.470,1.520,38.5
76.59167,54.40583,7.240,0.000,0.0
75.39375,-39.71806,6.030,0.880,0.0
76.15792,27.69611,6.600,0.240,0.0
76.09000,21.27806,6.190,1.320,0.0
75.68708,-22.79500,5.750,1.200,0.0
75.59500,-31.77139,5.940,1.170,0.0
77.40292,69.63944,6.410,1.110,142.9
76.66917,51.59778,5.000,0.330,19.2
76.14208,15.40417,4.680,-0.060,55.6
76.50375,35.93639,6.520,0.160,0.0
75.96667,-14.36944,6.410,-0.180,0.0
76.62875,41.23444,3.170,-0.180,45.5
76.38375,19.80639,6.440,0.210,125.0
78.09333,73.94667,5.430,-0.120,41.7
76.70667,43.17472,6.200,0.430,0.0
75.97208,-24.38778,5.610,0.100,0.0
76.22708,-3.03972,6.050,-0.110,0.0
77.43542,64.91944,6.410,0.400,41.7
76.34875,1.17750,6.170,3.450,0.0
75.70250,-49.15139,5.380,0.420,18.2
78.64833,76.47278,6.370,-0.020,0.0
75.97500,-41.74500,6.310,0.530,0.0
76.10167,-35.48333,4.550,1.200,76.9
76.10875,-35.70528,6.340,0.300,0.0
76.36542,-22.37111,3.190,1.460,90.9
76.31750,-26.15250,5.730,1.170,0.0
76.86250,18.64500,5.000,0.650,16.4
76.69042,-4.65500,5.120,-0.060,41.7
76.95167,20.41833,5.300,0.090,142.9
77.02750,24.26528,5.500,0.060,0.0
76.98125,21.70472,5.890,0.190,0.0
76.65292,-13.12194,6.050,-0.060,0.0
76.90958,9.47194,6.170,0.620,30.3
76.24167,-49.57778,5.030,1.490,111.1
76.97042,8.49833,5.340,0.330,250.0
76.85417,-12.49056,5.970,0.600,0.0
76.96250,-5.08639,2.790,0.130,20.0
76.25250,-54.40750,6.270,1.540,0.0
77.67875,46.96222,5.680,0.420,37.0
77.57875,37.30194,6.020,0.720,500.0
77.43792,28.03056,6.010,0.270,125.0
77.08417,-8.66500,5.780,-0.060,0.0
77.33167,9.82944,5.430,0.240,90.9
77.18167,-4.45611,5.120,0.440,20.0
76.37750,-57.47278,4.720,0.520,11.8
78.26333,61.85000,6.170,0.020,0.0
77.42500,15.59722,4.820,0.320,250.0
75.67917,-71.31444,5.310,1.000,76.9
78.38042,62.69139,6.500,0.210,0.0
77.28667,-8.75417,4.270,-0.190,0.0
77.06167,-35.71833,6.520,1.080,0.0
77.51333,-0.56528,6.100,1.100,0.0
75.05500,-78.30028,6.290,1.510,0.0
79.55542,73.26806,5.740,0.000,0.0
77.92333,16.04556,5.180,1.490,0.0
77.74167,-2.25389,6.250,0.980,0.0
80.63958,79.23111,5.050,0.470,18.5
77.83000,-2.49083,5.900,0.460,0.0
78.79708,59.40556,6.150,1.180,0.0
78.35708,38.48444,4.860,0.180,43.5
77.92250,0.51472,6.670,-0.070,0.0
77.93875,1.03694,5.890,0.660,500.0
78.68458,53.21389,6.200,0.070,0.0
77.84500,-11.84917,5.680,1.460,0.0
77.68542,-25.90944,6.410,1.250,0.0
76.89167,-63.39972,5.200,1.650,55.6
78.07458,-11.86917,4.450,-0.100,0.0
78.20083,-6.05722,5.910,0.960,0.0
78.32292,2.86111,4.460,1.190,0.0
77.89958,-37.39528,6.570,1.620,0.0
76.53875,-73.03778,6.270,-0.010,0.0
78.38167,1.96806,6.090,0.420,250.0
78.23292,-16.20556,3.310,-0.110,43.5
78.44667,0.56028,6.320,1.460,0.0
78.38875,-8.14778,6.370,-0.130,0.0
78.30792,-12.94139,4.360,-0.100,29.4
78.85167,32.68778,5.020,0.230,142.9
79.32417,53.58611,6.500,1.660,0.0
79.17250,45.99806,0.080,0.800,13.7
78.68375,5.15611,5.500,1.370,0.0
78.49958,-14.60667,6.210,0.370,0.0
78.86542,22.28472,6.270,0.080,0.0
79.07583,34.31194,5.960,0.220,0.0
78.63458,-8.20167,0.120,-0.030,76.9
85.95292,85.66806,6.600,0.000,0.0
78.44375,-35.82556,6.980,1.470,0.0
74.71208,-82.47056,5.850,0.930,0.0
78.82667,-1.40917,6.150,0.390,0.0
79.01708,11.34139,5.560,-0.040,0.0
79.86583,58.11722,6.130,-0.030,0.0
80.09417,62.65361,5.610,1.750,0.0
78.62000,-35.97722,5.760,1.010,0.0
79.56625,42.79222,5.480,1.650,142.9
78.85125,-26.94333,5.070,-0.100,0.0
79.17125,1.94722,6.420,-0.020,0.0
79.66833,40.46500,6.180,1.370,0.0
79.54458,33.37167,4.540,1.270,71.4
78.47208,-52.03111,6.050,1.390,0.0
79.57875,33.76722,6.140,-0.060,0.0
79.78542,40.09917,4.710,0.630,15.2
78.94583,-34.92667,6.660,0.150,0.0
79.20042,-17.14167,6.560,-0.160,0.0
79.75000,33.74833,5.410,-0.190,0.0
80.00958,44.42556,6.620,0.000,0.0
79.84833,33.98556,6.490,0.240,0.0
79.40167,-6.84444,3.600,-0.110,166.7
80.16375,46.96389,6.540,0.600,0.0
79.41750,-13.51972,5.500,0.930,0.0
80.06167,41.08611,5.520,0.110,90.9
79.81917,22.09639,4.940,0.930,100.0
80.00375,33.95806,5.030,0.270,0.0
79.81125,20.13472,6.080,1.010,66.7
78.91208,-52.18194,6.490,1.210,0.0
79.37125,-34.89528,4.830,1.000,55.6
78.43917,-67.18528,4.830,1.280,0.0
82.35708,77.97750,6.560,0.140,0.0
79.79667,2.59583,5.340,0.410,45.5
79.71000,-18.13000,5.960,0.580,15.4
79.89667,-1.41222,6.340,-0.110,0.0
80.45167,41.80444,5.230,-0.150,0.0
80.24708,27.95722,6.330,0.040,0.0
80.86583,57.54444,5.280,-0.030,43.5
80.30292,29.57000,5.760,0.060,0.0
79.82292,-18.52000,6.360,-0.160,0.0
79.82625,-18.50972,6.540,-0.110,0.0
80.23583,19.81417,6.180,1.230,0.0
79.89375,-13.17667,4.290,-0.260,0.0
79.99625,-12.31556,5.300,-0.120,0.0
79.84875,-27.36889,5.990,-0.040,0.0
80.11000,-5.36667,6.390,-0.030,0.0
80.70958,41.02944,5.540,0.120,0.0
80.33042,4.01194,6.570,-0.090,0.0
80.11208,-21.23944,4.710,-0.050,500.0
80.43167,8.42861,5.800,-0.130,0.0
80.38250,-0.41639,5.680,-0.120,0.0
80.44042,-0.38250,4.730,-0.170,0.0
80.08583,-34.69889,6.340,0.330,0.0
79.84208,-50.60611,5.450,0.510,43.5
80.84542,28.93667,6.460,-0.040,0.0
80.46250,-13.75611,6.560,-0.090,0.0
80.70833,3.54444,5.000,-0.150,0.0
80.44250,-24.77306,5.060,0.670,250.0
80.32042,-34.34528,6.090,-0.190,0.0
81.16333,37.38556,4.990,1.420,333.3
80.90708,16.69944,6.080,0.140,0.0
81.15958,31.22389,6.280,1.240,0.0
81.16042,31.14306,5.940,0.040,0.0
80.87958,5.32250,6.350,0.120,0.0
80.82708,-8.41583,5.900,-0.030,76.9
81.30417,34.85528,6.550,1.110,0.0
81.10583,17.38333,4.990,0.530,14.9
80.92625,-0.15972,5.700,-0.210,0.0
80.96417,-0.86722,6.110,0.500,47.6
80.87583,-13.92722,5.250,-0.210,0.0
80.98667,-7.80806,4.140,0.960,90.9
80.80000,-26.70583,6.490,0.500,0.0
81.15083,2.35278,6.320,-0.150,0.0
81.12042,-0.89139,5.080,0.960,47.6
81.11917,-2.39694,3.360,-0.170,142.9
81.18667,1.84639,4.950,-0.200,0.0
81.28292,6.34972,1.640,-0.220,34.5
81.57292,28.60750,1.650,-0.130,35.7
81.11833,-16.97611,5.650,0.000,0.0
80.85000,-39.67861,5.710,1.620,0.0
81.72625,35.45722,6.150,1.450,0.0
81.70375,34.39167,5.940,0.140,0.0
81.71375,33.26278,6.150,1.150,0.0
80.91250,-37.33667,6.820,1.040,0.0
81.52375,16.70028,6.250,-0.080,0.0
81.25667,-10.32917,5.610,1.560,0.0
81.38000,-0.54417,6.570,-0.050,500.0
80.59208,-56.13444,6.110,-0.100,0.0
82.54250,63.06722,5.420,1.710,0.0
81.44583,0.52083,6.160,-0.180,0.0
81.78458,30.20861,5.740,0.160,0.0
81.91208,34.47583,5.070,1.400,111.1
81.51000,-5.51833,6.230,-0.060,0.0
81.66167,6.86917,6.420,-0.020,0.0
81.79208,17.96222,5.420,-0.100,0.0
81.80750,15.25778,6.160,0.080,0.0
81.90875,21.93694,4.880,-0.150,0.0
81.70917,3.09556,4.590,-0.210,0.0
81.49917,-19.69556,5.890,0.400,0.0
81.23167,-44.22583,6.080,1.200,0.0
81.94000,15.87417,5.500,0.010,0.0
78.10708,-81.54167,6.510,1.110,0.0
82.00667,17.23889,5.770,1.630,0.0
81.77000,-11.90083,6.350,0.510,0.0
81.19250,-52.31639,6.270,0.070,250.0
82.14500,13.67889,6.350,0.150,0.0
82.00667,1.29833,6.410,-0.180,0.0
82.31875,25.15056,5.470,-0.040,71.4
82.41917,29.18639,6.240,0.450,0.0
81.90208,-21.37556,6.070,1.040,0.0
82.70250,41.46194,6.000,1.110,0.0
82.68792,39.82583,6.370,0.970,0.0
82.23625,-3.30750,6.390,-0.010,333.3
81.77208,-40.94361,5.870,0.230,0.0
83.14083,57.22111,6.480,0.570,83.3
82.06125,-20.75944,2.840,0.820,50.0
82.34833,-3.44639,5.790,1.150,0.0
82.68083,22.46250,6.290,1.180,0.0
82.60875,15.36028,5.940,0.140,0.0
82.47833,1.78917,5.780,-0.200,0.0
82.43333,-1.09222,4.710,1.570,166.7
82.06375,-37.23056,5.570,0.020,0.0
81.58042,-58.91250,5.140,1.000,83.3
82.58250,4.20417,6.210,1.270,0.0
82.27792,-30.11667,6.750,1.060,0.0
82.69625,5.94806,4.200,-0.140,200.0
82.58625,-7.43472,6.330,-0.190,0.0
82.81042,3.29222,5.460,-0.180,0.0
83.18208,32.19194,4.760,0.340,0.0
84.93208,75.04389,6.170,1.570,0.0
83.05333,18.59444,4.380,2.070,500.0
83.36958,42.10889,6.550,-0.020,0.0
83.05917,17.05806,5.460,-0.040,111.1
82.83708,-6.70833,6.220,-0.170,0.0
82.78167,-20.86361,5.550,0.000,62.5
83.36458,32.80111,6.480,0.090,0.0
83.00208,-0.28444,6.850,-0.160,71.4
83.00167,-0.29917,2.230,-0.220,71.4
84.31750,66.69611,6.260,0.000,0.0
83.40833,34.72583,6.270,0.150,0.0
82.98250,-7.30139,4.620,-0.260,0.0
82.53958,-47.07778,5.460,0.620,0.0
84.31292,64.15472,6.150,0.010,142.9
83.38167,18.54028,5.690,0.010,0.0
81.75000,-68.62278,6.030,0.340,83.3
83.41167,20.47417,6.180,-0.070,0.0
83.17208,-1.59194,5.350,-0.190,0.0
82.80292,-35.47056,3.870,1.140,125.0
83.28000,-1.71833,6.460,-0.090,500.0
83.47625,14.30556,5.640,-0.140,0.0
83.18250,-17.82222,2.580,0.210,142.9
84.14667,54.42889,5.730,1.630,0.0
82.32250,-62.31444,6.590,1.530,0.0
83.38083,-1.15611,5.340,-0.180,0.0
84.06625,47.71528,6.110,0.260,0.0
82.90042,-45.92528,5.860,1.350,0.0
83.49000,1.40778,6.590,-0.170,0.0
83.56958,3.76694,5.360,0.050,71.4
83.51625,-1.03556,6.220,-0.170,0.0
83.51667,-1.47056,5.930,1.550,0.0
83.86292,24.03944,5.380,-0.090,0.0
83.70500,9.48944,4.410,-0.160,0.0
83.21375,-38.51306,5.480,1.220,0.0
83.98125,27.66222,6.270,1.540,0.0
83.78458,9.93417,3.540,-0.180,142.9
83.78542,9.93500,5.610,0.040,142.9
83.28083,-35.13972,5.780,1.070,0.0
82.56625,-63.92778,6.190,0.220,0.0
83.80583,10.24000,5.600,0.120,0.0
84.21833,40.18222,6.090,1.030,0.0
90.33417,85.18222,6.110,1.570,0.0
83.75375,-6.00917,5.670,-0.230,200.0
83.76125,-6.00194,4.780,-0.250,200.0
83.46708,-29.84889,6.530,-0.020,0.0
84.12583,25.93944,6.490,0.430,0.0
83.84083,-4.49333,6.560,-0.130,0.0
83.84375,-4.42528,6.240,-0.150,0.0
83.84667,-4.83833,4.590,-0.190,166.7
83.81625,-5.38722,6.730,0.020,0.0
83.81708,-5.38528,7.960,0.240,0.0
83.81875,-5.38972,5.130,0.020,0.0
83.82208,-5.38778,6.700,0.090,0.0
83.84542,-5.41611,5.080,-0.090,0.0
83.87958,-4.36472,6.380,-0.140,0.0
83.85833,-5.91000,2.770,-0.240,40.0
83.89917,-3.25278,6.400,-0.120,0.0
83.91458,-4.85583,5.260,0.240,38.5
84.28667,26.92417,5.830,-0.070,142.9
84.05333,-1.20194,1.700,-0.190,0.0
84.44042,33.55917,6.330,1.310,0.0
84.26583,17.04028,5.540,0.220,34.5
84.06250,-5.64806,6.540,-0.180,0.0
84.22625,9.29056,4.090,0.950,33.3
84.26833,11.03500,5.940,1.580,0.0
83.81417,-33.08000,5.780,1.120,0.0
84.41125,21.14250,3.000,-0.190,125.0
84.14875,-6.06500,5.720,-0.220,0.0
83.43500,-54.90222,6.430,0.550,0.0
84.33042,8.95194,6.120,-0.170,0.0
84.65875,30.49250,5.400,0.450,200.0
84.04292,-28.70778,6.260,0.130,0.0
85.61000,65.69778,5.600,1.240,0.0
83.24833,-64.22750,5.340,1.040,100.0
84.36417,-5.93833,6.050,-0.220,0.0
84.28667,-11.77556,6.110,0.050,0.0
84.50458,7.54139,5.880,-0.070,0.0
84.73917,26.61778,6.370,0.000,0.0
83.40625,-62.48972,3.760,0.820,83.3
84.47250,-4.81361,6.190,-0.040,0.0
84.82667,29.21528,5.960,0.160,0.0
85.33458,53.48111,6.230,0.840,12.3
84.31875,-27.87139,6.160,0.340,0.0
84.01125,-47.31389,6.110,1.160,0.0
84.93417,25.89694,5.180,-0.150,0.0
84.86250,21.76278,6.340,0.060,0.0
83.76000,-58.87111,6.750,1.450,0.0
84.68667,-2.60000,3.810,-0.240,142.9
84.69625,-2.59417,6.650,-0.190,142.9
84.65750,-6.57389,5.960,-0.230,0.0
84.79625,4.12139,4.570,-0.110,0.0
84.43583,-28.68944,5.310,0.460,21.3
83.74000,-61.17583,6.320,0.850,0.0
84.72125,-7.21306,4.800,0.130,23.8
85.14958,31.35806,6.040,0.040,0.0
85.17542,31.92083,6.110,2.120,0.0
84.88000,-3.56472,6.000,0.270,0.0
85.75667,56.58167,6.050,0.950,0.0
84.87833,-9.70667,6.500,-0.100,0.0
86.03583,61.47667,6.150,0.900,0.0
84.81792,-17.84944,6.380,-0.120,0.0
85.33750,29.48750,6.430,-0.110,0.0
85.32375,16.53389,4.860,-0.130,71.4
84.68167,-40.70750,5.820,-0.090,0.0
85.18958,-1.94278,2.050,-0.210,41.7
85.19000,-1.94278,4.210,0.000,41.7
85.15542,-2.82500,6.220,-0.200,0.0
85.47750,23.32639,6.590,-0.060,0.0
85.21083,-1.12889,4.950,-0.210,0.0
82.97042,-76.34111,5.190,1.130,50.0
85.51625,22.66028,6.360,0.000,0.0
85.27333,0.33778,5.930,0.300,0.0
84.91208,-34.07417,2.640,-0.120,0.0
85.19167,-10.40944,6.520,-0.160,0.0
84.95750,-32.62917,5.450,0.920,0.0
85.41792,-2.89611,6.420,0.300,0.0
84.22792,-66.56028,6.310,-0.070,0.0
85.83125,23.20417,6.210,-0.060,0.0
85.42292,-16.72556,6.210,-0.130,0.0
85.61917,1.47472,4.910,1.170,66.7
83.68625,-73.74139,5.780,1.710,0.0
85.55958,-17.53028,6.150,1.380,0.0
85.36250,-33.40056,6.340,-0.040,0.0
85.72417,-6.79611,6.020,0.400,52.6
85.55792,-22.37361,5.870,0.110,0.0
86.62667,56.11556,5.940,0.170,0.0
85.78875,-1.61306,6.310,1.470,0.0
86.47500,49.82639,5.470,0.030,52.6
85.54833,-30.53556,6.190,0.010,0.0
85.56292,-34.66778,5.290,-0.050,0.0
86.45625,40.50722,6.580,0.250,0.0
85.84000,-18.55750,5.730,-0.010,0.0
87.27042,62.80806,6.130,0.000,100.0
86.41417,20.69500,6.950,3.030,0.0
86.25792,4.00806,6.090,0.310,0.0
86.81125,42.52667,6.290,1.350,0.0
86.11833,-20.12639,6.340,0.580,0.0
85.87583,-39.40694,6.250,0.370,0.0
86.11042,-22.42167,6.150,0.940,7.8
86.11583,-22.44833,3.600,0.470,7.8
85.92125,-45.83306,6.390,0.290,0.0
86.68958,15.82250,6.000,-0.060,0.0
86.51167,-4.26833,6.340,1.050,0.0
86.71708,9.52222,5.790,0.880,0.0
86.64583,1.16806,5.950,0.780,37.0
86.80500,14.48833,5.720,0.040,47.6
86.85917,17.72917,5.490,0.300,0.0
83.90125,-78.82083,6.050,-0.020,0.0
87.64167,56.91889,6.540,0.000,0.0
86.92875,13.89972,5.290,-0.170,0.0
88.23125,68.47139,6.200,0.950,250.0
87.29375,39.18111,4.520,0.940,142.9
86.49958,-32.30639,5.170,-0.280,0.0
87.09333,20.86944,6.070,-0.080,0.0
86.73875,-14.82194,3.550,0.100,20.4
87.00083,6.45417,5.270,0.230,43.5
86.78167,-16.23778,6.170,0.890,0.0
86.86125,-10.53306,6.030,0.160,0.0
87.25417,24.56750,4.860,1.010,200.0
87.73500,51.51472,6.290,1.050,0.0
86.93917,-9.66972,2.060,-0.170,66.7
86.76958,-28.63917,6.220,-0.150,0.0
88.07250,58.96417,6.140,-0.040,0.0
87.14542,-4.09472,5.970,0.640,0.0
86.61417,-46.59722,5.310,1.040,55.6
86.82750,-35.67472,6.320,1.180,0.0
87.38708,12.65111,4.910,-0.070,0.0
87.76000,37.30556,4.740,1.620,0.0
87.87250,39.14861,3.970,1.130,58.8
87.74208,27.96778,5.560,0.970,0.0
87.51083,9.87111,5.800,0.870,0.0
86.19333,-65.73556,4.350,0.210,37.0
87.62042,14.30556,5.520,1.010,0.0
86.99208,-40.65250,6.610,1.120,0.0
87.85708,32.12500,6.250,1.750,0.0
87.55458,4.42333,5.970,1.360,0.0
86.82125,-51.06639,3.850,0.170,16.4
87.40208,-14.48361,5.490,0.880,111.1
84.29083,-80.46917,5.650,0.600,22.7
86.80417,-54.36083,6.180,1.400,0.0
87.62500,2.02444,5.980,0.910,0.0
88.16458,39.57444,6.450,0.090,0.0
87.47292,-22.97167,5.870,0.060,0.0
88.74083,59.88833,5.200,0.020,111.1
88.16708,33.91750,5.980,1.600,0.0
88.71167,55.70694,4.990,0.050,83.3
88.09750,19.86806,6.060,0.540,0.0
87.84167,-7.51806,5.350,-0.200,0.0
87.39208,-44.87528,6.380,1.270,0.0
88.09292,14.17167,5.590,-0.050,0.0
88.33167,27.61222,4.580,-0.020,47.6
87.83042,-20.87917,3.810,0.990,45.5
87.86917,-22.92611,6.170,1.020,0.0
88.11000,1.85500,4.780,1.380,200.0
88.32958,20.29917,6.710,-0.070,0.0
88.03167,-9.04139,5.970,0.100,0.0
87.74000,-35.76833,3.120,1.160,43.5
89.39583,66.09611,6.250,1.360,0.0
87.45708,-56.16667,4.510,1.100,55.6
87.99792,-29.44861,6.450,1.480,0.0
87.61917,-52.76778,6.350,0.760,0.0
89.06000,51.80389,6.490,0.000,0.0
88.74583,31.70167,5.900,0.140,43.5
88.59542,20.27611,4.410,0.590,9.6
88.55583,10.58694,6.120,1.470,0.0
87.72167,-52.10889,5.170,0.990,43.5
88.63417,11.76250,6.590,0.030,0.0
88.56542,3.22528,6.310,1.290,0.0
88.73625,19.74972,5.920,-0.170,0.0
88.13833,-37.63111,5.630,1.040,0.0
89.27042,49.02944,6.470,0.990,0.0
88.19875,-38.52583,6.700,1.080,333.3
88.27875,-33.80139,4.870,-0.150,28.6
88.68375,0.96833,6.000,1.340,0.0
88.64458,-4.06389,6.570,-0.180,0.0
82.55792,-84.78500,6.200,-0.020,0.0
88.48917,-19.63833,6.690,0.100,0.0
88.79292,7.40694,0.500,1.850,200.0
86.95042,-72.70222,6.530,1.080,0.0
88.95542,20.17500,5.400,0.990,0.0
87.47333,-66.90111,5.110,-0.140,83.3
88.68167,-11.77389,5.660,1.530,0.0
89.14083,28.94222,6.320,0.300,0.0
89.01458,13.92528,6.600,0.650,21.3
88.55875,-29.14778,6.360,0.370,0.0
88.34542,-42.92139,6.550,1.370,0.0
88.87625,-4.61639,5.870,1.180,0.0
88.89750,-4.78833,6.280,0.060,0.0
88.08458,-57.15611,5.940,0.660,0.0
87.84583,-64.03361,6.360,0.860,0.0
89.23375,24.24972,6.020,0.390,0.0
89.11667,9.50972,5.990,-0.070,0.0
89.20625,11.52111,5.870,1.100,0.0
89.88167,54.28472,3.720,1.000,45.5
91.28875,75.58583,6.400,0.000,0.0
89.94042,55.32083,6.440,0.310,0.0
89.95042,54.54722,6.140,1.200,0.0
89.84083,49.92444,5.890,1.230,0.0
88.71875,-39.95806,5.570,1.510,0.0
88.54458,-50.36194,6.520,0.900,29.4
89.49875,25.95389,4.820,-0.060,0.0
89.10125,-14.16778,3.710,0.330,15.2
89.05958,-22.84028,5.960,1.110,0.0
88.87458,-37.12083,4.970,1.110,0.0
89.88208,44.94750,1.900,0.030,24.4
88.67125,-49.62694,6.100,-0.130,0.0
89.14375,-23.21556,6.360,1.070,0.0
89.98375,45.93694,4.260,1.720,333.3
89.08708,-31.38250,5.500,0.000,0.0
89.47583,1.22444,6.220,1.480,0.0
88.70917,-52.63528,5.290,0.310,29.4
89.93042,37.21250,2.620,-0.080,45.5
90.07917,44.59194,6.220,0.000,0.0
89.54875,-0.99417,6.220,1.140,0.0
89.20417,-31.97611,6.440,1.070,0.0
89.72167,12.80861,5.700,0.890,166.7
89.60167,1.83694,5.900,0.210,0.0
90.24417,47.90194,5.730,-0.010,0.0
88.52542,-63.09000,4.650,1.050,20.8
89.70667,0.55306,5.220,0.010,250.0
88.54958,-64.48222,6.630,0.380,0.0
90.42958,48.95944,5.960,1.450,0.0
89.38417,-35.28333,4.360,-0.180,0.0
89.75417,-9.38222,6.120,0.290,0.0
89.76792,-9.55833,5.030,0.190,100.0
89.90708,-1.44444,6.630,-0.070,0.0
90.29250,31.03472,5.980,0.080,0.0
90.25167,27.57222,6.050,0.250,0.0
90.70292,49.90556,6.050,-0.060,0.0
90.01417,-3.07417,4.530,1.220,45.5
89.31000,-53.42611,6.450,1.480,0.0
90.72333,43.37861,6.420,0.000,0.0
90.42333,22.40083,6.370,-0.070,0.0
89.65667,-44.03444,5.810,1.070,0.0
90.07375,-12.89972,6.220,0.360,0.0
90.82500,42.91167,6.100,0.970,71.4
89.78667,-42.81528,3.960,1.140,52.6
91.28458,59.39306,6.340,1.100,0.0
90.72958,32.63583,6.240,0.420,35.7
91.12125,51.57333,6.450,0.180,0.0
90.59583,9.64750,4.120,0.160,35.7
87.56958,-79.36139,5.470,-0.080,0.0
91.66333,63.45361,6.390,0.000,0.0
90.57125,1.69444,6.590,-0.050,0.0
90.46000,-10.59806,4.950,-0.120,333.3
90.30458,-25.41778,6.050,0.020,0.0
90.86375,19.69056,5.140,-0.110,0.0
90.31833,-33.91167,5.550,1.580,0.0
91.26417,42.98167,5.870,0.300,0.0
90.85292,11.68083,6.080,-0.040,0.0
91.03000,23.26333,4.160,0.820,32.3
90.98000,20.13833,4.630,0.280,40.0
90.64083,-14.49722,6.200,0.960,0.0
91.26083,37.96417,6.340,0.000,0.0
90.20500,-51.21639,5.670,0.200,0.0
91.39167,33.59917,6.230,-0.080,0.0
90.81458,-26.28444,5.040,1.340,0.0
91.53542,35.38750,6.120,0.600,21.7
91.05625,-6.70917,5.210,-0.060,0.0
91.64625,38.48278,5.360,0.250,250.0
91.24250,5.42000,5.670,1.040,0.0
91.24333,4.15861,5.630,1.040,0.0
91.59375,29.51250,6.080,1.730,0.0
91.86208,41.85417,6.120,1.220,0.0
91.24625,-16.48444,4.930,0.240,31.2
91.08458,-32.17250,5.650,-0.190,0.0
91.36250,-10.24278,5.870,0.370,0.0
90.53833,-60.09694,6.450,1.580,0.0
92.49625,58.93583,5.360,1.090,90.9
92.09583,41.05556,6.360,1.050,0.0
91.66125,-4.19389,5.380,-0.130,0.0
91.53875,-14.93528,4.670,0.050,83.3
91.44042,-24.19556,6.950,1.630,0.0
91.11833,-45.03667,6.350,0.520,23.8
91.16750,-45.07889,5.930,0.490,30.3
91.89292,14.76833,4.420,-0.170,0.0
91.36292,-35.51361,5.800,0.020,0.0
91.71625,-11.17361,6.660,-0.150,0.0
91.19542,-48.45861,6.580,0.720,52.6
91.63333,-23.11056,5.470,0.080,71.4
91.52292,-29.75861,5.810,0.050,0.0
93.21292,65.71833,5.320,1.340,250.0
91.74000,-21.81278,5.780,1.640,0.0
92.19667,8.67000,6.550,-0.070,0.0
91.92333,-19.16583,5.310,1.680,0.0
92.38500,22.19000,5.930,1.630,0.0
91.76542,-34.31194,5.830,-0.130,0.0
91.67083,-42.29861,6.120,0.250,0.0
92.94167,52.64722,6.300,0.140,0.0
92.43333,23.11333,5.750,0.210,0.0
92.24125,2.49944,5.730,0.070,0.0
92.90208,48.71306,6.820,0.000,100.0
92.90250,48.71111,6.090,0.100,100.0
91.88167,-37.25306,5.020,-0.110,0.0
91.75792,-45.09139,6.510,1.160,0.0
92.40083,-5.71111,6.170,0.340,0.0
92.24125,-22.42750,5.500,-0.010,83.3
91.97042,-42.15389,5.500,0.000,62.5
92.33458,-18.12611,6.350,-0.030,0.0
92.39292,-14.58417,5.560,1.160,0.0
92.75750,18.12944,6.330,1.350,0.0
92.88458,24.42028,5.800,1.110,0.0
92.44958,-22.77417,5.710,0.440,52.6
92.14417,-44.35611,6.270,-0.150,0.0
93.43875,51.17250,6.040,1.060,0.0
93.08375,32.69333,5.780,1.660,0.0
92.96417,21.86861,6.560,2.250,0.0
92.86625,13.63861,6.040,0.000,0.0
92.44667,-26.70083,6.270,1.010,0.0
93.00542,19.79056,5.750,-0.070,0.0
91.53917,-66.03972,5.710,-0.030,0.0
92.75542,-6.75417,6.150,0.010,0.0
91.76417,-62.15472,5.050,1.250,76.9
93.07958,22.90833,6.390,2.240,333.3
93.01375,16.13056,4.950,-0.140,0.0
92.98500,14.20889,4.480,-0.180,0.0
92.64417,-27.15417,5.720,1.070,0.0
93.91917,59.99917,5.350,1.340,0.0
92.93208,-4.66556,6.180,-0.080,0.0
92.54292,-40.35361,5.580,1.680,0.0
92.34708,-49.56278,6.490,0.520,0.0
92.96583,-6.55028,5.050,-0.200,0.0
92.80625,-26.48222,6.090,-0.040,0.0
93.38917,18.68028,6.580,-0.080,0.0
93.30250,10.62750,6.450,0.670,18.2
94.71167,69.31972,4.800,0.030,125.0
93.18500,-2.50444,6.620,0.050,0.0
92.66625,-45.28194,6.310,-0.030,0.0
92.57458,-54.96861,4.810,-0.230,0.0
93.19292,-17.76306,6.520,-0.170,0.0
93.61917,17.90639,5.880,0.220,0.0
94.47833,61.51528,4.980,1.830,166.7
93.71917,22.50667,3.280,1.600,71.4
93.91250,36.14861,6.920,0.450,0.0
93.47625,-3.74139,5.830,0.940,0.0
93.84458,29.49806,4.350,1.020,55.6
93.71208,19.15639,5.200,0.440,24.4
92.18417,-68.84333,5.060,-0.080,0.0
93.78542,13.85111,5.910,-0.230,0.0
93.85458,16.14306,5.300,-0.140,0.0
93.65292,-4.56833,5.830,-0.170,0.0
93.43792,-23.86194,6.390,0.720,0.0
93.38875,-29.39611,6.540,-0.100,0.0
93.71375,-6.27472,3.980,1.320,76.9
94.39458,46.42417,6.520,0.270,0.0
93.93750,12.55111,5.330,-0.020,0.0
94.07917,23.97000,6.080,0.900,0.0
93.91708,6.06611,6.070,-0.130,0.0
93.94583,4.28361,6.640,-0.170,0.0
93.89292,-0.51222,5.650,0.500,27.8
93.87375,-4.91528,5.990,0.090,0.0
94.09917,17.18139,6.390,1.580,0.0
93.97500,1.16917,6.370,0.460,0.0
93.85833,-9.03528,6.100,-0.080,0.0
94.90583,59.01083,4.480,0.010,28.6
94.57042,46.36056,6.380,1.110,0.0
94.24458,23.74083,6.250,0.450,0.0
94.11083,12.27222,5.040,0.420,24.4
93.78500,-20.27222,5.910,1.320,0.0
93.82292,-18.47667,5.990,1.060,0.0
93.93708,-13.71833,5.010,-0.080,0.0
92.81250,-65.58944,5.010,1.620,111.1
94.08833,1.08028,6.630,-0.050,0.0
94.27750,9.94250,5.390,0.100,76.9
94.24333,7.05306,6.570,-0.120,0.0
94.03208,-16.61778,5.920,-0.170,0.0
94.38875,14.05833,6.590,-0.030,0.0
94.31708,5.10028,5.710,0.610,20.0
93.98833,-29.78833,6.670,1.550,0.0
94.52333,14.38278,6.160,0.010,0.0
94.26458,-22.71500,6.070,0.560,55.6
94.39667,-10.72528,6.750,0.350,0.0
94.13792,-35.14056,4.370,1.000,40.0
95.51500,59.37222,5.940,0.000,200.0
94.75750,17.32500,6.320,-0.070,0.0
94.66875,9.04722,6.240,0.870,0.0
94.42375,-16.81583,5.140,1.300,58.8
92.56000,-74.75306,5.090,0.720,8.7
94.14833,-39.26444,6.000,0.160,0.0
94.25500,-37.73750,5.530,1.140,0.0
95.44208,53.45222,5.360,0.430,45.5
94.28958,-37.25306,5.870,0.140,0.0
94.55708,-19.96694,5.520,-0.180,0.0
94.71083,-9.39028,5.360,1.240,0.0
94.70333,-15.02472,6.060,1.660,0.0
95.01750,14.65111,5.690,1.610,0.0
94.78292,-8.58639,6.220,-0.040,0.0
94.74583,-20.92611,5.810,-0.150,0.0
95.30042,29.54111,6.430,0.060,0.0
94.92833,-7.82306,5.270,-0.190,0.0
94.07708,-59.21361,6.430,0.590,23.3
94.99833,-2.94444,4.900,1.600,0.0
95.21792,11.75639,6.540,-0.100,0.0
95.35792,17.76361,6.350,0.000,0.0
94.46542,-52.73306,6.410,1.460,0.0
94.92083,-34.39667,5.780,-0.080,0.0
95.35750,2.26861,6.310,0.240,83.3
94.69500,-50.35917,7.040,0.830,0.0
95.07833,-30.06333,3.020,-0.190,250.0
93.77458,-71.70278,6.640,0.560,0.0
95.35292,-11.77333,5.640,-0.020,0.0
97.06083,70.53556,5.970,0.000,0.0
95.74000,22.51361,2.880,1.640,50.0
95.65208,12.57000,6.000,0.000,0.0
95.15125,-34.14389,5.530,-0.190,0.0
96.22458,49.28806,4.910,1.970,142.9
95.02542,-48.74111,6.600,0.660,24.4
96.60750,56.28500,5.640,0.240,43.5
95.82708,3.76444,6.400,-0.150,0.0
96.70375,58.41722,5.210,1.530,200.0
95.67500,-17.95583,1.980,-0.230,52.6
95.84458,-4.68722,6.670,0.060,0.0
95.52833,-33.43639,3.850,0.880,52.6
96.21917,29.70722,6.710,-0.060,0.0
95.94208,4.59278,4.440,0.180,40.0
95.94375,4.59556,6.720,0.450,40.0
96.00958,8.88472,6.260,-0.080,0.0
95.90000,-9.87444,6.190,1.840,0.0
96.22042,16.05694,6.330,1.080,0.0
95.94167,-15.07167,6.240,1.530,0.0
96.38708,23.32694,6.060,-0.030,0.0
96.04292,-11.53028,5.220,1.240,62.5
95.94833,-19.78528,6.600,-0.150,333.3
95.81000,-31.79000,6.340,0.890,0.0
96.36708,14.72194,6.240,2.340,0.0
96.08542,-12.96250,6.120,-0.080,0.0
96.30458,7.08583,5.980,1.220,200.0
95.98292,-25.57778,5.630,1.560,0.0
96.32667,1.50111,6.660,-0.040,0.0
96.31833,-0.94611,5.870,0.560,37.0
96.96292,47.40528,6.560,-0.040,0.0
96.44417,2.27222,6.510,-0.030,0.0
96.00417,-36.70778,5.620,1.040,0.0
96.44625,-3.88917,6.350,1.020,0.0
96.18292,-28.78000,6.390,0.620,0.0
96.89792,32.56306,6.430,1.260,0.0
95.73250,-56.37000,5.610,0.240,0.0
96.49500,-7.89417,6.400,0.140,0.0
95.90708,-52.18111,5.980,1.040,0.0
96.18542,-40.28417,6.310,-0.050,0.0
96.66500,-1.50722,5.870,0.080,0.0
96.64375,-4.59722,6.150,-0.140,0.0
95.98792,-52.69583,-0.720,0.150,35.7
96.74458,0.84083,6.710,0.040,0.0
96.68708,-7.51139,6.270,-0.040,0.0
96.37458,-35.06389,6.250,1.360,0.0
96.98583,20.49611,6.220,0.010,0.0
97.69667,58.16278,5.880,0.940,40.0
97.14208,30.49306,5.550,0.680,200.0
96.83500,2.90806,5.550,1.040,0.0
96.80750,0.29917,5.200,1.180,200.0
96.81500,-0.27611,5.550,1.380,0.0
95.94542,-58.54389,6.480,0.120,0.0
95.75542,-63.68306,6.270,1.600,0.0
97.51250,46.68556,5.900,1.440,58.8
97.23583,26.96778,6.470,0.000,0.0
97.11667,16.23833,6.230,0.900,0.0
96.20083,-52.80639,6.510,1.700,0.0
97.07833,10.30389,6.150,1.150,0.0
97.24083,20.21222,4.150,-0.130,111.1
96.99000,-4.76222,5.060,-0.170,0.0
96.05708,-60.28111,5.800,0.000,0.0
100.07000,79.59944,6.540,0.000,0.0
97.07000,1.91222,6.480,-0.070,0.0
96.43167,-48.17722,5.760,-0.060,333.3
96.79667,-25.85667,6.070,0.530,22.2
101.12583,82.11528,6.650,0.170,0.0
97.25000,11.01944,6.590,0.000,0.0
95.65917,-69.98417,5.560,1.510,0.0
96.78125,-37.89556,6.480,0.390,0.0
96.10958,-63.42889,6.460,0.660,0.0
97.31208,2.64611,6.160,1.540,0.0
97.20417,-7.03278,4.600,-0.100,47.6
97.20625,-7.03444,5.400,-0.070,47.6
97.20625,-7.03444,5.600,0.000,47.6
97.15542,-17.46611,5.770,1.120,0.0
96.23167,-63.82778,6.270,-0.130,0.0
97.04208,-32.58000,4.480,-0.170,76.9
97.52292,9.02917,6.570,0.140,0.0
100.12000,77.99583,5.730,1.470,55.6
97.16333,-32.37111,5.740,-0.170,166.7
99.47875,73.69556,6.240,0.380,25.6
97.79208,16.93861,6.200,1.160,0.0
97.54708,-10.08139,5.930,1.380,0.0
97.17625,-41.07444,6.320,0.400,0.0
96.76667,-58.00222,5.820,1.280,0.0
97.78958,11.25083,6.140,-0.080,111.1
97.90583,15.90333,6.400,0.000,0.0
98.11333,32.45472,5.870,0.140,0.0
97.64458,-13.14806,6.160,-0.150,0.0
97.91333,11.79222,6.650,-0.120,0.0
97.95125,11.54444,5.230,0.150,100.0
98.63667,55.35306,6.450,0.000,0.0
96.36917,-69.69028,5.380,0.970,142.9
98.09708,11.67361,6.030,1.070,0.0
97.84583,-12.39167,5.150,1.270,45.5
97.69292,-27.76944,5.930,-0.150,0.0
97.95875,-8.15806,5.430,1.380,0.0
98.08000,4.85583,5.840,0.990,0.0
98.42792,33.02417,6.420,0.030,0.0
97.45458,-50.23917,5.270,0.410,37.0
98.22583,7.33306,4.500,0.000,142.9
98.09625,-5.86889,5.600,0.250,0.0
97.96375,-23.41833,4.330,-0.240,0.0
97.80417,-35.25917,5.840,0.810,0.0
97.36875,-56.85278,5.220,1.090,100.0
97.74917,-40.91639,6.200,1.400,0.0
98.40042,14.15528,5.530,1.110,0.0
98.19542,-11.16639,6.240,1.110,0.0
97.89583,-36.94000,6.340,1.630,0.0
99.42250,61.48111,5.940,0.890,37.0
98.40792,-1.22028,5.100,-0.140,0.0
100.13417,71.74889,5.920,1.190,0.0
98.16250,-32.03056,5.690,-0.170,0.0
98.80042,28.02222,5.270,-0.030,0.0
98.08875,-37.69667,5.240,1.000,62.5
97.82625,-51.82611,5.600,0.540,0.0
101.55875,79.56472,5.450,0.500,20.4
99.41042,56.85750,5.850,0.000,0.0
98.36083,-20.92389,6.400,0.830,0.0
98.69333,7.57250,6.450,-0.020,0.0
99.13708,38.44528,5.290,2.610,200.0
98.82333,9.98833,5.880,1.510,0.0
98.29292,-38.62528,6.440,1.000,0.0
97.51250,-65.56833,6.290,0.330,0.0
98.81583,0.89000,5.800,0.000,0.0
97.79417,-61.87972,6.150,-0.150,0.0
98.45625,-36.23222,5.420,1.440,33.3
97.99333,-58.75417,5.700,-0.060,0.0
99.00000,4.49750,6.550,-0.060,0.0
98.76417,-22.96472,4.540,-0.050,40.0
98.64708,-32.71639,5.620,-0.080,0.0
98.35875,-52.32889,6.190,1.090,0.0
99.36333,24.59083,6.440,0.100,0.0
99.14708,-5.21111,5.520,-0.080,0.0
99.66458,39.39083,5.690,1.350,0.0
99.70500,39.90250,5.200,-0.070,0.0
99.42792,16.39917,1.930,0.000,30.3
99.35042,6.13528,6.060,0.050,0.0
99.09500,-18.66000,5.700,0.850,0.0
98.85042,-36.78000,5.590,-0.140,90.9
99.59583,28.98417,5.790,0.000,0.0
99.40375,10.85306,6.380,0.000,0.0
99.83292,42.48889,4.790,1.230,250.0
99.19458,-13.32083,5.970,1.560,0.0
99.17083,-19.25583,3.950,1.060,17.2
99.41792,2.70417,6.170,1.080,0.0
98.97500,-36.08889,6.350,0.480,35.7
99.46958,4.95722,6.150,0.140,0.0
99.17042,-22.61500,6.350,-0.110,83.3
99.99167,44.01389,6.410,0.000,0.0
98.74417,-52.97556,4.390,-0.020,0.0
99.77208,22.03083,6.040,1.030,0.0
99.42042,-12.98500,6.120,1.000,0.0
99.88792,28.26306,6.030,-0.080,500.0
99.88083,24.60000,6.380,0.530,0.0
99.58542,-2.54361,6.140,1.480,0.0
99.70625,4.70056,6.570,-0.070,0.0
99.65875,1.61361,6.210,0.150,0.0
99.47250,-18.23750,4.430,1.150,76.9
99.25792,-38.14667,6.040,1.030,0.0
99.21375,-41.55694,6.340,1.150,0.0
99.30750,-36.99056,5.710,-0.120,0.0
99.44833,-32.33972,5.270,1.180,58.8
99.64750,-16.87361,6.030,0.030,0.0
99.94833,12.98306,5.970,0.060,0.0
99.81958,-14.14583,4.820,1.500,0.0
99.44042,-43.19611,3.170,-0.110,0.0
100.40708,35.93194,6.460,0.490,0.0
100.33750,28.19639,6.420,1.090,0.0
100.13250,6.37167,6.510,-0.140,0.0
99.90125,-23.69556,6.050,-0.030,0.0
100.24458,9.89556,4.660,-0.250,0.0
100.34083,16.39750,6.280,-0.010,0.0
100.32167,11.00333,6.110,1.680,0.0
100.77083,44.52444,5.020,1.480,52.6
99.92792,-30.47028,5.710,1.140,52.6
100.27250,0.49528,5.790,-0.100,0.0
99.65667,-48.22028,4.930,0.870,83.3
101.04833,53.29639,6.270,1.080,0.0
100.80750,37.14694,6.190,1.030,0.0
99.98708,-38.15889,6.580,1.180,0.0
100.60125,17.64528,5.210,0.060,0.0
100.49708,6.34500,6.370,-0.050,0.0
99.50250,-61.53306,6.180,0.620,0.0
100.48500,-9.16722,5.190,1.530,32.3
101.55875,59.44167,4.870,0.080,90.9
101.05250,36.10972,6.310,0.060,0.0
100.98292,25.13111,2.980,1.400,58.8
100.77708,3.03333,6.190,1.370,0.0
100.30875,-40.34972,6.120,-0.140,0.0
100.20542,-47.67472,6.650,1.580,0.0
101.70625,57.16917,5.350,0.960,0.0
100.99708,13.22778,4.490,1.160,142.9
100.91125,3.93222,5.900,-0.020,0.0
101.18958,28.97083,5.440,1.450,0.0
100.69083,-22.44917,6.130,0.340,0.0
100.56833,-38.39861,6.290,0.340,333.3
101.68458,43.57750,5.250,0.560,14.7
101.32250,12.89556,3.360,0.430,18.2
102.05375,55.70444,6.330,0.000,31.2
102.05125,55.70444,6.280,0.470,31.2
101.91500,48.78944,5.220,1.120,0.0
100.84708,-39.19333,6.300,0.260,0.0
101.47583,12.69361,6.460,0.000,0.0
102.73792,67.57194,5.140,-0.170,100.0
101.28708,-16.71611,-1.460,0.000,2.7
101.11833,-31.07056,5.200,-0.120,0.0
101.21625,-27.34139,6.450,0.540,16.1
101.63500,8.58722,5.930,-0.170,0.0
101.34708,-23.46194,6.050,1.200,0.0
101.26000,-30.58611,6.540,-0.110,0.0
101.49708,-14.79611,5.320,0.070,41.7
101.84792,18.19333,6.200,0.070,62.5
101.34500,-31.79361,5.920,0.480,19.6
101.38042,-30.94889,5.800,-0.190,200.0
101.66250,-10.10722,5.660,-0.050,0.0
101.83250,8.03722,4.770,1.400,76.9
101.71292,-14.42583,5.290,-0.040,0.0
100.24083,-71.77556,6.510,1.110,0.0
101.96500,2.41222,4.470,1.110,58.8
101.51375,-39.54000,6.620,-0.130,0.0
101.90458,-8.99833,5.070,1.800,500.0
101.75625,-21.01556,6.080,-0.190,0.0
101.55042,-37.77556,6.210,-0.130,0.0
103.42583,68.88833,5.120,-0.130,500.0
102.42208,32.60667,5.710,1.290,0.0
101.35875,-52.20111,6.570,1.080,0.0
102.07917,-1.31917,5.750,0.280,0.0
101.47375,-52.41000,5.800,1.530,0.0
102.69125,41.78139,5.020,1.270,0.0
102.26542,1.00194,6.150,-0.130,0.0
101.83917,-37.92972,5.260,-0.080,0.0
102.45750,16.20278,5.850,-0.130,0.0
103.27125,59.44861,5.330,0.650,200.0
102.31833,-2.27194,5.740,-0.100,0.0
102.24083,-15.14472,5.390,-0.100,250.0
101.72000,-51.26583,5.400,1.340,55.6
101.67292,-54.69472,6.460,0.860,250.0
102.60625,13.41333,5.650,1.340,0.0
101.82792,-55.54000,5.610,1.520,0.0
105.01667,76.97750,4.550,1.360,43.5
102.43333,-24.07583,6.330,0.040,500.0
102.88750,21.76111,5.270,-0.020,100.0
102.70792,-0.54083,5.770,0.390,27.8
100.90333,-73.11806,6.370,0.960,0.0
103.28167,44.83944,6.260,0.210,0.0
103.00000,23.60167,5.650,1.450,0.0
102.67625,-8.04111,6.290,0.000,0.0
102.59125,-17.08389,5.790,1.440,0.0
101.23375,-70.43389,6.110,1.330,0.0
102.52500,-27.33389,7.040,-0.180,0.0
102.46042,-32.50861,3.960,-0.230,0.0
103.25625,38.86917,6.120,0.370,0.0
103.19708,33.96111,3.600,0.100,47.6
103.30583,38.43806,6.300,0.490,200.0
103.26417,35.78861,6.010,1.450,0.0
102.91375,3.04167,6.380,0.040,0.0
102.65375,-25.77806,6.330,-0.180,0.0
102.59708,-31.70611,5.700,0.140,0.0
102.49083,-45.45000,6.550,1.510,0.0
103.48750,38.50500,6.480,-0.050,0.0
102.47750,-46.61472,5.140,0.450,20.4
102.71833,-34.36722,4.990,1.380,0.0
102.04750,-61.94139,3.270,0.210,19.2
103.20583,8.38028,5.770,0.260,0.0
103.09542,-5.31611,6.300,0.990,0.0
102.48417,-50.61472,2.930,1.200,0.0
102.46375,-53.62222,4.400,0.920,40.0
103.34375,10.99639,6.240,0.970,0.0
103.81333,45.82639,6.340,0.940,0.0
103.81125,43.91000,6.130,0.320,0.0
102.92625,-36.23028,5.960,0.180,0.0
100.01125,-80.81361,5.640,0.200,0.0
104.31875,58.42250,4.350,0.850,71.4
104.30500,57.56333,6.050,1.490,0.0
102.50458,-60.24917,6.110,0.460,0.0
102.88667,-48.29250,6.420,1.210,0.0
103.66125,13.17778,4.650,0.300,23.3
103.32833,-19.03278,5.640,0.280,0.0
103.34042,-18.93333,6.140,0.150,0.0
103.25042,-26.95750,6.400,1.530,0.0
104.13458,46.27417,5.870,-0.060,0.0
103.82750,25.37556,5.730,0.570,18.2
103.53542,-5.85250,6.410,0.170,333.3
103.38708,-20.22417,4.830,-0.210,0.0
103.60250,-1.12694,5.450,0.180,111.1
104.23333,46.70500,5.860,1.080,0.0
103.54750,-12.03861,4.070,1.430,45.5
103.16542,-42.50444,6.520,0.420,0.0
103.39125,-28.53972,6.040,0.710,23.8
103.67542,-1.75639,6.210,0.560,0.0
103.48042,-24.53917,6.210,0.010,0.0
103.19625,-43.97583,6.460,-0.100,0.0
103.53292,-24.18389,3.870,1.730,500.0
105.33958,70.80806,5.680,1.330,0.0
103.74500,-2.80361,6.040,1.100,0.0
103.55417,-23.92833,6.910,-0.280,0.0
103.89417,8.32472,6.290,0.040,0.0
104.40458,45.09417,4.900,0.030,166.7
104.25208,33.68111,5.890,0.880,0.0
103.19542,-54.09000,6.570,1.080,0.0
103.76125,-20.40472,5.740,0.080,0.0
104.10750,9.95639,5.920,-0.080,0.0
103.90583,-20.13639,4.680,0.370,29.4
103.61125,-42.36556,6.320,2.240,0.0
103.18917,-59.34111,6.410,0.180,0.0
104.02750,-14.04361,5.000,1.180,0.0
103.50958,-50.61167,6.260,0.990,0.0
103.94500,-22.94139,5.300,-0.180,0.0
104.03417,-17.05417,4.370,-0.070,200.0
104.35708,11.90750,6.270,0.340,0.0
103.97833,-31.79000,6.360,0.000,0.0
104.25042,-8.17889,6.340,0.640,0.0
104.76167,38.05222,6.000,1.230,0.0
104.69750,26.08111,6.100,0.460,40.0
102.86250,-70.96333,5.400,-0.110,0.0
104.31167,-22.20333,6.610,-0.190,0.0
104.19042,-35.34167,6.290,1.290,0.0
104.86625,25.91417,6.400,-0.110,0.0
104.66250,7.62194,6.270,0.110,0.0
104.39125,-24.63056,5.460,0.360,62.5
104.06667,-48.72111,4.950,1.690,0.0
115.12708,87.02000,5.070,1.630,333.3
104.73750,3.60222,5.970,1.060,0.0
104.42667,-27.53750,6.230,-0.140,0.0
104.32333,-35.50750,6.230,0.460,14.5
104.83375,7.31694,6.350,-0.110,0.0
104.53167,-27.16472,6.370,-0.190,0.0
105.06583,16.07889,5.680,1.660,0.0
104.64958,-25.41389,5.590,-0.160,0.0
106.46583,70.73194,6.500,0.000,0.0
104.65625,-28.97222,1.500,-0.210,0.0
104.60458,-34.11167,5.060,-0.160,0.0
105.32167,32.41444,6.590,0.270,0.0
104.68250,-30.99778,6.420,-0.140,0.0
105.07500,-5.36694,6.300,0.570,0.0
104.91375,-21.60333,6.260,-0.150,0.0
105.09875,-8.40694,5.960,-0.080,0.0
105.03375,-20.15889,6.310,-0.150,0.0
104.67417,-45.76806,6.220,0.000,0.0
105.16375,-9.20306,6.490,0.210,0.0
105.08042,-22.11944,6.530,-0.170,0.0
105.42250,4.81806,6.630,0.060,0.0
105.60333,24.21528,5.180,0.940,83.3
105.60625,17.75556,5.940,1.630,0.0
105.57250,15.33611,5.740,0.000,0.0
105.47917,5.55750,6.590,-0.020,0.0
104.66500,-55.72944,6.270,1.160,0.0
105.63958,16.67417,5.820,1.680,0.0
105.47042,-1.34556,6.170,1.280,0.0
105.17750,-28.48944,6.270,0.450,0.0
104.65083,-56.39472,6.450,0.390,0.0
105.48500,-5.72222,5.200,1.680,0.0
105.27458,-25.21528,5.630,-0.170,0.0
105.20750,-33.46528,6.400,1.050,0.0
106.50542,59.80194,6.440,0.000,0.0
105.87667,29.33722,5.930,0.600,16.9
106.41583,52.75806,6.120,0.110,90.9
106.28750,47.77500,6.380,-0.040,0.0
105.42958,-27.93472,3.470,1.730,41.7
105.82458,9.13833,5.970,0.120,0.0
105.72833,-4.23917,4.990,-0.200,0.0
105.90833,10.95167,5.130,1.390,90.9
106.02708,20.57028,3.790,0.790,0.0
105.96500,12.59444,5.980,1.580,0.0
105.21458,-51.40250,5.140,1.610,0.0
105.75625,-23.83333,3.020,-0.080,0.0
106.08417,1.48833,6.570,0.010,0.0
106.02167,-5.32361,5.620,1.290,0.0
105.98875,-10.12417,6.450,-0.080,0.0
105.93958,-15.63333,4.120,-0.120,0.0
105.56500,-43.40417,6.430,-0.040,0.0
106.32667,22.63722,6.020,-0.030,0.0
106.54833,34.47389,5.550,0.910,27.8
105.27125,-58.94000,6.020,0.300,0.0
104.96042,-67.91611,5.170,1.400,27.0
106.41292,9.18583,5.780,1.520,0.0
106.19625,-22.03222,6.090,1.220,0.0
106.84292,34.00944,5.910,1.510,0.0
106.01167,-42.33722,5.200,0.200,40.0
105.98875,-43.60806,5.540,0.640,19.2
105.99500,-43.61167,6.790,0.800,19.2
106.85417,28.17722,6.480,-0.090,0.0
106.45708,-10.66111,6.490,-0.050,0.0
106.83917,22.70361,7.680,2.210,0.0
105.97375,-49.58389,4.930,0.130,50.0
107.05542,33.83222,6.280,1.340,0.0
105.81500,-59.17806,5.500,-0.110,71.4
107.15125,37.44500,6.160,1.210,0.0
106.77667,4.91028,6.110,-0.130,0.0
106.38333,-34.77778,6.140,0.370,29.4
106.66958,-11.29417,5.390,0.050,0.0
106.64958,-12.39389,6.480,-0.100,0.0
106.50250,-30.65556,6.340,-0.160,0.0
108.49208,71.81667,6.350,1.120,0.0
106.95625,7.47111,5.750,1.180,0.0
106.07625,-56.74972,5.170,-0.040,0.0
107.09167,15.93083,5.440,1.030,142.9
106.50958,-38.38278,6.110,0.700,0.0
106.71792,-24.96056,6.080,1.340,0.0
106.31875,-50.36028,6.460,0.000,0.0
106.75042,-26.65778,6.620,-0.170,0.0
104.14333,-79.42028,5.450,0.050,0.0
106.84417,-23.84028,5.710,-0.100,0.0
106.77958,-40.89333,5.790,-0.170,0.0
107.52792,21.24694,6.430,0.890,34.5
107.09792,-26.39333,1.840,0.680,0.0
107.33458,-10.34722,6.210,0.030,0.0
107.20542,-24.04417,6.650,-0.190,0.0
107.91375,39.32056,4.900,1.450,43.5
107.78500,30.24528,4.410,1.260,142.9
106.80542,-51.96778,5.960,1.000,0.0
107.38833,-16.23472,6.030,0.060,0.0
107.84625,26.85667,5.780,0.100,0.0
107.55708,-4.23722,4.920,1.030,33.3
107.21292,-39.65583,4.830,-0.180,0.0
108.34750,51.42889,5.470,1.670,333.3
107.42875,-25.23111,5.690,-0.160,0.0
107.53875,-18.68528,6.230,0.400,0.0
108.11000,24.12833,5.850,0.360,0.0
107.84833,-0.30194,5.450,0.290,47.6
107.58083,-27.49139,5.460,1.000,0.0
111.34125,81.25750,6.310,-0.040,0.0
107.96375,5.65472,6.090,-0.020,0.0
108.20417,27.22472,6.430,0.490,37.0
106.55875,-68.83722,6.470,1.040,0.0
108.03083,5.47472,6.160,1.140,0.0
107.96625,-0.49278,4.150,-0.010,62.5
108.97875,59.63750,5.200,1.070,23.8
107.92333,-20.88306,5.840,-0.040,0.0
108.34292,16.15889,5.000,1.660,90.9
108.05083,-25.94250,5.920,-0.170,0.0
107.69792,-48.93222,5.140,1.240,32.3
108.01708,-30.82167,6.100,0.270,0.0
108.95875,47.24000,5.580,0.580,27.0
108.61083,24.71083,6.890,-0.030,0.0
108.28000,-11.25139,5.780,1.510,0.0
108.10042,-27.47417,6.590,0.190,0.0
108.67458,24.88500,5.820,1.560,0.0
108.10708,-36.54444,5.960,-0.140,250.0
108.06583,-40.49889,5.310,0.060,111.1
108.63583,12.11583,5.620,1.010,0.0
108.58333,3.11139,5.350,1.190,0.0
108.34958,-22.67333,6.010,1.480,0.0
108.54583,-3.90139,5.750,1.580,0.0
108.56458,-9.94750,5.900,1.520,0.0
108.45125,-22.90639,6.360,-0.210,0.0
108.40125,-27.35639,6.120,-0.230,0.0
107.17583,-70.49722,5.690,0.400,62.5
107.18708,-70.49889,3.780,1.040,62.5
109.39042,52.13083,5.920,1.260,0.0
108.98792,27.89750,5.710,1.630,125.0
108.61750,-10.31667,6.030,-0.180,0.0
108.14000,-46.75944,4.490,0.320,20.8
108.44625,-31.08389,6.600,-0.170,0.0
112.76833,82.41139,4.960,1.660,0.0
108.48833,-30.34000,6.330,-0.200,0.0
108.83042,-0.16139,6.410,0.900,90.9
108.56333,-26.35250,4.660,-0.190,0.0
108.30583,-45.18306,4.890,-0.020,100.0
108.91417,7.97778,5.820,1.600,0.0
108.38500,-44.63972,5.100,1.560,45.5
108.70292,-26.77278,3.850,-0.170,0.0
108.71292,-27.03806,5.580,1.220,0.0
109.63292,49.46500,5.050,0.080,125.0
108.92958,-10.58389,5.950,1.180,0.0
109.50917,40.88333,5.780,0.170,0.0
108.00833,-63.19000,6.020,-0.020,200.0
108.94792,-23.74056,6.320,0.000,0.0
108.83750,-30.68639,5.360,-0.170,0.0
109.51708,30.95583,6.240,-0.030,0.0
109.06042,-15.58583,5.460,0.080,24.4
108.73792,-41.42583,5.940,-0.160,0.0
109.32417,6.68056,6.650,-0.110,0.0
108.69125,-46.84972,5.720,-0.110,0.0
108.65917,-48.27167,4.760,-0.100,0.0
109.52333,16.54028,3.580,0.110,21.3
109.15333,-23.31556,4.790,1.710,52.6
109.38208,-6.68000,6.290,1.620,0.0
109.14583,-27.88111,4.640,1.600,83.3
108.83750,-52.49972,5.970,1.100,0.0
109.23833,-30.89667,6.320,0.200,0.0
109.13250,-38.31889,5.800,-0.130,0.0
109.20625,-36.59278,5.030,-0.170,0.0
109.06458,-46.77444,5.660,1.440,0.0
110.57167,59.90194,6.350,0.000,66.7
109.28583,-37.09750,2.700,1.620,31.2
109.44958,-26.79750,6.460,-0.150,0.0
110.26292,42.65556,6.350,1.460,0.0
110.32292,45.22806,5.770,0.320,0.0
110.03083,21.98222,3.530,0.340,16.4
109.84333,2.74056,5.890,1.070,0.0
109.94833,7.14278,5.910,0.530,0.0
110.02875,15.14278,6.450,-0.020,0.0
109.66792,-24.55889,4.980,-0.150,0.0
109.67667,-24.95417,4.400,-0.150,0.0
110.71208,55.28444,6.530,0.000,90.9
110.71708,55.28139,5.450,0.000,90.9
109.75833,-19.28028,6.090,0.620,0.0
109.71333,-26.58583,5.280,0.960,58.8
109.57667,-36.73417,4.660,-0.100,0.0
109.86708,-16.39500,5.700,0.350,25.0
109.51750,-43.98667,5.850,-0.120,0.0
109.65917,-36.74278,5.110,-0.160,0.0
109.64000,-39.21028,5.250,0.010,71.4
110.55583,38.99611,6.400,1.220,0.0
110.51083,36.76056,5.130,1.080,45.5
109.80708,-33.72722,6.300,1.310,0.0
110.48667,20.44361,5.100,1.520,500.0
110.24250,-14.36000,5.450,0.980,0.0
113.66542,80.89667,6.410,0.000,0.0
110.32042,-8.87833,6.550,0.540,0.0
110.22167,-22.85167,6.610,-0.150,0.0
110.22917,-26.96361,6.010,-0.170,0.0
110.51458,0.17722,5.990,-0.070,0.0
110.26792,-25.89139,5.870,1.640,0.0
109.20750,-67.95722,3.980,0.790,250.0
111.23833,51.88722,5.800,1.610,0.0
111.03542,40.67222,5.190,1.230,142.9
110.50833,-8.97917,6.430,-0.190,0.0
110.57708,-2.97889,6.230,0.680,0.0
110.86875,25.05056,5.030,0.900,45.5
111.85750,66.33167,6.470,-0.090,0.0
110.86750,22.94528,6.020,-0.010,0.0
110.60583,-5.98278,5.820,0.350,0.0
110.55625,-19.01667,4.960,-0.040,0.0
110.08917,-52.31167,6.050,0.420,26.3
110.09042,-52.30972,6.600,0.590,26.3
110.16125,-52.08611,5.390,-0.070,0.0
111.13917,27.63806,5.760,0.340,0.0
111.11542,15.51722,6.410,-0.180,0.0
111.67833,49.21139,4.640,-0.020,83.3
110.75250,-31.92389,5.430,-0.150,0.0
111.24250,11.66972,5.300,0.100,66.7
111.43167,27.79806,3.790,1.030,31.2
110.87125,-27.83417,5.380,1.530,76.9
110.88292,-32.20222,5.390,-0.180,0.0
110.97625,-30.21694,6.600,-0.200,0.0
111.16708,-16.20111,5.330,-0.050,0.0
111.07167,-22.91278,6.190,-0.090,0.0
111.02375,-29.30306,2.450,-0.080,0.0
111.41208,9.27611,4.990,1.010,125.0
110.99292,-35.83778,6.310,-0.150,0.0
112.71958,68.46556,5.640,1.110,90.9
111.21125,-19.01222,6.240,0.290,0.0
111.28458,-13.75194,5.780,0.420,27.0
111.46250,-5.77500,5.970,0.920,0.0
111.18250,-31.80889,5.350,1.070,0.0
111.70917,21.53583,6.540,0.460,26.3
111.61625,10.60833,6.370,0.090,0.0
111.73458,20.25722,5.930,0.300,0.0
111.51458,-4.53750,6.760,-0.010,0.0
111.33292,-21.98278,6.050,0.230,0.0
111.67208,11.00917,6.410,-0.130,0.0
111.35542,-25.21778,5.780,-0.100,0.0
111.19667,-37.29000,6.970,0.220,333.3
111.19708,-37.29083,6.840,0.270,333.3
112.21500,48.18389,5.720,-0.100,0.0
111.78750,8.28944,2.900,-0.090,52.6
111.93500,21.44500,5.220,0.390,24.4
111.42917,-31.73861,6.310,-0.170,0.0
101.74458,-87.02500,6.470,0.420,0.0
112.48333,49.67250,5.360,0.450,23.8
111.66958,-23.71222,6.560,0.010,0.0
112.00875,6.94194,5.250,0.220,100.0
112.27792,31.78444,4.180,0.320,16.1
111.78333,-17.86444,5.630,0.320,0.0
112.04083,8.92556,4.320,1.430,52.6
111.74750,-23.08611,5.610,-0.130,0.0
111.67625,-34.14083,5.900,-0.170,0.0
112.33500,28.11806,5.050,0.110,125.0
112.19708,15.10944,6.220,-0.050,0.0
111.96542,-11.55694,5.790,0.580,0.0
111.92875,-22.85972,5.950,-0.090,0.0
112.45292,27.91611,5.010,1.110,55.6
111.59125,-51.01833,5.100,1.060,142.9
111.99667,-29.15583,5.540,-0.080,0.0
112.44917,12.00667,4.540,1.280,34.5
112.32792,-1.90528,5.590,1.500,0.0
112.35708,-7.55111,5.860,0.480,0.0
112.34208,-10.32667,5.750,1.620,0.0
112.34125,-14.99917,6.050,0.470,37.0
112.09500,-37.81028,6.580,0.060,0.0
112.21375,-31.84833,6.380,-0.170,0.0
112.21458,-31.84694,7.130,-0.150,0.0
112.98208,38.89639,6.540,0.070,0.0
112.27042,-31.45639,5.770,-0.190,0.0
112.46417,-23.02444,4.850,0.230,0.0
112.27375,-38.81222,5.430,-0.160,0.0
112.71292,-5.22639,6.240,1.180,0.0
112.95167,17.08611,5.420,1.130,0.0
112.30750,-43.30139,3.250,1.510,50.0
113.21083,22.88778,6.540,1.010,0.0
113.02458,1.91444,5.250,0.220,62.5
112.67708,-30.96222,4.650,0.930,43.5
112.67667,-37.33972,6.650,0.630,0.0
113.02417,-8.88083,5.900,0.540,0.0
112.49833,-52.65111,5.870,1.010,0.0
112.85750,-36.15278,6.680,-0.120,0.0
113.40208,15.82667,5.250,0.050,90.9
113.29833,3.29028,5.590,0.310,0.0
112.21375,-64.51000,6.390,1.560,0.0
112.92833,-35.88778,6.610,-0.080,0.0
113.65000,31.88861,2.880,0.040,14.9
113.65000,31.88833,1.980,0.030,14.9
112.62875,-54.39944,5.960,1.560,0.0
113.52125,10.56833,6.280,-0.010,0.0
114.19583,55.75528,5.920,1.120,0.0
113.09292,-35.96139,6.300,-0.100,0.0
113.78625,30.96111,5.330,1.010,333.3
113.34208,-14.33833,6.210,-0.040,0.0
113.98333,43.03111,6.300,0.000,200.0
113.33125,-19.41250,5.660,1.120,0.0
113.29042,-24.71083,5.850,0.170,0.0
113.56583,3.37139,5.810,-0.020,0.0
113.44958,-14.52389,4.970,1.410,0.0
114.13167,46.18028,5.650,1.560,0.0
113.69167,2.72500,6.550,0.220,0.0
113.98042,26.89583,4.060,1.540,71.4
113.51333,-22.29611,4.450,0.510,18.5
113.30625,-40.05889,6.260,-0.120,0.0
113.30542,-43.08639,6.520,0.920,0.0
113.57750,-23.47361,5.830,0.440,43.5
113.57958,-23.47472,5.870,0.000,43.5
113.46250,-36.33833,5.540,-0.060,0.0
113.62000,-26.11667,6.650,-0.010,0.0
113.55333,-33.46333,6.110,0.290,0.0
114.47458,48.77361,5.920,0.220,0.0
114.32417,40.02528,6.380,0.000,0.0
113.64542,-27.01194,5.770,1.060,0.0
113.49375,-39.90583,6.760,1.130,0.0
114.14458,5.86167,5.910,0.600,0.0
111.40833,-79.09417,5.530,1.280,0.0
114.06917,-8.31139,6.270,1.540,0.0
114.01625,-14.49278,5.700,-0.120,0.0
113.84500,-28.36944,4.640,-0.110,0.0
114.03250,-22.16056,6.340,0.990,0.0
114.63667,35.04861,5.560,0.930,0.0
113.66458,-51.47472,6.280,0.080,0.0
114.56042,24.36028,6.270,0.000,0.0
114.31958,-4.11111,5.130,0.440,35.7
114.17083,-19.70222,5.740,-0.190,0.0
115.20625,57.08278,6.060,1.460,0.0
114.79125,34.58417,4.900,0.400,47.6
114.79958,24.22250,6.170,0.010,0.0
114.41208,-14.44111,6.530,-0.010,0.0
114.32000,-23.77500,6.370,0.540,0.0
113.91542,-52.53389,4.940,1.400,83.3
115.06083,38.34444,5.730,1.630,0.0
114.97542,32.00972,6.170,0.350,0.0
114.34208,-34.96861,4.530,-0.090,0.0
114.86917,17.67472,5.050,1.560,111.1
115.30167,48.13167,5.560,1.010,111.1
114.18292,-48.83028,5.720,-0.060,0.0
114.00708,-55.88750,6.390,1.180,0.0
114.43667,-35.27722,6.600,1.140,0.0
114.82542,5.22500,0.380,0.420,3.5
114.57500,-25.36472,4.700,-0.110,0.0
114.43833,-38.01056,6.380,1.480,0.0
115.75167,58.71028,4.990,0.080,55.6
114.77958,-18.67917,6.720,-0.100,0.0
114.70542,-26.80167,4.500,-0.170,100.0
114.70750,-26.80361,4.620,0.000,100.0
115.02917,5.23083,6.020,-0.040,71.4
115.24375,23.01861,5.890,1.580,0.0
114.60083,-39.99139,6.590,-0.050,0.0
115.19708,13.77083,6.240,0.000,0.0
114.68292,-36.49694,5.800,-0.160,0.0
114.63583,-38.78111,6.190,1.020,0.0
114.86208,-26.86306,6.500,-0.100,0.0
114.57583,-48.60111,5.680,0.650,0.0
115.14792,-8.18583,6.010,0.150,0.0
115.09667,-15.26361,4.940,1.560,200.0
115.05667,-19.66083,5.930,1.160,0.0
114.86417,-38.30833,4.840,-0.190,0.0
115.68125,34.00028,6.020,0.000,0.0
114.93250,-38.13944,5.730,-0.120,166.7
114.94917,-38.26083,5.760,-0.070,0.0
115.46583,13.48056,5.770,1.670,0.0
115.39667,3.62472,5.940,-0.040,0.0
115.51333,14.20833,5.560,1.640,166.7
114.99167,-37.57944,6.000,-0.040,0.0
116.01750,50.43389,5.270,0.000,66.7
115.31167,-9.55111,3.930,1.020,41.7
114.75167,-53.27333,6.060,-0.110,0.0
115.18083,-27.94583,6.760,-0.160,0.0
115.82792,28.88361,4.280,1.120,55.6
115.21958,-31.66083,6.560,1.180,0.0
116.66708,65.45583,5.920,1.180,0.0
115.34833,-22.33722,6.180,1.620,0.0
116.61417,62.83056,6.490,0.260,0.0
115.84250,22.39944,6.210,0.930,0.0
113.84042,-74.27556,7.160,-0.020,100.0
113.84083,-74.27556,7.260,0.000,100.0
115.31583,-38.53361,5.420,-0.150,0.0
115.77250,0.18944,6.190,1.020,0.0
116.02875,25.78417,5.310,1.540,142.9
115.34083,-44.63222,6.410,0.000,0.0
116.11167,24.39806,3.570,0.930,38.5
115.49167,-38.52889,6.540,-0.090,0.0
116.05833,12.85944,6.430,0.000,0.0
115.70042,-26.35111,5.640,0.990,0.0
116.03083,2.40500,6.470,0.200,0.0
116.32875,28.02611,1.140,1.000,10.6
116.28875,20.31639,6.330,0.000,0.0
115.91292,-25.50389,6.550,0.060,0.0
115.88500,-28.41111,4.590,1.630,55.6
115.80000,-36.05028,5.600,-0.130,0.0
115.77917,-38.86417,6.890,1.020,0.0
115.95208,-28.95472,3.960,0.180,0.0
119.07208,80.26556,6.560,0.730,0.0
115.73833,-45.17333,5.060,0.780,0.0
116.66375,37.51750,5.180,1.580,0.0
114.01750,-77.63417,6.180,1.730,0.0
115.92875,-38.20194,6.400,-0.160,0.0
115.92458,-40.93389,5.170,1.100,38.5
116.53083,18.51000,4.880,1.450,71.4
116.14167,-24.67389,5.620,-0.190,0.0
115.77875,-49.99278,6.570,0.070,0.0
115.54250,-58.63083,6.430,-0.100,0.0
116.04000,-36.06278,5.800,0.310,0.0
116.56750,10.76833,5.300,0.010,45.5
116.36958,-14.68611,6.890,0.000,0.0
116.37125,-14.69083,6.070,0.110,0.0
116.14250,-37.94306,5.880,-0.110,0.0
115.72208,-58.23000,6.210,1.050,0.0
116.87625,33.41556,5.140,1.600,83.3
116.50917,-6.77250,5.490,1.380,0.0
116.48708,-14.56389,5.040,0.330,32.3
116.26917,-37.88778,6.540,-0.100,0.0
116.31375,-37.96861,3.610,1.730,166.7
116.39583,-34.17306,5.370,0.600,15.6
116.68708,-12.67528,6.390,-0.020,0.0
116.32542,-43.75222,6.030,-0.070,0.0
117.14000,23.14111,6.180,0.000,0.0
116.54333,-37.93389,5.880,-0.110,0.0
116.80208,-22.51972,5.900,-0.190,0.0
115.45500,-72.60611,3.950,1.040,58.8
116.63917,-40.05972,6.570,-0.130,0.0
116.91042,-15.99083,6.340,1.780,0.0
116.93833,-16.01444,6.430,1.700,0.0
117.77375,54.12917,6.020,0.460,0.0
116.98625,-12.19306,5.480,0.480,76.9
117.25833,13.37083,6.040,1.380,0.0
116.39833,-56.72250,6.120,0.390,0.0
116.77417,-39.33139,6.310,-0.170,0.0
117.24542,4.33278,6.530,0.780,0.0
117.02167,-25.93722,4.500,-0.050,0.0
116.85417,-38.51111,5.080,-0.100,0.0
116.18292,-66.07194,6.380,0.950,0.0
116.88125,-46.60861,5.230,-0.140,0.0
116.05417,-69.82139,6.180,-0.060,0.0
118.15250,55.20944,6.380,0.000,0.0
117.75958,33.23361,6.030,0.150,0.0
117.03542,-40.65222,6.140,1.580,0.0
117.36917,-13.35333,6.230,-0.090,0.0
117.25708,-24.91222,5.330,0.760,27.8
117.42167,-17.22833,5.180,1.280,0.0
117.32375,-24.85972,3.340,1.240,333.3
117.08458,-47.07778,4.710,1.060,166.7
117.54417,-9.18333,5.610,1.440,0.0
117.43833,-20.20694,6.560,0.580,0.0
117.31125,-35.24333,5.930,-0.050,0.0
117.69750,3.27722,6.180,1.120,333.3
117.52375,-19.52361,6.120,1.260,0.0
117.39750,-33.28889,5.600,1.610,0.0
117.98625,19.32528,5.990,1.130,0.0
117.73000,-11.12861,6.160,1.130,0.0
117.30958,-46.37333,4.110,-0.180,0.0
117.08000,-56.47111,6.330,1.010,0.0
117.36750,-44.75194,6.320,0.960,0.0
117.30375,-46.85778,5.840,-0.140,0.0
117.92500,1.76694,5.140,-0.120,83.3
117.75000,-24.52833,6.450,-0.010,0.0
118.03000,3.27722,6.310,1.590,0.0
117.27792,-56.41056,5.590,1.130,0.0
117.92042,-12.81944,6.360,0.390,0.0
117.94292,-13.89806,5.170,0.600,16.1
118.62208,47.38611,6.250,1.150,0.0
118.67792,47.56472,5.450,1.460,0.0
118.37417,26.76583,4.970,0.090,0.0
117.92875,-21.17389,5.630,0.960,0.0
117.67667,-44.57972,6.450,0.900,0.0
117.30375,-60.28361,5.780,0.420,0.0
117.59958,-50.50972,5.910,1.090,0.0
118.19958,-5.42806,5.760,0.410,0.0
118.07875,-14.84639,5.690,0.370,0.0
117.83542,-43.09556,6.320,-0.170,0.0
120.04875,73.91806,5.410,1.420,45.5
117.47833,-60.05111,6.720,1.240,0.0
119.11167,56.50444,6.720,0.000,0.0
117.91792,-42.88833,6.040,-0.180,0.0
118.06542,-34.70528,5.010,0.440,13.5
118.05417,-40.57583,3.730,1.040,32.3
117.42083,-66.19583,5.790,-0.040,0.0
121.19625,79.47972,5.420,-0.060,47.6
118.92000,35.41278,6.230,0.280,0.0
118.16125,-38.86306,4.490,-0.190,83.3
118.26458,-36.36389,5.430,1.160,28.6
118.91625,19.88389,5.350,-0.040,111.1
118.88083,8.86278,5.860,0.350,0.0
118.12375,-54.36722,5.700,-0.150,0.0
118.26542,-49.61306,4.630,-0.230,0.0
118.32583,-48.10306,4.240,-0.140,0.0
118.54583,-35.87750,5.490,-0.190,0.0
118.66625,-34.84694,6.150,1.530,0.0
119.09958,4.48583,6.170,0.980,0.0
119.56917,43.97750,6.340,1.060,0.0
119.24750,15.79028,5.780,1.280,0.0
118.80708,-30.91750,6.440,0.000,0.0
119.31625,8.64139,6.050,1.000,0.0
119.31750,1.12694,6.350,0.500,200.0
119.09500,-30.28528,6.330,1.660,0.0
118.75208,-52.58306,6.380,-0.010,0.0
118.94375,-43.84500,6.020,-0.110,0.0
119.21458,-22.88000,4.200,0.720,43.5
119.52417,7.21361,6.410,-0.040,0.0
119.63125,16.51861,5.990,1.470,0.0
118.72167,-57.30306,5.630,1.300,111.1
120.33625,59.04750,5.770,0.390,0.0
119.10125,-40.73639,6.780,-0.180,0.0
124.22417,84.05778,6.490,0.030,0.0
120.42667,60.32444,6.010,0.140,0.0
119.58583,2.22472,5.290,0.920,37.0
119.24125,-42.40611,6.090,1.360,0.0
120.62833,63.09028,6.400,0.590,0.0
119.41708,-30.33472,4.790,0.150,40.0
119.24125,-43.50028,5.350,-0.180,0.0
119.89625,13.24222,6.020,1.320,0.0
119.32667,-44.10972,5.090,-0.170,0.0
119.19458,-52.98222,3.470,-0.180,250.0
119.33333,-47.89028,6.220,-0.100,142.9
120.64917,57.27361,6.490,0.620,26.3
119.07750,-60.52639,5.740,1.550,0.0
119.46583,-45.57778,5.170,1.270,111.1
119.93375,-3.67972,4.930,1.210,125.0
119.77375,-23.31056,5.110,1.120,0.0
120.23292,25.39278,5.830,1.020,0.0
120.20000,19.81611,6.250,1.110,0.0
119.21125,-59.12639,6.250,2.080,0.0
120.25292,23.58306,6.340,0.000,100.0
120.19708,17.30861,5.550,1.320,0.0
119.56000,-49.24500,4.410,-0.170,0.0
120.47958,35.41306,6.340,1.560,0.0
119.96667,-18.39917,4.610,0.080,47.6
120.43250,25.08972,6.310,0.010,0.0
119.58917,-51.44861,6.440,0.250,0.0
120.37625,16.45528,5.990,-0.020,0.0
120.18375,-2.88167,6.510,-0.070,0.0
120.30750,4.87972,5.650,0.000,0.0
119.75750,-45.21611,5.990,-0.140,0.0
119.44542,-60.30333,5.600,0.570,16.1
119.30208,-63.29694,6.140,-0.100,0.0
119.86833,-39.29722,5.240,0.390,26.3
120.30542,-1.39250,4.680,1.490,111.1
119.80125,-49.97667,6.320,0.000,0.0
119.80583,-49.97361,6.340,0.000,0.0
120.46125,8.91389,6.220,0.570,0.0
120.56625,2.33444,4.390,1.250,41.7
120.08167,-45.45694,6.610,1.270,0.0
119.71042,-60.82444,5.810,-0.090,0.0
120.06208,-48.98139,6.020,0.040,0.0
120.87958,27.79417,4.940,1.120,62.5
120.60833,-6.33722,6.330,0.620,142.9
120.12042,-48.87139,6.120,-0.110,0.0
119.91750,-60.20750,6.330,-0.060,0.0
119.90667,-60.58694,5.170,1.740,0.0
120.40583,-37.28361,5.950,0.140,0.0
120.52583,-37.05056,6.340,1.620,0.0
120.20792,-54.15139,5.870,-0.140,0.0
120.34542,-54.51500,6.100,-0.040,0.0
121.18833,18.84222,6.150,-0.050,0.0
120.08333,-63.56750,4.820,-0.170,0.0
120.76708,-32.46389,5.820,1.220,0.0
120.38125,-55.45500,6.280,-0.150,0.0
120.68667,-41.31000,5.520,-0.150,0.0
121.26875,13.11806,5.120,0.010,43.5
121.40417,27.52972,6.210,0.010,142.9
120.89625,-40.00333,2.250,-0.260,0.0
120.87292,-42.94861,6.290,1.010,0.0
121.79125,43.26028,6.260,-0.020,0.0
121.17292,-19.72806,6.130,-0.160,0.0
121.57667,22.63556,5.990,1.660,0.0
121.06750,-32.67500,5.310,1.910,41.7
119.81708,-73.24472,6.340,0.140,0.0
121.45667,-0.57361,6.410,1.050,0.0
122.11417,51.50667,4.840,0.050,0.0
121.61458,-9.24500,6.230,-0.070,0.0
122.51583,58.24806,5.930,1.390,0.0
121.94083,21.58167,5.300,0.630,29.4
121.43708,-33.56917,6.140,1.110,0.0
121.17667,-50.59056,5.950,1.210,0.0
121.33500,-46.97889,6.190,-0.150,0.0
121.26667,-53.10806,5.530,1.340,50.0
122.34625,42.43056,6.270,1.270,0.0
123.20333,68.47417,5.320,1.040,47.6
121.82500,-20.55472,5.380,0.100,0.0
122.17667,13.64083,6.270,0.430,0.0
121.88583,-24.30417,2.810,0.430,28.6
121.17875,-62.83611,6.300,-0.100,0.0
121.66833,-45.26639,5.050,1.500,0.0
122.14833,-2.98389,4.340,0.970,333.3
122.23708,-11.33972,6.320,0.010,0.0
122.18125,-20.36306,6.360,0.160,0.0
122.61333,25.50722,5.730,0.810,34.5
122.25667,-19.24500,4.400,-0.150,0.0
122.84000,38.73139,6.580,0.590,0.0
122.36875,-16.24889,5.680,-0.170,0.0
122.15667,-37.68139,6.370,-0.040,0.0
122.27792,-30.32250,6.650,1.400,0.0
126.13708,82.43083,6.320,0.010,0.0
122.74500,14.62944,6.230,0.020,0.0
122.29250,-35.45500,6.200,0.890,0.0
123.45917,56.45222,5.850,1.010,0.0
122.81917,9.82111,6.070,-0.100,0.0
122.66583,-13.79917,5.540,0.490,21.3
122.29000,-48.68444,5.700,-0.120,0.0
122.39958,-44.12278,5.210,-0.190,0.0
122.44875,-42.64056,6.260,-0.040,58.8
122.37208,-47.34583,4.270,-0.230,0.0
122.38333,-47.33667,1.780,-0.220,58.8
123.05292,17.64778,5.630,0.540,25.6
123.05292,17.64778,6.020,0.540,25.6
123.05542,17.64778,6.200,0.600,25.6
122.81792,-12.92694,4.720,0.950,32.3
122.88750,-7.77250,5.360,0.890,83.3
122.43000,-47.93750,5.230,-0.210,0.0
123.09208,14.00389,6.540,0.000,0.0
123.28708,29.65667,5.640,-0.070,0.0
124.88417,75.75694,5.540,0.900,0.0
122.10208,-63.80111,6.280,-0.060,0.0
122.39000,-56.08556,5.660,0.210,0.0
122.75667,-37.29222,6.440,-0.010,0.0
122.25292,-61.30250,4.760,0.430,18.2
123.96042,60.38056,6.450,0.200,0.0
123.24917,16.51417,6.010,0.890,0.0
121.98250,-68.61722,4.350,-0.110,0.0
123.42375,23.13778,6.560,0.110,0.0
122.83958,-39.61861,4.450,1.620,0.0
122.85792,-42.98722,4.750,0.180,250.0
122.79625,-48.46194,5.820,-0.150,0.0
123.54625,17.67583,6.470,0.300,0.0
123.33333,-15.78833,4.990,1.070,33.3
123.19167,-29.91083,6.520,0.060,0.0
123.58750,13.04833,6.380,0.000,0.0
123.00000,-46.64417,5.760,0.590,0.0
123.21458,-37.92444,6.430,0.100,0.0
123.12875,-46.26417,6.030,-0.110,0.0
124.46000,59.57111,5.640,0.160,0.0
125.16792,72.40722,5.980,1.540,0.0
123.37333,-35.89972,4.780,-0.110,0.0
123.42125,-33.56917,6.370,1.140,0.0
123.54583,-32.14083,6.060,-0.160,0.0
123.49333,-36.32250,5.080,-0.190,0.0
123.49500,-36.34111,6.110,-0.180,0.0
123.55500,-35.49056,5.780,1.020,0.0
123.51208,-40.34806,4.440,1.170,100.0
123.40083,-46.99194,5.130,-0.140,0.0
124.82208,62.50722,5.710,0.890,0.0
124.56583,54.14361,6.270,1.540,0.0
123.39208,-50.19611,5.510,1.610,142.9
124.14125,11.72639,7.130,1.560,47.6
124.12875,9.18556,3.520,1.480,83.3
123.59958,-45.83444,5.830,-0.200,0.0
123.96875,-30.92583,6.210,0.780,111.1
124.38208,8.86611,6.290,0.980,0.0
123.99542,-35.90278,6.160,1.550,0.0
125.10875,57.74333,5.890,0.390,0.0
124.22583,-21.32028,6.600,0.020,0.0
123.84708,-50.44944,6.440,1.490,0.0
124.34625,-16.28500,6.160,0.010,0.0
125.12125,53.57444,6.490,0.280,0.0
124.59958,-12.63194,5.980,0.760,12.2
123.81625,-62.91583,5.160,0.090,32.3
124.49292,-30.00333,6.450,1.040,0.0
125.01625,27.21778,5.140,0.470,16.4
125.68375,60.63111,6.410,0.970,66.7
125.08750,20.74778,5.830,1.130,0.0
124.81292,-10.16583,6.320,0.330,0.0
124.57250,-35.45167,5.580,1.240,0.0
124.55250,-37.37417,6.700,0.230,111.1
125.13375,24.02222,5.980,-0.030,0.0
124.95792,3.94778,6.050,0.970,0.0
124.63875,-36.65944,4.450,0.220,17.5
125.05458,-0.90944,6.180,0.600,0.0
125.07125,-5.32917,6.130,1.330,0.0
124.87250,-34.59028,6.430,-0.080,0.0
124.48250,-59.16694,6.420,0.390,0.0
125.70875,43.18806,4.250,1.550,43.5
125.11417,-22.92472,6.130,1.040,0.0
125.95208,53.21972,5.510,0.110,33.3
125.33417,-1.60222,6.500,0.020,111.1
125.33833,-20.07917,5.580,0.770,0.0
124.57875,-65.61333,5.070,1.150,76.9
125.47750,-17.58639,5.750,1.050,0.0
125.34583,-33.05444,4.830,1.450,33.3
125.33750,-36.48444,5.200,-0.190,0.0
125.84083,18.33222,5.950,0.170,90.9
125.62583,-6.17917,6.150,0.220,0.0
125.35083,-39.62083,6.160,0.170,0.0
126.17833,42.00500,6.020,1.590,0.0
125.72500,-7.54333,5.960,1.670,0.0
125.69500,-13.05472,6.110,1.000,0.0
125.98000,10.63194,6.080,1.490,0.0
125.70792,-26.34806,5.900,0.370,0.0
126.27042,35.01139,6.060,1.270,0.0
125.30000,-57.97306,5.970,-0.090,0.0
125.63167,-48.49028,4.820,-0.150,0.0
126.15167,-4.71694,6.010,0.460,0.0
125.82167,-38.28583,6.320,1.630,0.0
126.14583,-3.75111,5.610,0.460,17.5
125.28208,-64.10611,6.120,0.930,0.0
126.45792,17.04611,6.140,0.410,28.6
125.73000,-52.12389,5.850,0.010,0.0
124.95417,-71.51500,5.370,-0.060,0.0
125.00292,-71.50528,5.650,-0.100,0.0
127.44250,67.29750,5.880,0.970,0.0
126.61542,27.89361,5.570,1.400,0.0
126.39792,2.10222,5.730,1.530,0.0
126.47833,7.56444,5.130,0.940,62.5
125.62833,-59.50972,1.860,1.280,0.0
126.22958,-23.15361,5.680,0.060,0.0
126.90333,45.65306,6.320,0.620,21.7
126.69500,26.93444,6.320,0.180,100.0
126.69583,26.93528,6.300,0.180,100.0
126.66583,24.53417,7.020,0.320,47.6
126.66708,24.53528,7.810,0.520,47.6
126.41500,-3.90639,3.900,-0.020,38.5
126.26542,-24.04611,5.280,1.480,32.3
126.32958,-21.04583,6.010,0.400,0.0
126.41417,-17.43944,6.440,0.000,0.0
124.63167,-76.91972,4.070,0.390,18.9
126.68292,12.65444,5.500,1.600,33.3
126.48167,-14.92972,5.980,0.170,0.0
126.61333,-3.98750,5.590,0.220,35.7
126.23833,-42.76944,5.980,-0.170,0.0
127.56625,60.71806,3.360,0.840,111.1
126.67458,-12.53444,5.540,1.190,0.0
126.82167,-6.40972,6.590,0.510,0.0
126.46625,-42.15333,5.470,-0.150,0.0
126.57333,-39.05944,6.530,-0.090,200.0
126.57583,-39.06028,7.250,0.080,200.0
127.15333,24.14472,6.100,0.240,0.0
126.37917,-51.72806,5.170,-0.160,0.0
126.71167,-29.21528,6.730,-0.050,0.0
128.22250,69.32000,6.310,1.350,0.0
127.15542,14.21083,5.950,0.190,0.0
125.51833,-73.40000,5.290,0.010,100.0
126.88875,-20.84389,6.560,0.040,0.0
126.81833,-31.67306,6.330,0.900,0.0
127.12167,-2.51722,6.390,0.330,66.7
127.08208,-8.81611,6.430,1.200,0.0
126.97292,-26.13250,6.620,0.110,0.0
125.16042,-77.48444,4.350,1.160,27.8
126.60500,-52.80750,6.050,0.060,0.0
127.21208,-9.74833,6.000,0.420,0.0
126.99708,-35.11389,5.750,-0.150,0.0
127.14958,-23.07167,6.510,0.050,0.0
127.22208,-20.95028,6.670,-0.060,0.0
126.46500,-64.60083,5.970,0.960,0.0
126.43417,-66.13694,3.770,1.130,23.8
127.83292,37.26583,6.180,-0.030,0.0
126.86417,-55.01167,6.530,-0.020,0.0
126.90208,-53.08861,5.090,0.250,47.6
128.13958,53.11472,6.240,1.010,0.0
129.20292,74.72361,6.310,0.000,0.0
127.36500,-27.33250,6.700,-0.130,0.0
128.65083,65.14500,5.470,0.180,58.8
127.87708,24.08111,5.750,0.280,0.0
127.28167,-44.16056,5.790,-0.160,0.0
127.89875,18.09444,5.350,1.560,0.0
127.26958,-47.92917,5.330,-0.140,0.0
127.36500,-44.72500,4.990,-0.160,0.0
128.22917,38.01639,5.900,1.110,90.9
127.97750,9.81444,6.830,-0.070,0.0
127.61917,-32.15944,5.650,1.490,0.0
127.44000,-46.33194,5.990,-0.150,0.0
127.62333,-36.72111,6.690,1.950,0.0
128.34083,36.43639,6.240,0.360,31.2
128.17708,20.44111,5.330,1.250,76.9
127.87875,-19.57750,5.420,-0.060,333.3
127.40125,-55.19111,6.360,0.800,0.0
128.25042,24.08472,6.360,1.020,37.0
126.82042,-70.09333,5.530,-0.030,0.0
127.66333,-44.73722,6.300,-0.020,0.0
128.16625,10.06611,6.460,-0.020,0.0
127.85250,-39.06417,6.310,-0.150,0.0
128.13875,-15.02944,6.380,0.270,0.0
127.79500,-47.86667,6.390,-0.150,0.0
128.43792,13.25722,6.280,1.170,0.0
128.68250,36.41944,5.780,0.040,0.0
128.43125,4.75667,5.870,1.070,0.0
129.92750,73.62972,6.150,1.020,66.7
128.55542,8.45194,6.030,0.330,0.0
128.27000,-24.60639,6.190,0.270,62.5
127.87333,-54.39417,6.340,1.310,0.0
128.50667,-2.15167,5.810,0.000,0.0
128.21458,-31.50083,6.380,0.790,11.6
128.24417,-34.63389,6.360,0.950,0.0
128.02000,-53.21222,5.690,0.580,0.0
128.83083,19.59000,6.580,0.680,0.0
128.33292,-38.37111,6.490,-0.180,0.0
128.40958,-38.84889,5.960,-0.140,0.0
128.37667,-46.97111,6.240,1.560,0.0
129.79875,65.02083,5.640,0.620,13.7
128.85375,2.74361,6.330,1.020,0.0
126.08250,-80.91417,5.690,1.020,0.0
129.03208,15.31361,6.320,0.000,0.0
128.96250,6.62000,5.990,0.520,19.2
128.96375,6.62250,7.250,0.710,19.2
128.63208,-32.59861,6.430,0.750,0.0
128.86750,-7.98222,5.720,-0.030,0.0
128.62208,-37.61139,6.300,1.560,0.0
129.59250,53.40139,5.660,0.960,0.0
129.79250,59.93944,6.480,0.000,0.0
128.87000,-26.84361,5.960,0.370,0.0
130.05333,64.32778,4.600,1.170,62.5
128.80250,-39.97000,6.470,0.580,0.0
129.75000,52.92500,6.420,0.000,0.0
129.27417,9.65556,5.880,0.090,0.0
128.68167,-49.94417,5.010,1.330,111.1
129.82333,52.71167,5.910,1.170,0.0
129.57917,32.80194,5.940,1.120,0.0
129.41417,5.70361,4.160,0.000,30.3
129.36292,-4.93361,6.190,1.050,0.0
129.52167,9.57472,6.530,-0.020,0.0
128.96708,-50.97000,5.800,-0.130,0.0
128.83167,-58.00917,4.860,1.000,58.8
128.81417,-58.22500,5.260,-0.140,0.0
129.58458,-6.66250,6.510,0.440,0.0
128.17583,-73.35667,6.120,0.950,0.0
129.68917,3.34139,4.440,1.210,28.6
129.37375,-33.74583,6.480,0.330,0.0
129.46750,-26.25500,5.270,-0.040,26.3
129.33292,-40.14750,6.550,0.600,16.9
130.25458,45.83389,5.370,0.990,66.7
130.07625,31.94194,6.100,0.000,0.0
129.85250,8.01722,6.450,1.080,0.0
129.66792,-19.73694,6.330,1.590,200.0
129.41125,-42.98917,4.140,0.110,55.6
130.02667,20.00778,6.390,0.980,0.0
130.09208,19.67000,6.440,1.020,0.0
130.11250,19.54500,6.300,0.170,0.0
129.78333,-22.66194,5.050,0.730,15.9
130.00625,-12.47528,4.980,1.420,43.5
129.32833,-62.85361,5.470,1.020,50.0
129.92708,-29.56111,4.890,0.900,47.6
129.84208,-36.60694,6.130,0.420,41.7
129.68708,-53.09056,6.470,-0.100,0.0
130.75083,46.90111,6.220,0.960,0.0
130.25667,-9.05194,6.630,-0.020,0.0
130.02583,-35.30833,3.970,0.940,55.6
130.08042,-40.26417,5.200,-0.010,0.0
129.84917,-53.43972,5.480,-0.160,0.0
130.43042,-15.94333,4.880,1.060,31.2
129.99000,-53.05500,5.190,-0.140,0.0
129.80500,-60.31722,6.360,0.000,76.9
130.14708,-45.19139,5.710,1.650,0.0
130.15667,-46.64889,3.840,0.710,32.3
130.54083,-11.96611,6.450,0.160,0.0
130.07333,-52.92194,3.620,-0.180,0.0
130.07250,-53.01528,5.610,-0.140,0.0
130.82125,21.46861,4.660,0.020,62.5
130.80125,12.68083,5.640,0.390,0.0
131.04208,36.91806,6.330,0.000,0.0
130.30458,-47.31694,4.770,0.120,0.0
130.27208,-48.92250,5.900,-0.210,0.0
130.80625,3.39861,4.300,-0.200,0.0
130.18167,-57.54528,6.340,0.200,45.5
130.48708,-45.41083,5.230,0.210,0.0
130.15417,-59.76111,4.330,-0.110,0.0
130.99875,4.33472,6.370,-0.060,0.0
130.91833,-7.23361,4.620,0.840,142.9
129.77167,-70.38694,5.200,0.010,166.7
131.17125,18.15417,3.940,1.080,40.0
130.56667,-48.09917,5.510,-0.180,0.0
130.73750,-35.94333,6.420,0.020,0.0
131.33917,30.69778,6.130,0.940,125.0
131.18750,10.08167,5.660,-0.110,0.0
130.57875,-53.10000,5.520,-0.150,0.0
130.60625,-53.11389,4.860,-0.170,0.0
130.89792,-33.18639,3.680,-0.180,0.0
131.25542,5.68056,6.130,0.200,0.0
132.20583,66.70806,6.200,-0.110,0.0
130.58708,-55.77417,6.290,1.180,0.0
131.33667,-2.60083,6.410,0.520,200.0
131.23000,-21.16778,6.110,0.220,0.0
131.66667,28.76528,6.570,0.040,58.8
131.67417,28.76000,4.020,1.010,58.8
130.91792,-49.82278,5.160,-0.200,0.0
131.10000,-42.64917,4.070,0.870,19.6
131.51042,-2.04889,5.700,1.100,0.0
131.21625,-37.14722,5.760,-0.150,0.0
131.52875,-11.00639,6.250,1.610,0.0
131.73333,12.11000,5.870,0.110,0.0
131.69417,6.41889,3.380,0.680,37.0
131.45542,-25.38750,6.100,0.080,0.0
131.59375,-13.54778,4.320,0.900,76.9
131.17583,-54.70833,1.960,0.040,19.6
131.81250,-1.89722,5.290,0.040,50.0
131.50708,-46.04167,3.910,0.000,333.3
131.59917,-41.12556,6.210,-0.050,0.0
131.27208,-58.72500,6.210,-0.090,166.7
131.70500,-34.62278,6.370,-0.130,0.0
130.97625,-68.21167,6.320,1.500,0.0
132.10833,5.83778,4.360,-0.040,71.4
132.02042,-6.55861,6.090,1.280,0.0
131.62750,-45.91278,5.460,0.270,0.0
131.12500,-65.82556,6.050,0.200,0.0
131.82875,-46.15556,5.750,0.560,0.0
131.91875,-41.73722,6.360,0.580,34.5
131.67708,-56.76972,4.490,-0.170,0.0
132.63417,33.28528,6.250,0.490,0.0
132.34042,-3.44306,5.310,-0.090,0.0
132.03667,-42.46389,6.430,-0.200,0.0
130.33125,-78.96333,5.470,-0.100,0.0
132.00083,-52.85056,6.300,-0.100,0.0
132.68792,18.83222,6.160,-0.010,0.0
133.34417,61.96222,5.730,0.280,0.0
133.27458,59.05611,6.250,0.000,0.0
132.43708,-21.04861,6.470,0.230,0.0
132.98667,43.72667,5.150,0.980,55.6
133.04833,45.31250,5.990,1.260,0.0
132.75625,15.35056,6.380,0.640,0.0
133.04167,42.00250,5.990,1.250,0.0
132.46458,-32.78056,5.210,0.870,35.7
132.50917,-29.46306,5.870,0.950,0.0
132.41333,-40.32056,5.480,0.060,27.8
132.59000,-28.61806,6.170,-0.080,0.0
132.46833,-39.14167,6.390,0.230,0.0
132.63292,-27.71000,4.010,1.270,30.3
133.14417,32.47417,5.660,0.220,0.0
132.44875,-45.30806,4.930,0.050,83.3
133.11917,28.25917,6.230,1.620,0.0
133.14917,28.33083,5.950,0.870,13.5
132.89375,-7.17722,5.540,0.150,90.9
130.80167,-79.06972,6.050,0.230,0.0
132.58750,-42.09000,6.000,-0.100,0.0
133.10083,5.34000,6.330,0.120,0.0
132.63958,-46.52917,5.100,-0.210,0.0
133.48208,35.53833,6.140,0.040,0.0
133.12792,-13.23361,6.130,1.140,0.0
132.86625,-42.50444,6.550,0.040,0.0
134.15625,64.60389,5.580,0.860,0.0
133.56125,30.57944,5.390,1.050,200.0
133.10875,-32.50917,6.500,1.460,0.0
133.16083,-36.54556,6.420,0.560,0.0
133.20000,-38.72417,5.820,1.500,0.0
132.90250,-57.63361,5.590,-0.110,0.0
132.64500,-66.79306,5.350,0.420,32.3
133.57458,-5.43444,6.000,0.670,11.8
133.16083,-48.35917,5.910,-0.150,0.0
133.91542,27.92750,5.220,1.000,0.0
133.84542,17.23139,6.640,3.360,142.9
133.17000,-52.12917,6.390,0.000,0.0
131.48000,-79.50444,5.790,1.600,0.0
132.45958,-72.55083,6.110,0.200,0.0
134.20833,45.63194,5.740,1.090,0.0
134.12708,40.20167,5.890,0.350,0.0
133.84833,5.94556,3.110,1.000,28.6
133.46125,-40.44750,6.470,0.960,0.0
133.26583,-56.64944,6.030,-0.020,0.0
133.98167,11.62611,5.410,1.460,0.0
133.46125,-47.52083,5.330,0.260,52.6
133.87292,-7.97028,6.910,0.000,250.0
133.87333,-7.97111,6.670,0.220,250.0
133.80167,-18.24139,5.750,1.320,0.0
134.23583,32.91028,5.450,0.120,90.9
133.88125,-27.68194,4.890,0.110,27.0
134.15375,4.23667,6.140,1.000,0.0
134.28417,17.14389,6.170,1.000,0.0
133.98292,-23.81833,6.390,0.160,0.0
133.45292,-60.35417,5.780,-0.080,0.0
134.31208,15.32278,5.200,0.150,0.0
133.83042,-45.04167,6.260,-0.160,0.0
134.49458,30.23361,6.290,0.430,0.0
134.14208,-16.70944,5.960,1.540,0.0
134.39667,15.58139,5.670,0.200,0.0
134.61458,35.80250,6.510,-0.010,0.0
134.42500,9.38778,6.190,0.980,0.0
133.72500,-58.24000,6.380,-0.110,0.0
134.80167,48.04167,3.140,0.190,13.3
133.79958,-54.96556,5.710,0.480,0.0
133.76167,-60.64472,3.840,-0.100,0.0
134.62167,11.85778,4.250,0.140,41.7
134.53417,1.54167,6.590,0.060,0.0
134.08083,-52.72361,4.690,-0.120,50.0
134.88583,32.41861,5.200,0.930,0.0
135.63625,67.62972,4.760,1.530,71.4
134.79500,18.13472,6.380,1.550,0.0
134.68292,-16.13278,5.860,0.530,35.7
135.16000,41.78278,3.970,0.440,14.3
135.12833,37.60444,6.440,0.000,0.0
138.83833,84.18111,6.330,0.300,0.0
134.24333,-59.22944,4.920,-0.190,0.0
134.48250,-48.57333,5.870,1.070,0.0
134.91625,-19.20806,6.180,0.460,0.0
134.81542,-28.80611,6.250,1.000,0.0
135.41917,39.71333,6.360,0.300,0.0
135.35042,32.25250,5.820,0.000,0.0
134.71792,-47.23472,5.180,0.250,76.9
135.45375,27.90278,6.070,0.000,0.0
135.38083,5.64083,6.070,1.110,0.0
135.02250,-41.25389,4.450,0.650,33.3
136.00167,54.28389,5.750,0.020,0.0
135.09250,-43.17333,6.070,-0.160,0.0
135.90625,47.15667,3.600,0.000,62.5
135.68458,24.45278,5.450,-0.040,333.3
135.49167,-0.48278,5.670,1.150,0.0
135.29750,-26.66389,6.200,1.130,0.0
134.85042,-59.08361,5.160,0.420,18.5
135.68667,7.29806,5.850,1.110,0.0
135.33667,-41.86444,5.550,-0.140,0.0
136.04125,27.89833,6.380,0.000,0.0
135.52667,-39.40250,6.270,1.000,0.0
136.35042,48.53028,5.950,0.450,0.0
135.19042,-60.96389,5.790,1.210,0.0
135.43583,-52.18833,5.230,-0.120,125.0
136.23000,32.37694,6.460,0.240,0.0
135.78667,-25.50444,6.740,-0.030,0.0
136.67958,59.34444,6.450,0.040,0.0
137.09833,66.87333,5.140,1.510,90.9
135.28542,-68.68389,5.880,1.630,0.0
135.77167,-53.54972,6.400,-0.090,0.0
136.63250,38.45222,4.560,1.040,47.6
136.49333,5.09222,4.970,1.220,90.9
136.03875,-47.09778,3.750,1.200,50.0
135.61167,-66.39611,4.000,0.140,19.6
137.59667,67.13472,4.800,0.490,17.9
136.86208,22.98111,6.400,0.000,250.0
136.74958,1.46278,6.170,1.650,0.0
137.21792,51.60472,4.480,0.270,0.0
137.01708,32.54056,6.500,0.360,0.0
137.00042,29.65417,5.430,0.890,0.0
136.20000,-57.85250,6.440,0.250,0.0
136.93667,10.66806,5.240,-0.110,0.0
137.72958,63.51361,4.670,0.350,0.0
137.21292,33.88222,5.930,0.600,0.0
137.19708,26.62917,5.980,0.660,25.0
137.33958,22.04556,5.140,0.970,0.0
137.01208,-25.85833,4.580,1.590,76.9
136.64167,-55.80333,6.110,-0.150,0.0
137.17583,-8.58944,5.600,-0.060,0.0
136.81125,-51.21194,6.730,1.620,0.0
136.53167,-64.49972,6.370,1.350,0.0
138.51333,71.65583,6.550,0.960,0.0
136.99917,-43.43250,2.210,1.660,45.5
137.44333,11.56444,6.480,0.340,0.0
137.29792,-12.35778,5.770,0.940,0.0
137.18125,-26.76778,6.150,0.170,0.0
137.26792,-18.32861,5.730,0.000,0.0
137.66125,30.96306,5.950,1.670,0.0
137.58708,21.99639,6.010,0.900,0.0
137.39792,-8.78778,5.460,1.010,0.0
136.40958,-70.53889,4.710,-0.150,0.0
136.28667,-72.60278,4.480,0.610,41.7
137.48500,-30.36528,5.590,0.190,0.0
138.96917,72.94611,5.960,0.180,43.5
137.59583,-23.17667,6.530,0.000,0.0
137.43792,-49.42472,6.480,0.170,0.0
138.58583,61.42333,5.130,0.580,21.3
137.98167,5.46833,6.350,0.320,0.0
138.07333,14.99611,6.510,0.730,15.6
138.05375,3.86722,6.140,-0.010,0.0
138.45083,43.21778,5.320,-0.140,0.0
137.99458,-19.74778,5.730,0.980,0.0
137.76833,-44.86806,5.000,0.230,0.0
138.10833,-7.10972,6.110,0.220,0.0
137.92083,-39.25889,6.000,-0.110,0.0
138.40542,21.28333,6.480,0.020,0.0
137.88833,-46.58389,5.790,-0.210,0.0
137.74167,-58.96694,3.440,-0.190,0.0
138.95792,56.74139,5.270,1.560,0.0
138.12750,-43.61361,5.570,-0.110,200.0
139.04708,54.02194,4.830,0.190,23.8
137.81917,-62.31722,3.970,-0.180,0.0
138.80958,34.63361,5.970,0.860,0.0
138.59125,2.31417,3.880,-0.060,37.0
139.98250,74.01639,6.500,0.000,0.0
138.35792,-38.61639,6.310,0.000,0.0
138.32750,-42.27361,6.290,1.250,0.0
138.80750,14.94139,5.340,1.320,0.0
138.39375,-47.33861,5.920,-0.050,0.0
138.53417,-44.14583,5.850,-0.120,0.0
138.23167,-59.41444,5.540,0.850,0.0
138.60208,-43.22750,5.250,-0.140,90.9
138.85375,-15.02472,6.350,0.020,0.0
139.38000,46.81722,5.970,0.040,0.0
138.73833,-37.60250,5.860,0.830,0.0
134.17125,-85.66306,5.420,0.310,0.0
138.57500,-55.56972,5.270,0.990,66.7
138.81083,-45.55556,6.250,-0.080,166.7
139.17375,-6.35306,5.240,1.170,125.0
138.90292,-38.57000,4.940,1.110,37.0
139.17208,-8.74472,5.470,-0.090,0.0
138.93792,-37.41333,4.620,0.450,15.6
138.30000,-69.71722,1.680,0.000,47.6
139.60833,35.36417,5.750,0.000,200.0
139.28125,-14.57361,5.840,1.060,0.0
139.01750,-44.89861,6.040,0.280,0.0
139.46417,11.50111,6.410,0.070,0.0
139.71125,36.80250,3.820,0.060,23.8
138.82292,-58.38861,6.020,-0.100,0.0
139.09625,-44.26583,5.120,1.670,58.8
138.89583,-57.57806,6.320,1.040,0.0
139.23833,-39.40139,5.330,1.170,37.0
138.05125,-76.66306,6.140,1.090,0.0
139.05083,-57.54139,4.340,1.630,40.0
140.18250,51.26611,6.130,0.420,27.8
140.43042,56.69917,5.470,1.610,0.0
139.27250,-59.27528,2.250,0.180,58.8
139.42625,-54.49528,6.330,1.410,0.0
140.24708,38.18833,6.120,0.380,55.6
139.89042,-11.31417,6.620,0.080,0.0
139.52417,-51.05111,5.260,-0.070,0.0
139.88833,-15.83444,5.780,1.290,0.0
140.26375,34.39250,3.130,1.550,40.0
139.94333,-11.97500,4.790,0.930,43.5
140.36333,32.90194,6.160,1.090,0.0
139.67583,-51.56056,5.870,0.540,0.0
140.12083,-9.55583,4.800,0.930,45.5
139.94958,-34.10333,6.390,-0.100,0.0
140.31417,15.37111,6.530,-0.010,0.0
139.32167,-68.68944,5.390,0.420,17.2
139.46542,-67.05083,6.110,1.260,0.0
140.23125,-15.61778,6.330,0.460,0.0
140.18417,-31.76056,6.820,0.000,0.0
140.12333,-37.58139,6.050,1.390,0.0
139.88583,-55.18667,6.280,-0.100,0.0
140.37333,-25.96556,4.720,1.630,100.0
141.96500,75.09833,6.290,0.070,0.0
139.35583,-74.89444,5.290,0.020,0.0
139.36417,-74.73472,5.860,-0.020,0.0
141.43417,63.94083,6.280,1.460,0.0
140.88250,25.18306,6.410,0.820,0.0
140.71208,-9.83889,6.530,0.220,0.0
141.23208,51.57389,6.310,0.750,0.0
140.46208,-42.19500,5.580,1.630,0.0
141.09375,36.58694,6.670,0.210,0.0
140.23667,-62.40472,4.810,0.940,58.8
140.65292,-39.77472,6.540,1.130,0.0
140.60000,-46.04750,5.750,0.920,0.0
141.16375,26.18222,4.460,1.230,0.0
140.45833,-55.51500,5.630,0.190,0.0
140.80125,-28.83389,4.690,0.920,26.3
140.52833,-55.01083,2.500,-0.180,76.9
140.93667,-37.75722,6.480,0.180,0.0
141.38542,16.58556,6.290,0.970,62.5
141.06792,-39.42583,6.060,0.200,0.0
141.35000,-5.11750,5.590,1.520,0.0
140.99792,-51.73722,6.080,0.570,0.0
140.86417,-60.30250,6.300,1.480,0.0
141.59292,-1.46389,6.010,1.320,0.0
141.02375,-61.64889,5.990,1.060,0.0
142.16667,45.60139,5.410,0.980,0.0
141.81083,-9.22361,6.540,0.050,0.0
141.68667,-28.78750,6.100,-0.100,200.0
141.61875,-40.50194,6.200,0.250,0.0
142.44833,55.74556,6.450,0.000,0.0
141.89667,-8.65861,1.980,1.440,45.5
141.82667,-22.34389,4.690,1.140,33.3
141.94500,-6.07111,5.380,0.640,26.3
144.27167,81.32639,4.290,1.480,58.8
141.36292,-61.95028,5.770,0.150,0.0
141.57542,-53.37917,5.110,-0.110,0.0
142.11458,9.05667,5.410,0.600,29.4
142.12167,8.18833,5.710,1.040,0.0
141.91000,-35.00778,6.650,0.200,0.0
142.88208,63.06194,3.670,0.330,24.4
142.25917,-1.25694,6.270,0.270,83.3
142.28708,-2.76889,4.600,0.460,13.9
142.35208,-2.20528,6.140,0.220,0.0
141.68417,-64.92972,6.050,0.150,0.0
142.38500,-4.24722,6.260,0.840,0.0
142.30250,-20.74861,5.660,1.600,0.0
142.68000,33.65556,5.850,1.050,0.0
142.31125,-35.95139,4.510,1.440,200.0
142.31792,-38.40389,6.190,0.220,0.0
142.45792,-23.34528,6.240,1.570,0.0
143.72333,72.20556,5.720,0.480,0.0
142.88500,35.10306,5.370,1.530,0.0
142.47708,-26.58972,5.480,1.360,0.0
143.62042,69.83028,4.560,0.770,23.8
142.59417,-15.57722,5.850,1.200,0.0
142.93000,22.96806,4.310,1.540,50.0
144.02833,74.31778,6.460,-0.100,0.0
143.21417,51.67722,3.170,0.460,19.2
142.19583,-62.27306,5.920,1.100,0.0
141.77667,-71.60222,5.470,1.080,27.8
143.28000,49.43861,6.760,0.000,0.0
142.99000,9.71583,5.070,1.370,0.0
142.68917,-31.89139,7.000,0.090,0.0
142.69208,-31.88944,6.180,0.030,0.0
142.98625,11.29972,4.970,1.050,35.7
142.12750,-66.70194,5.910,0.010,0.0
142.52167,-51.51722,5.450,-0.100,0.0
142.91208,-10.55222,6.140,0.240,0.0
142.67500,-40.46667,3.600,0.360,15.4
142.99542,-1.18500,4.570,0.100,37.0
142.98250,-10.37056,6.130,1.190,0.0
142.88417,-31.87194,5.930,0.260,0.0
142.88708,-35.71500,5.870,1.290,0.0
143.37625,36.48694,6.180,1.270,0.0
143.32625,28.36806,6.530,0.120,0.0
142.59750,-58.36167,5.880,1.700,0.0
143.17250,1.86417,6.110,0.620,0.0
141.03792,-80.78694,5.360,0.450,0.0
143.08500,-19.40028,5.740,0.140,0.0
143.58167,46.90222,6.520,0.220,0.0
143.07708,-28.62806,6.460,0.330,0.0
143.70625,52.05139,4.500,0.010,40.0
143.55583,36.39750,4.550,0.920,0.0
143.25875,-8.50528,6.120,0.980,0.0
143.23250,-13.51694,5.940,1.500,0.0
142.80542,-57.03444,3.130,1.550,45.5
143.49625,23.45389,6.250,1.460,0.0
143.33375,-7.19000,6.240,1.170,0.0
144.48417,73.08056,6.420,0.000,58.8
143.08042,-40.64944,5.350,0.900,41.7
143.30208,-21.11583,5.010,1.020,19.2
143.76583,39.62139,4.810,0.990,0.0
143.35917,-22.86389,5.910,0.020,0.0
143.84333,39.96333,6.760,0.350,0.0
143.28250,-39.12889,6.430,0.330,0.0
142.88708,-66.71944,6.270,1.350,0.0
143.63625,-5.91500,5.560,1.160,0.0
143.91500,35.81028,5.410,0.770,9.2
143.06083,-62.78889,6.100,1.430,0.0
143.43542,-49.00500,5.120,-0.120,66.7
143.97042,14.37972,6.360,0.010,166.7
143.53667,-51.25528,5.010,-0.180,0.0
144.17875,31.16167,5.560,1.590,0.0
142.90125,-73.08083,5.470,1.560,0.0
143.89042,-19.58361,6.310,0.060,0.0
143.79917,-35.82389,6.490,0.420,0.0
144.86625,67.27222,5.940,1.520,0.0
143.61125,-59.22944,4.080,0.010,0.0
144.26083,16.43778,5.690,1.250,0.0
144.30292,6.83583,5.000,1.050,52.6
144.14042,-24.70278,6.530,0.380,0.0
144.59042,40.23972,5.250,0.220,0.0
144.25083,-25.29667,5.700,1.120,0.0
144.10542,-48.75139,6.170,0.270,47.6
144.46458,-9.42444,6.400,-0.040,0.0
144.29125,-32.17861,5.630,1.020,0.0
144.61375,4.64917,4.680,1.320,90.9
144.36792,-36.09583,5.980,1.120,0.0
144.20667,-49.35528,4.350,0.170,52.6
144.19292,-52.94417,6.190,1.050,0.0
145.56167,69.23750,5.690,1.140,0.0
145.73833,72.25250,5.170,1.040,0.0
144.30125,-53.66861,5.450,0.150,0.0
144.02125,-64.95056,6.560,0.100,0.0
144.50625,-43.19111,5.500,1.000,50.0
146.37833,78.13472,6.230,1.350,0.0
144.66958,-39.61417,6.700,0.490,0.0
144.96417,-1.14278,3.910,1.320,38.5
144.94750,-10.57028,6.310,-0.030,0.0
146.82500,79.13667,6.170,0.250,0.0
145.08375,-10.76917,6.370,0.080,0.0
145.07667,-14.33222,5.060,-0.150,0.0
145.39667,31.27806,5.890,1.600,0.0
145.50125,39.75778,5.620,0.950,55.6
145.28750,9.89222,3.520,0.490,29.4
145.41042,25.91278,6.240,1.250,76.9
145.67958,48.43111,6.390,-0.010,0.0
145.77917,54.36361,6.470,0.130,0.0
144.83750,-61.32806,4.520,-0.070,0.0
145.67792,35.09333,6.140,0.360,0.0
145.32083,-23.59167,4.770,-0.120,0.0
146.15292,64.98389,6.170,0.000,0.0
143.47167,-80.94139,5.110,-0.140,0.0
145.88875,29.97444,5.640,0.120,0.0
145.56000,-23.91556,4.940,0.530,12.5
145.17708,-57.98361,5.320,0.200,32.3
145.25917,-57.25972,5.800,1.090,0.0
146.48083,63.65333,6.340,0.310,0.0
145.93292,14.02167,5.350,1.630,0.0
145.67250,-35.50167,6.410,-0.060,0.0
145.44917,-55.21417,6.000,-0.130,0.0
146.12500,18.86361,6.500,0.000,0.0
146.63208,57.12806,5.200,1.620,0.0
146.05042,-27.76944,4.790,0.510,18.9
145.86458,-51.22833,6.150,-0.100,0.0
146.46292,23.77417,2.980,0.800,100.0
146.06583,-39.57111,6.820,0.300,0.0
145.92583,-53.89167,5.560,-0.040,0.0
146.54167,6.70861,5.790,1.640,0.0
146.59708,11.81000,5.630,1.490,0.0
146.34083,-30.20278,6.450,-0.130,0.0
146.59833,1.78556,5.650,0.340,0.0
146.85792,11.56833,6.450,0.430,0.0
147.14750,46.02111,5.090,0.620,13.7
146.88958,11.42889,6.020,1.300,50.0
146.41875,-57.18556,6.460,-0.110,0.0
146.31167,-62.50778,3.690,1.220,37.0
147.59875,65.59333,6.310,0.280,0.0
146.62667,-44.75500,5.550,-0.180,0.0
146.48083,-58.79417,6.220,0.460,0.0
147.74750,59.03861,3.800,0.290,24.4
147.45875,21.17944,6.090,0.250,0.0
146.77542,-65.07194,3.010,0.280,37.0
146.77792,-65.07250,6.260,0.080,37.0
147.36708,-37.18639,5.970,1.240,0.0
147.62542,4.34361,6.240,0.480,0.0
148.02667,54.06444,4.590,0.030,31.2
147.16667,-56.41194,6.060,0.940,0.0
147.75833,13.06611,6.460,1.580,0.0
147.46375,-36.26861,6.370,1.010,0.0
147.48792,-45.73278,5.080,-0.100,0.0
147.80833,-4.24333,6.010,0.170,0.0
147.97083,24.39528,5.320,0.230,25.0
147.84000,-6.18167,6.420,0.580,0.0
146.58583,-76.77611,5.450,0.890,52.6
147.86958,-14.84667,4.120,0.920,47.6
147.67500,-46.93444,5.730,1.080,0.0
148.19083,26.00694,3.880,1.220,40.0
148.05083,2.45417,6.020,-0.040,90.9
148.05000,0.07556,6.350,0.940,0.0
147.99833,-16.53472,6.080,1.040,0.0
148.12667,-8.10500,5.050,0.040,76.9
147.83250,-46.19389,5.620,1.170,0.0
148.76417,61.11611,6.270,1.050,0.0
147.92000,-46.54778,4.580,1.200,142.9
147.80042,-59.42583,5.790,1.360,0.0
147.73208,-62.74528,5.570,1.320,0.0
148.42875,5.95833,5.950,1.660,0.0
148.24167,-27.33222,6.300,0.620,66.7
148.92917,49.82000,5.270,0.070,40.0
149.59500,72.87944,5.830,1.140,0.0
148.55125,-25.93250,4.880,1.230,32.3
148.25000,-55.37333,6.480,-0.140,0.0
148.63208,-22.48833,6.240,0.040,0.0
149.30667,57.41833,5.930,0.890,142.9
148.71750,-19.00944,4.940,1.570,90.9
148.45917,-51.14694,5.930,-0.150,0.0
148.57333,-45.28389,5.710,-0.110,0.0
149.10833,8.93306,5.850,1.130,90.9
148.71375,-50.24389,5.720,-0.010,0.0
149.42125,41.05556,5.140,0.460,25.0
149.48708,45.41444,6.300,1.110,0.0
149.02250,-40.82472,6.410,1.610,0.0
149.19375,-26.55028,6.280,0.220,0.0
149.14792,-33.41861,5.840,1.200,0.0
149.22500,-27.47500,6.320,0.170,0.0
152.14292,83.91833,6.370,1.520,0.0
149.09125,-51.33611,6.370,-0.170,0.0
149.60875,27.75889,6.300,0.000,0.0
149.55583,12.44472,5.260,-0.040,55.6
149.53167,8.31417,6.040,1.360,0.0
149.96542,56.81194,5.480,1.460,0.0
149.21583,-54.56778,3.540,-0.080,0.0
149.29542,-52.63889,6.120,-0.130,0.0
149.90083,29.64528,5.730,1.060,0.0
149.42708,-48.41444,6.050,-0.140,0.0
149.04042,-71.38944,6.350,-0.080,0.0
149.92958,3.38472,6.700,0.270,0.0
149.77542,-23.95028,6.210,-0.100,0.0
149.71792,-35.89111,5.230,0.310,34.5
149.31333,-64.48944,6.580,1.130,0.0
149.24875,-69.10194,6.200,-0.100,0.0
150.05333,8.04417,4.700,1.600,58.8
150.25292,31.92361,5.360,0.660,18.9
150.70375,21.94917,5.660,-0.190,0.0
150.14333,-56.94667,6.520,0.980,0.0
151.15125,53.89167,5.740,0.480,0.0
150.41875,-53.36444,6.200,-0.130,0.0
150.70542,-30.57750,6.540,1.190,0.0
150.49167,-57.34972,6.200,1.120,0.0
151.29375,52.37083,6.140,0.000,0.0
150.92083,-9.57389,6.120,1.660,0.0
150.50000,-60.42083,5.940,0.260,0.0
151.03500,3.20111,6.450,0.400,0.0
150.92250,-25.31667,6.700,0.000,0.0
151.01208,-18.10167,5.860,-0.060,0.0
150.83542,-46.63611,6.120,0.020,0.0
151.08750,-24.28556,5.700,0.300,0.0
150.74958,-60.17861,6.190,0.170,0.0
150.70583,-62.15639,6.420,1.720,0.0
151.09750,-39.97583,6.430,1.300,0.0
151.42042,15.75750,6.370,0.370,0.0
151.28125,-13.06472,4.600,-0.090,0.0
150.89292,-61.88389,6.140,-0.040,125.0
151.31333,-36.38389,6.270,1.110,0.0
151.69750,5.61139,6.210,0.940,0.0
151.85750,35.24472,4.480,0.180,20.0
151.83333,16.76278,3.520,-0.030,333.3
151.54708,-47.37000,5.080,0.880,58.8
151.78958,-17.14167,5.600,1.500,0.0
151.52958,-52.18806,6.520,0.980,0.0
152.06625,31.60417,6.240,0.450,0.0
151.97625,9.99750,4.370,1.450,0.0
151.98458,-0.37167,4.490,-0.040,66.7
152.09292,11.96722,1.350,-0.110,22.2
150.18208,-82.21472,5.520,0.030,0.0
152.00708,-37.33361,6.360,0.980,0.0
152.19042,-10.88472,6.530,0.020,0.0
152.14792,-15.61167,6.270,-0.010,0.0
152.74542,40.66139,6.320,1.250,0.0
152.48542,-12.09583,6.240,0.180,0.0
152.53125,-8.40833,5.910,0.020,0.0
152.23458,-51.81111,4.860,-0.120,0.0
152.52458,-12.81611,5.310,0.360,35.7
152.38250,-35.85667,6.130,0.600,20.8
152.80333,37.40194,5.850,1.290,0.0
152.64708,-12.35417,3.610,1.010,37.0
152.17750,-65.81528,5.280,0.980,0.0
152.73250,-8.41833,5.650,1.300,0.0
151.03167,-81.56583,6.600,0.920,0.0
152.90917,13.35500,6.440,0.460,0.0
152.34125,-61.54917,5.600,1.600,0.0
152.82417,-7.31667,6.250,0.010,0.0
152.65792,-41.71500,5.980,1.240,0.0
152.37708,-68.68333,5.810,0.020,142.9
153.01208,-28.60639,6.280,0.010,0.0
153.20125,4.61472,5.770,1.180,0.0
153.15750,-19.15361,6.440,0.500,0.0
153.45750,27.13583,6.040,0.850,0.0
152.89667,-58.82806,6.400,1.660,0.0
153.78208,59.98556,6.250,1.600,0.0
152.94375,-58.06056,5.720,-0.080,0.0
153.09583,-52.16333,6.160,1.170,0.0
153.33083,-27.02889,6.250,0.310,0.0
153.62375,21.16778,6.020,0.560,0.0
153.35333,-33.03194,6.380,0.590,18.2
153.77625,31.46806,6.460,0.000,0.0
153.44125,-40.34583,5.900,1.210,0.0
154.50458,73.07333,6.400,0.230,0.0
153.34500,-51.23333,5.280,0.250,0.0
153.25542,-59.91806,6.100,-0.080,0.0
153.48583,-40.31056,6.350,0.940,0.0
153.36667,-51.75611,5.780,0.140,0.0
154.46083,71.06056,6.660,0.320,38.5
153.33833,-61.65889,6.410,-0.110,0.0
153.68417,-42.12194,3.850,0.050,29.4
154.06000,29.31056,5.350,0.010,0.0
153.37750,-66.37306,5.160,0.210,83.3
154.50833,65.10833,5.820,0.120,0.0
154.11708,28.68250,6.490,0.600,0.0
154.06708,17.74028,6.550,0.000,71.4
153.83708,-36.51806,6.190,1.060,0.0
154.13458,23.50306,5.970,0.670,29.4
154.17250,23.41722,3.440,0.310,58.8
154.17458,25.37139,5.840,1.200,0.0
154.27417,42.91444,3.450,0.030,33.3
154.03792,-11.20333,6.080,1.100,0.0
154.16958,13.72833,5.410,1.610,0.0
153.88125,-43.11250,5.600,1.520,0.0
153.43417,-70.03806,3.320,-0.080,0.0
153.81917,-54.97417,6.160,-0.170,0.0
154.31083,23.10611,5.820,0.500,16.1
154.19000,-20.67056,6.570,0.480,0.0
154.54292,27.41528,6.520,-0.020,0.0
154.40750,-8.06889,5.240,0.310,35.7
154.01292,-59.90333,6.220,0.200,83.3
154.74583,46.76083,6.430,0.000,0.0
154.16750,-51.20500,6.300,1.540,0.0
154.86167,48.39694,6.000,1.020,0.0
155.26417,68.74750,5.960,0.200,0.0
154.75292,24.71167,6.400,0.000,0.0
154.53167,-28.99194,5.340,0.240,0.0
154.27083,-61.33222,3.400,1.540,37.0
155.06167,53.77917,6.450,0.540,0.0
155.13000,54.21694,6.000,1.130,0.0
154.65750,-36.80472,6.300,1.280,0.0
154.93375,19.47083,4.790,0.450,19.2
154.82000,-12.52806,6.000,0.260,0.0
154.61750,-41.66833,5.960,-0.060,0.0
154.99292,19.84167,2.610,1.150,45.5
154.99417,19.84056,3.800,0.000,45.5
154.88417,-5.10583,6.370,0.900,0.0
154.99750,-9.05889,6.320,0.330,0.0
154.65667,-56.11000,5.810,0.480,0.0
157.42292,84.25222,5.500,0.000,29.4
154.90333,-55.02944,4.570,1.620,0.0
155.25833,2.28972,6.660,-0.080,0.0
154.77000,-64.67639,5.670,0.050,0.0
155.06958,-47.69917,5.650,1.670,0.0
155.54375,41.22944,5.760,0.540,24.4
155.28250,-17.98500,6.510,0.400,0.0
155.58208,41.49944,3.050,1.590,28.6
155.45958,14.97556,6.120,0.020,0.0
155.36958,-23.71083,6.500,0.200,0.0
156.03292,65.56639,4.970,-0.060,23.3
155.40000,-22.52833,6.510,0.070,166.7
155.22833,-56.04306,4.500,-0.120,125.0
155.77625,33.90806,5.900,0.140,0.0
155.55375,-19.86694,6.130,0.030,0.0
155.75167,6.54250,6.070,1.120,0.0
155.92417,29.61583,6.390,1.090,0.0
155.81083,5.69417,6.540,0.460,142.9
155.58167,-41.65000,4.830,1.120,41.7
156.03583,33.71861,5.500,1.180,0.0
155.86042,-4.07417,5.970,-0.100,0.0
155.80458,-30.16222,6.270,0.310,0.0
157.76917,82.55861,5.260,0.370,21.3
156.05458,2.36806,6.320,1.000,0.0
155.87208,-38.01000,5.330,0.250,66.7
155.91833,-41.95333,6.270,0.880,0.0
156.31333,8.78472,5.610,1.620,0.0
155.74208,-66.90167,4.990,-0.130,0.0
156.47875,33.79611,4.740,0.250,0.0
155.96208,-57.95389,6.350,1.520,0.0
156.43458,-7.05972,5.570,1.520,0.0
156.32167,-42.46806,6.180,1.000,0.0
156.52250,-16.83639,3.810,1.480,55.6
156.24750,-58.57639,5.950,0.320,0.0
156.86667,41.60083,6.020,0.170,0.0
156.75208,19.36444,6.150,1.140,0.0
157.01583,48.78472,6.440,0.600,18.9
156.53958,-42.73889,6.130,1.130,0.0
156.97083,36.70722,4.210,0.900,45.5
156.91250,9.76250,6.040,-0.060,0.0
156.09875,-74.03167,4.000,0.350,11.6
157.15208,45.21222,6.350,1.320,0.0
156.78792,-31.06778,4.250,1.450,41.7
156.18458,-73.97167,6.190,0.070,0.0
157.47625,65.62611,6.320,1.140,0.0
156.70417,-54.87750,5.580,1.560,0.0
157.61083,64.25750,6.120,0.160,0.0
157.18333,-3.74250,6.050,0.050,0.0
156.85167,-57.63889,4.660,0.510,0.0
157.00792,-49.40556,6.100,1.510,0.0
157.65667,55.98056,4.840,0.520,13.0
157.52667,38.92528,5.770,0.080,0.0
156.96958,-58.73944,3.820,0.310,100.0
156.85542,-65.70472,6.010,0.090,0.0
157.36958,-2.73917,5.210,-0.060,0.0
157.37083,-29.66361,5.580,1.420,0.0
157.39750,-30.60722,5.560,-0.040,500.0
157.57292,-0.63694,5.090,-0.140,0.0
157.21917,-64.17222,5.290,1.860,100.0
159.00708,80.49444,6.520,0.950,0.0
157.74458,-7.63750,6.200,1.380,0.0
157.74917,-13.58833,5.580,-0.040,0.0
157.96417,32.37944,5.900,0.110,0.0
157.71417,-26.48389,6.510,0.540,0.0
158.77292,75.71306,4.840,0.960,37.0
158.04917,14.13722,5.460,1.680,0.0
157.66333,-61.35611,6.430,1.760,0.0
157.53625,-66.98500,6.190,0.010,0.0
157.95250,-28.23750,6.050,0.510,0.0
158.43167,53.49750,6.450,0.000,0.0
158.30792,40.42556,4.750,0.230,32.3
158.20292,9.30667,3.850,-0.140,90.9
157.84083,-53.71556,4.890,0.500,20.0
157.98958,-45.06667,5.740,-0.150,0.0
157.98583,-45.06944,6.090,-0.110,0.0
158.37875,34.98861,5.580,0.020,0.0
157.58375,-71.99306,4.740,0.040,71.4
158.14000,-44.61889,5.910,0.920,0.0
158.00583,-61.68528,3.320,-0.090,0.0
158.79042,57.08278,5.160,0.340,27.8
157.75833,-73.22167,4.930,1.680,0.0
158.23708,-47.00333,5.020,1.040,100.0
158.19833,-58.66694,6.000,0.320,0.0
158.50375,-23.74528,5.080,1.600,58.8
158.70000,6.95361,5.080,0.940,29.4
158.35542,-58.19028,6.140,0.350,0.0
158.75917,8.65028,5.670,0.050,200.0
158.74042,-23.17611,6.100,0.500,0.0
159.08917,36.32694,6.280,0.390,0.0
158.55375,-60.98778,6.230,1.400,0.0
158.91208,-18.56917,6.490,0.200,0.0
158.80375,-39.56278,5.380,2.880,0.0
158.79375,-43.66472,6.080,0.940,0.0
159.07250,-10.58333,6.570,0.290,0.0
159.06958,-16.34444,6.030,1.650,0.0
159.01917,-26.67500,6.290,0.480,50.0
159.13500,-12.23028,5.700,0.520,20.8
158.89708,-57.55778,4.450,1.620,38.5
159.29833,-11.74861,6.520,0.290,0.0
157.96250,-81.92111,7.070,-0.080,0.0
159.30708,-27.41250,4.890,1.620,100.0
159.38833,-13.38444,4.820,2.680,0.0
159.08458,-59.56472,5.080,1.180,26.3
159.77375,53.66833,5.520,1.270,0.0
159.68000,31.97611,4.710,0.810,47.6
159.32542,-48.22583,3.840,0.300,25.0
159.78167,37.91000,5.850,0.570,26.3
159.36167,-58.73333,5.450,0.500,0.0
158.85333,-76.30917,6.300,1.200,0.0
159.64583,-16.87667,4.910,0.920,71.4
159.71000,-12.44361,6.040,0.000,0.0
159.51042,-57.25639,5.910,-0.140,0.0
158.86708,-78.60778,4.110,1.580,111.1
159.70958,-42.75361,6.110,0.660,0.0
160.45125,68.44333,5.750,1.300,0.0
159.68792,-59.18306,4.660,1.480,62.5
160.48583,65.71639,5.120,1.200,38.5
159.74750,-58.81694,5.920,1.650,0.0
159.82667,-55.60333,4.280,1.040,43.5
160.76708,69.07611,5.000,1.380,200.0
160.35083,-1.74167,6.260,0.880,38.5
160.21500,-35.74167,6.370,0.920,0.0
160.54708,31.69694,6.020,1.620,0.0
160.04708,-65.10056,5.520,-0.160,0.0
159.81917,-74.49361,6.070,1.710,0.0
160.93042,57.19917,5.800,-0.020,0.0
160.32333,-59.67694,6.420,0.080,0.0
160.75750,26.32556,5.510,0.170,0.0
160.63042,-13.97500,6.240,1.540,0.0
160.88708,46.20389,5.180,0.330,47.6
160.85417,23.18833,5.080,0.040,62.5
160.83708,4.74778,5.790,1.170,333.3
160.68000,-32.71583,5.640,0.000,0.0
161.26667,67.41139,6.000,2.390,0.0
160.55833,-64.46639,4.820,-0.140,0.0
161.06042,19.75861,6.270,0.170,0.0
160.66917,-59.21583,5.380,0.260,0.0
160.73917,-64.39444,2.760,-0.220,0.0
160.88375,-60.56667,4.570,1.710,50.0
161.28917,2.48806,6.280,1.210,0.0
161.59375,57.36583,6.340,1.560,0.0
161.46625,30.68222,5.240,-0.060,0.0
160.96333,-64.24889,5.770,0.000,0.0
161.02875,-63.96111,4.820,-0.130,0.0
160.46375,-79.78333,5.970,-0.070,0.0
161.52375,6.37306,6.370,1.120,0.0
161.60208,18.89139,5.490,1.120,0.0
161.60542,14.19472,5.480,0.910,0.0
161.26500,-59.68417,6.210,0.610,0.0
161.08083,-70.86000,6.260,0.200,0.0
161.13375,-70.85500,6.460,0.230,0.0
161.11042,-72.44389,6.270,0.490,0.0
161.71667,-17.29667,5.420,0.110,0.0
162.20833,65.13222,6.390,-0.020,0.0
161.69250,-49.42000,2.690,0.900,45.5
161.57000,-60.60333,6.250,0.040,0.0
161.90833,-15.26194,6.670,-0.010,83.3
161.56875,-64.51500,5.340,-0.100,0.0
161.62375,-64.26333,5.230,-0.070,0.0
161.73958,-56.75722,5.230,-0.080,0.0
161.71333,-64.38333,4.850,-0.150,0.0
162.23833,29.41583,6.150,1.150,26.3
162.16917,-1.95889,5.930,1.600,0.0
162.05917,-31.68833,5.880,0.030,0.0
161.91125,-57.46778,6.360,1.620,0.0
162.31417,10.54528,5.340,0.030,142.9
162.02250,-59.91917,6.000,0.270,0.0
162.32208,-4.02417,6.610,0.220,90.9
162.47375,27.97389,6.040,0.370,0.0
161.31542,-80.46972,5.470,0.950,333.3
162.40625,-16.19361,3.110,1.250,35.7
162.43125,-9.85278,5.860,1.070,0.0
161.44500,-80.54028,4.450,-0.190,0.0
162.79625,56.58222,5.670,1.120,0.0
162.84875,59.32000,5.580,1.140,0.0
162.57542,-8.89778,5.790,0.160,0.0
162.48750,-34.05806,5.610,0.040,0.0
162.35042,-59.32361,5.910,0.000,100.0
162.77250,-3.09250,5.950,1.480,0.0
163.12833,52.56528,6.650,0.000,0.0
163.13292,52.50361,6.440,1.110,0.0
163.37792,69.85389,5.930,0.990,34.5
163.05708,1.02528,6.380,0.080,0.0
163.15042,-0.20139,6.310,1.500,0.0
163.39375,54.58500,5.100,1.360,62.5
163.32792,34.21500,3.830,1.040,41.7
163.49458,43.19000,4.710,-0.050,71.4
163.35375,-2.25528,6.120,0.900,0.0
163.12875,-57.24056,5.250,0.160,0.0
163.37292,-20.13889,5.240,0.470,18.5
163.38708,-15.44556,6.380,1.160,0.0
163.43208,-2.12917,5.450,0.960,0.0
163.67583,25.49083,6.200,0.280,0.0
163.57417,-13.75806,5.660,0.830,0.0
163.74250,34.03472,5.720,1.010,0.0
163.37333,-58.85333,3.780,0.950,16.9
163.93500,33.50694,5.030,1.100,0.0
163.90333,24.74972,4.500,0.010,66.7
163.90542,24.74889,6.300,0.000,66.7
163.79833,-20.66500,6.440,1.100,0.0
163.42500,-70.72028,5.990,-0.020,250.0
163.75417,-42.25111,6.110,-0.080,0.0
164.06042,42.00833,6.030,1.130,37.0
163.92667,0.73694,5.910,0.420,71.4
163.62333,-61.82667,5.930,1.750,0.0
164.00625,6.18528,5.810,1.450,0.0
163.11458,-79.55944,6.330,1.460,0.0
164.07042,22.35167,6.140,1.550,0.0
164.14333,25.50000,6.350,1.030,0.0
163.82167,-60.51694,5.920,1.080,0.0
164.98667,77.77000,6.200,0.970,0.0
164.17958,-37.13778,4.600,1.030,40.0
164.28292,-50.76500,5.910,0.180,0.0
164.82458,51.88222,6.170,1.380,0.0
164.45167,-59.73194,6.110,1.100,0.0
164.86667,40.43028,5.050,0.610,13.9
164.88667,36.09306,6.000,1.590,55.6
164.31542,-75.09972,6.130,1.530,0.0
165.06125,45.52611,5.470,1.470,0.0
164.92125,11.70583,6.550,0.430,0.0
164.80792,-33.73722,5.710,0.370,0.0
165.10667,51.50194,6.430,0.000,0.0
164.87875,-16.35389,5.890,1.630,0.0
165.08583,42.91139,6.020,0.570,52.6
165.27417,63.42111,6.390,0.160,0.0
164.94375,-18.29889,4.080,1.090,32.3
165.21000,39.21222,5.080,0.240,0.0
165.04833,-14.08333,5.880,1.500,0.0
164.80833,-61.32028,6.160,-0.060,0.0
165.14000,3.61750,4.840,1.160,142.9
164.99750,-43.80722,5.810,-0.080,0.0
165.03875,-42.22583,4.390,0.110,333.3
165.18667,6.10139,4.990,0.160,28.6
165.46042,56.38250,2.370,-0.020,18.9
165.03583,-51.81778,6.150,0.180,0.0
165.23833,-15.79278,6.340,1.180,0.0
165.17000,-31.83944,6.070,0.520,0.0
165.45708,-2.48472,4.740,1.620,31.2
165.58250,20.17972,4.420,0.050,58.8
165.93208,61.75083,1.790,1.070,26.3
165.60167,-26.83139,6.230,0.310,0.0
165.81083,-0.75250,6.140,0.260,0.0
164.80375,-81.55611,6.710,0.550,100.0
165.81208,-11.30361,5.500,0.940,0.0
165.90250,-0.00083,5.950,1.220,0.0
165.81708,-31.96083,6.460,1.620,0.0
165.90208,-13.43444,6.340,0.880,0.0
166.13000,38.24139,6.000,0.160,0.0
166.25417,7.33611,4.630,0.330,34.5
166.13000,-47.67917,5.670,0.240,0.0
164.80750,-84.59389,6.190,0.110,0.0
166.22583,-35.80472,5.430,0.030,0.0
166.33292,-27.29361,4.940,0.360,23.3
166.39167,-11.08889,6.090,0.300,0.0
166.26750,-49.39250,6.130,-0.020,0.0
166.49000,-27.28778,5.710,-0.060,0.0
166.52417,-51.21250,6.300,0.950,0.0
166.72583,1.95556,5.520,0.970,28.6
166.66125,-28.72778,6.770,0.040,0.0
166.61417,-50.95667,6.320,1.160,0.0
166.91542,23.32361,6.460,0.160,0.0
166.62208,-58.67528,6.020,1.240,0.0
166.78500,-32.58722,6.590,0.340,0.0
166.63500,-62.42417,4.610,1.030,18.2
166.60083,-64.83972,6.410,0.120,0.0
166.81917,-42.63861,5.150,0.030,0.0
166.97667,-30.17472,6.540,0.600,20.4
166.70792,-70.87806,5.570,-0.050,0.0
167.41625,67.21028,6.060,0.220,0.0
167.06583,-29.97278,6.490,0.030,0.0
167.20458,24.65833,5.680,0.060,0.0
167.32958,36.30944,5.740,1.510,0.0
167.18292,-28.08056,5.440,0.070,90.9
167.41583,44.49861,3.010,1.140,0.0
167.41042,43.20750,5.890,1.570,0.0
167.14750,-58.97500,3.910,1.230,0.0
167.14167,-61.94722,5.130,0.220,111.1
167.47250,-32.36750,5.810,0.040,0.0
168.04583,68.27194,6.400,0.000,0.0
167.93208,14.40028,6.300,0.210,0.0
167.72792,-58.45528,6.880,-0.080,0.0
167.91458,-22.82583,4.480,0.030,19.6
168.18542,54.89417,6.630,0.000,0.0
168.13417,35.81361,6.410,0.610,0.0
168.06167,-32.43389,6.380,1.700,0.0
168.12667,-18.50000,6.130,-0.010,0.0
168.14417,-21.74917,6.400,1.380,0.0
167.87292,-71.43639,6.350,1.370,0.0
168.13792,-49.10111,5.360,0.180,0.0
168.41750,41.08861,6.330,1.150,0.0
168.15000,-60.31750,4.600,0.550,200.0
168.23708,-49.73639,6.110,1.060,0.0
168.31125,-44.37222,5.800,1.660,0.0
168.18833,-64.16972,5.230,-0.060,0.0
168.44000,-0.06972,5.420,-0.030,55.6
168.52708,20.52361,2.560,0.120,20.8
168.50750,8.06056,5.790,1.120,0.0
168.56000,15.42944,3.340,-0.010,38.5
168.41375,-53.23167,5.760,1.320,0.0
168.37833,-59.61944,5.740,-0.100,0.0
168.80083,23.09556,4.630,1.660,100.0
169.01667,52.77306,6.500,0.430,19.2
168.72500,-43.73417,6.210,1.610,0.0
168.96625,13.30750,5.320,1.200,0.0
168.99083,12.84472,6.670,0.270,0.0
169.17458,49.47639,5.880,1.080,0.0
169.16542,-3.65167,4.470,0.210,52.6
169.24250,-7.13472,6.140,0.200,250.0
169.11542,-45.88000,6.310,0.400,62.5
169.32250,2.01056,5.180,1.520,100.0
169.29917,-38.01444,6.270,0.100,0.0
169.41333,-34.73722,6.450,0.400,0.0
169.54542,31.52917,4.870,0.000,7.3
169.54583,31.52917,4.410,0.590,7.3
169.42917,-36.53444,6.680,0.980,0.0
169.61958,33.09417,3.480,1.400,50.0
169.58750,11.98472,6.660,0.070,0.0
169.32917,-67.82361,6.060,1.760,0.0
169.78292,38.18556,4.780,0.120,40.0
169.72917,1.65056,5.910,1.040,0.0
169.83542,-14.77861,3.560,1.120,41.7
170.22417,67.10056,6.210,1.010,0.0
169.81875,-64.58250,5.990,0.460,0.0
169.64292,-79.66861,6.350,0.260,0.0
170.28417,6.02944,4.050,-0.060,0.0
169.90125,-75.14250,6.270,-0.030,0.0
170.45542,57.07500,6.430,0.150,0.0
170.01625,-71.99444,6.410,0.050,0.0
170.25167,-54.49111,3.890,-0.150,90.9
170.71375,64.33056,6.020,0.090,0.0
170.70667,43.48278,4.990,0.990,0.0
170.59625,-44.64583,6.120,0.920,0.0
170.82500,0.13167,6.050,1.460,0.0
170.84125,-18.78000,5.090,0.420,43.5
170.80292,-36.16472,5.000,1.460,40.0
170.48792,-77.60833,6.430,0.200,0.0
170.78375,-56.77944,5.790,0.010,0.0
170.98125,10.52917,3.940,0.410,19.2
171.00958,1.40778,5.390,0.940,0.0
170.84083,-64.95500,5.110,-0.080,100.0
171.15250,-10.85944,4.830,1.560,0.0
171.09208,-42.66917,6.120,-0.180,0.0
171.24542,11.43028,5.800,1.380,0.0
171.22042,-17.68389,4.080,0.210,35.7
171.04625,-72.25667,5.590,0.060,0.0
171.48792,55.85056,5.750,0.000,0.0
171.40167,16.45639,5.570,0.360,0.0
171.37250,-36.06306,5.220,0.990,31.2
171.45833,3.86000,6.370,0.330,0.0
171.38792,-37.74778,5.890,1.540,0.0
171.60625,33.45056,6.320,0.430,0.0
171.43000,-63.97278,5.170,0.500,25.0
171.68875,3.01306,6.500,0.790,18.5
171.64708,-61.11528,5.300,-0.080,0.0
171.78958,-12.35667,5.940,0.490,0.0
171.69708,-53.16000,5.810,0.520,0.0
171.98417,2.85611,4.950,1.000,29.4
171.97375,-1.70000,6.250,1.040,0.0
171.99375,-35.32861,6.450,0.000,0.0
172.26917,61.77833,5.830,0.360,0.0
172.26750,39.33694,5.310,0.010,40.0
172.14625,-42.67417,5.080,-0.030,142.9
172.43125,56.73750,6.280,0.150,0.0
172.07583,-72.47444,6.090,0.160,0.0
172.42458,15.41333,5.740,1.320,0.0
172.55375,54.36167,6.410,0.000,0.0
172.41083,-24.46333,5.760,0.070,47.6
172.96000,81.12722,6.150,0.240,50.0
172.60417,46.65750,6.350,1.270,0.0
172.62958,43.17333,5.940,0.490,0.0
172.57875,-3.00361,4.770,1.540,66.7
172.62083,18.40972,5.520,1.050,38.5
172.85083,69.33111,3.840,1.620,38.5
172.72042,47.92917,6.420,0.880,0.0
172.79250,48.78917,6.560,0.930,0.0
172.93708,14.36444,6.200,0.570,28.6
172.81250,-61.27833,6.380,0.520,0.0
173.08667,61.08250,5.480,0.500,22.2
172.94833,-20.77667,6.240,0.540,0.0
172.94208,-59.44222,5.130,1.080,41.7
172.95333,-59.51583,5.150,0.490,71.4
173.06708,-29.26333,5.810,0.530,76.9
173.06792,-29.26111,5.640,0.530,76.9
173.09708,-26.74667,6.160,1.660,0.0
173.19792,-7.82750,5.950,1.380,0.0
173.20042,-40.43639,5.640,1.580,0.0
173.08292,-66.96222,5.900,1.130,0.0
173.22542,-31.08722,5.040,1.580,52.6
173.25042,-31.85778,3.540,0.940,37.0
173.31083,-16.28056,6.050,0.600,0.0
173.48458,36.81556,6.400,1.050,0.0
173.40542,-40.58694,5.390,0.120,35.7
173.54167,11.02361,6.550,0.180,0.0
173.59167,3.06000,5.770,0.460,22.2
173.67708,16.79694,5.950,-0.160,333.3
173.77042,54.78528,5.630,1.020,0.0
173.62292,-32.83139,5.980,0.810,9.4
173.76583,20.44139,6.450,1.010,0.0
173.69042,-54.26417,4.620,-0.080,0.0
174.01167,69.32278,5.200,1.010,40.0
173.73667,-49.13667,5.500,1.040,29.4
173.80500,-47.37250,5.710,1.660,125.0
173.93083,10.91111,6.560,0.130,0.0
174.07458,27.78111,5.800,0.230,83.3
173.98167,-47.64167,5.250,0.250,45.5
173.94500,-63.01972,3.130,-0.040,0.0
174.17042,-9.80222,4.700,-0.080,0.0
174.14583,-33.57000,5.740,1.020,0.0
174.17000,-37.23778,6.310,0.060,0.0
174.23708,-0.82389,4.300,1.000,52.6
174.09292,-61.05222,5.830,-0.090,0.0
174.25500,-32.98806,6.290,0.460,0.0
174.47083,50.61833,6.140,1.070,0.0
174.25250,-61.28333,5.150,1.120,500.0
174.39125,-47.74722,5.440,1.240,0.0
174.58583,43.62556,5.590,0.330,0.0
174.54083,8.88417,6.170,1.080,0.0
174.31500,-75.89667,5.650,0.350,0.0
174.63958,46.83417,6.100,0.380,0.0
174.70500,64.34694,6.460,0.000,250.0
174.63417,33.62556,6.270,1.320,0.0
174.61500,8.13417,5.360,1.570,0.0
174.60042,-2.43611,6.220,1.120,0.0
174.45167,-67.62028,5.960,1.020,0.0
174.68708,45.10861,6.440,0.560,20.4
174.53042,-61.82639,5.150,-0.020,41.7
174.66708,-13.20194,5.480,0.520,0.0
174.75167,-24.72111,6.420,0.820,0.0
174.96292,-14.46861,6.210,0.000,0.0
174.96000,-16.62028,6.190,1.620,0.0
174.87250,-65.39778,5.170,0.800,166.7
175.11417,57.97056,6.370,-0.120,0.0
175.05333,-34.74472,4.700,-0.070,0.0
175.19625,21.35278,5.260,0.980,0.0
175.26250,34.20167,5.330,0.720,8.4
175.17750,-53.96861,5.960,1.660,0.0
175.28500,-29.19639,6.440,0.660,31.2
175.22333,-62.09000,4.940,1.150,40.0
175.43167,55.17250,6.270,1.490,0.0
175.39292,31.74611,5.730,0.430,38.5
175.33250,-43.09583,5.550,0.000,0.0
175.43333,-32.49972,5.220,1.480,66.7
175.61833,66.74500,5.300,1.280,0.0
175.52167,22.21083,6.590,0.000,0.0
175.51458,-20.29389,6.220,0.950,0.0
175.25500,-83.10000,6.330,1.080,0.0
175.86333,-37.19028,5.980,1.460,0.0
175.73083,-79.30639,6.390,0.900,0.0
175.97958,-6.67722,6.070,0.960,0.0
175.88000,-62.48944,5.030,0.800,27.0
176.05500,25.21833,6.020,1.530,0.0
175.97042,-62.87833,6.100,0.060,0.0
176.19083,-18.35083,4.730,0.970,33.3
176.32125,8.25833,4.850,0.180,25.6
176.30250,-49.06972,6.260,1.170,0.0
176.46500,6.52944,4.030,1.510,71.4
176.51250,47.77944,3.710,1.180,52.6
176.43292,-45.69000,5.290,-0.120,0.0
176.40167,-66.72861,3.640,0.160,0.0
176.73167,55.62833,5.270,1.270,0.0
176.62833,-61.17833,4.110,0.900,90.9
176.62958,-40.50056,4.910,0.660,10.1
176.77917,-35.90694,6.170,0.960,0.0
176.81542,-30.28694,6.480,0.680,15.6
176.82958,-57.69639,5.410,1.670,250.0
176.99625,20.21889,4.530,0.550,45.5
176.97875,8.24583,5.320,0.020,58.8
177.09792,-10.31333,6.260,0.580,0.0
177.05958,-66.81472,4.720,1.540,76.9
177.16125,14.28417,5.880,0.290,18.9
177.18792,-26.74972,5.110,1.600,52.6
177.25500,-0.31861,6.150,0.520,0.0
177.26500,14.57194,2.140,0.090,12.2
177.31208,16.24278,6.040,0.270,0.0
177.42375,34.93167,5.700,0.460,0.0
177.42125,-63.78833,4.320,-0.150,0.0
177.48583,-70.22583,4.970,1.400,111.1
177.58125,-15.86389,6.130,0.950,0.0
177.67375,1.76472,3.610,0.550,9.6
177.61333,-62.64944,5.700,0.260,0.0
177.65458,-27.27778,6.480,0.980,0.0
177.73042,12.27889,6.350,0.270,0.0
177.75917,-5.33333,5.640,1.060,0.0
177.78917,33.37500,6.270,0.320,0.0
177.78625,-45.17361,4.460,1.300,45.5
177.84125,-12.18778,6.350,0.400,0.0
177.92333,-30.83500,5.850,0.560,52.6
177.96333,-65.20611,4.900,-0.110,0.0
178.24500,37.71861,6.450,0.750,8.6
178.04208,-56.98778,5.570,0.070,0.0
178.22750,-33.90806,4.280,-0.100,100.0
178.36167,-35.06667,6.170,0.080,0.0
178.45750,53.69472,2.440,0.000,35.7
178.45958,0.55194,6.300,0.200,0.0
178.54792,-57.41000,6.060,0.050,0.0
178.60750,-37.74889,6.460,0.520,19.2
178.67708,-25.71389,5.300,0.880,31.2
178.76292,8.44389,5.580,0.940,0.0
178.77375,46.47694,6.540,0.100,333.3
178.79667,46.46972,7.030,0.010,333.3
178.80875,36.75639,6.490,1.580,0.0
178.74917,-63.27889,5.910,0.190,0.0
178.91875,15.64667,5.530,0.110,0.0
178.91708,-28.47694,5.930,1.500,0.0
178.99333,56.59861,5.840,1.100,0.0
179.00375,-17.15083,5.180,-0.020,43.5
178.97792,-39.68917,6.130,1.020,0.0
179.22167,61.54917,6.220,0.960,0.0
179.18292,-47.07250,6.260,0.400,0.0
179.26542,-33.31528,6.210,-0.040,0.0
179.31083,40.34361,6.620,0.460,0.0
179.41708,-62.44889,5.570,-0.150,0.0
179.53000,32.27389,6.420,0.290,0.0
179.58583,61.46472,6.760,0.000,0.0
179.56333,-56.31722,5.440,-0.080,0.0
179.58458,-40.94722,6.790,0.970,0.0
179.69875,-64.33917,5.610,0.180,0.0
179.72667,-25.90889,6.430,0.030,0.0
179.76417,0.53056,6.170,1.260,0.0
179.82333,33.16750,5.960,1.150,0.0
179.79542,-51.69667,6.050,1.280,0.0
179.90542,-78.22194,4.910,-0.060,83.3
179.98833,34.03500,6.500,0.220,0.0
179.98708,3.65528,5.370,0.000,62.5
180.07750,80.85306,6.170,1.610,0.0
180.18542,-10.44611,5.550,0.770,12.5
180.17708,-21.83722,6.280,1.220,0.0
180.21833,6.61417,4.660,0.130,47.6
180.21333,-19.65889,5.260,-0.200,0.0
180.25750,-1.76806,6.310,1.210,0.0
180.37083,-57.50361,6.160,0.000,0.0
180.41458,36.04194,5.590,1.010,35.7
180.52833,43.04556,5.210,0.260,52.6
180.58375,-85.63167,6.050,1.290,0.0
180.61917,-71.48889,6.420,1.170,0.0
180.65708,-69.19222,5.890,-0.080,0.0
180.71500,-7.68361,6.220,1.490,0.0
180.75625,-63.31278,4.330,0.270,47.6
180.91500,-42.43417,5.150,0.410,25.6
180.93458,-74.21389,6.440,1.230,0.0
181.06917,21.45917,5.870,0.220,200.0
181.08000,-63.16556,4.720,-0.080,0.0
181.16125,-68.32917,5.350,-0.010,62.5
181.19375,-76.51917,5.040,1.490,333.3
181.11708,85.58722,6.270,0.590,0.0
181.23792,-60.96917,5.960,1.670,0.0
181.30208,8.73306,4.120,0.980,25.6
181.31292,76.90583,5.800,1.010,71.4
181.41542,62.93306,6.130,1.170,0.0
181.47167,-65.54722,6.330,0.220,0.0
181.48625,-35.69389,6.230,-0.080,0.0
181.49917,-3.13167,6.370,1.000,0.0
181.58250,-68.65083,6.230,1.240,0.0
181.59625,-65.70917,6.060,0.650,0.0
181.72042,-64.61361,4.150,0.340,18.9
181.95750,-75.36694,5.180,1.300,50.0
182.02167,-50.66139,4.470,-0.150,0.0
182.02000,-50.76333,6.370,-0.050,0.0
182.06125,-48.69278,5.340,-0.010,0.0
182.08958,-50.72250,2.600,-0.120,38.5
182.10250,-60.84722,6.220,1.740,0.0
182.10333,-24.72889,4.020,0.320,14.3
182.22417,-44.32611,5.750,0.240,0.0
182.22708,-41.23139,5.480,-0.070,0.0
182.42208,1.89778,5.950,1.120,111.1
182.44708,74.66139,6.350,0.500,0.0
182.51042,-34.70500,6.170,0.030,166.7
182.51417,5.80694,5.720,0.350,52.6
182.53125,-22.61972,3.000,1.330,37.0
182.64083,-37.87028,6.060,0.200,0.0
182.63167,16.80917,6.390,0.060,0.0
182.69208,27.28139,6.010,0.110,0.0
182.77042,-61.27750,6.080,0.390,0.0
182.76625,-23.60250,5.460,0.060,43.5
182.76208,-45.42278,6.610,1.080,0.0
182.88083,-51.35944,6.230,0.820,0.0
182.91292,-52.36861,3.960,-0.150,31.2
182.75000,81.71000,6.000,1.620,0.0
182.96333,25.87028,5.660,1.410,0.0
182.93708,57.05444,6.430,0.000,0.0
183.00500,28.53611,6.490,0.360,0.0
183.03875,20.54194,5.570,0.950,0.0
183.09167,-62.95083,5.920,0.290,0.0
183.19500,-70.15194,6.170,0.840,0.0
183.04958,77.61639,5.140,0.330,32.3
183.30417,-34.12556,6.500,1.660,0.0
183.35542,-38.92917,5.760,-0.130,0.0
183.48208,-78.57361,6.350,1.240,0.0
183.35792,10.26222,5.850,0.270,0.0
183.40292,-33.79278,6.330,0.080,0.0
183.51083,-45.72389,5.310,1.430,142.9
183.57000,-64.40861,6.220,0.120,0.0
183.68083,53.43472,6.160,1.040,0.0
183.74833,-20.84417,5.830,1.050,0.0
183.78625,-58.74889,2.800,-0.230,333.3
183.79417,-10.31250,6.110,0.460,29.4
183.87708,-41.91306,6.260,1.010,40.0
183.78542,70.20000,5.710,1.190,76.9
183.85667,57.03250,3.310,0.080,16.4
183.94583,-23.35361,6.540,0.450,62.5
183.95167,-17.54194,2.590,-0.110,0.0
184.00083,14.89889,5.100,0.060,38.5
184.09792,-72.61472,6.220,-0.010,0.0
183.92250,72.55083,6.290,1.140,0.0
184.03167,40.66028,5.660,1.550,250.0
184.08542,23.94528,4.950,0.970,166.7
184.12542,33.06139,5.000,1.140,45.5
184.27500,-65.69278,6.060,0.030,0.0
184.26375,-16.69361,6.050,0.100,0.0
184.39208,-67.96083,4.110,1.580,21.7
184.37292,53.19111,5.810,1.300,0.0
184.37708,28.93722,5.700,0.160,0.0
184.58625,-79.31222,4.260,-0.120,0.0
184.44708,-36.09389,6.150,0.010,250.0
184.43458,15.14417,6.340,1.370,0.0
184.53792,-3.95444,6.990,0.360,62.5
184.54000,-3.94861,6.540,0.330,62.5
184.60875,-64.00306,4.040,-0.170,0.0
184.63167,30.24917,6.230,0.300,0.0
184.66792,-0.78722,5.900,0.170,0.0
184.74875,-55.14306,5.000,1.590,100.0
184.21417,86.43611,6.330,0.430,27.0
184.75875,26.00778,6.480,0.180,0.0
184.82958,23.03472,6.270,0.170,0.0
183.83458,87.70000,6.280,0.350,0.0
184.70792,75.16056,5.380,-0.020,55.6
184.87333,28.15694,6.330,0.500,40.0
184.97667,-0.66694,3.890,0.020,62.5
184.95292,48.98417,5.290,1.660,0.0
185.04458,-22.17556,5.970,0.820,125.0
185.11667,-65.84278,6.210,-0.040,0.0
185.08208,26.61944,5.540,1.090,0.0
185.07375,26.00194,6.150,0.300,16.7
185.08750,3.31250,4.960,1.160,0.0
185.14042,-22.21583,5.210,-0.100,0.0
185.17917,17.79278,4.740,1.010,0.0
185.17208,27.05472,7.130,0.360,125.0
185.23208,-13.56556,5.140,1.050,50.0
185.34000,-60.40111,3.590,1.420,38.5
185.21167,57.86389,5.550,1.430,0.0
185.48958,-56.37472,5.920,1.570,0.0
185.53042,-67.52194,5.150,0.190,142.9
185.54958,-68.30750,5.740,1.040,0.0
185.54500,24.77389,6.190,-0.010,0.0
185.70542,-57.67611,5.390,-0.100,0.0
185.62625,25.84611,4.810,0.490,71.4
185.63333,5.30556,6.400,0.600,37.0
186.40625,-86.15056,6.330,1.080,0.0
185.80750,-67.63167,6.360,0.890,76.9
185.84000,-24.84056,5.680,1.160,0.0
185.89750,-35.41278,5.320,-0.080,0.0
185.90375,-39.30306,6.400,0.290,0.0
185.93708,-38.91111,5.790,-0.080,0.0
185.94583,42.54278,6.060,0.330,0.0
186.00625,51.56222,4.800,0.870,26.3
186.07708,26.09861,5.180,0.080,111.1
186.18625,-41.38417,6.250,1.180,0.0
186.11125,25.58278,6.420,0.270,90.9
186.32208,-65.77056,6.300,0.960,0.0
186.28542,-42.51444,6.110,0.650,0.0
186.29875,-11.61028,5.950,0.030,0.0
186.32667,-27.74917,6.090,1.270,0.0
186.34083,-35.18639,5.730,-0.060,0.0
186.31292,23.92611,6.030,1.100,142.9
186.26333,56.77750,5.810,1.620,0.0
186.27667,63.80278,6.320,0.910,0.0
186.46208,39.01861,5.020,0.960,33.3
186.62875,-63.12250,4.860,-0.120,0.0
186.64958,-63.09917,1.330,-0.240,125.0
186.65208,-63.09944,1.730,-0.260,125.0
186.63167,-51.45083,4.820,-0.140,0.0
186.60042,27.26833,4.950,0.270,71.4
186.70083,-48.91333,6.260,0.680,25.0
186.71542,-32.83000,5.550,0.010,0.0
186.85250,-63.78917,6.000,0.070,0.0
186.73458,28.26833,4.360,1.130,333.3
186.74708,26.82556,5.000,0.080,41.7
186.86958,-58.99194,5.500,1.450,142.9
186.60083,71.92972,6.240,1.060,200.0
186.92542,8.61028,6.370,0.930,0.0
186.95583,-16.63194,6.350,0.840,0.0
187.01000,-50.23056,3.910,-0.190,0.0
187.07875,-64.34139,6.040,0.020,0.0
186.89625,55.71278,5.700,1.550,0.0
186.96500,-4.61528,6.220,0.440,0.0
187.10625,-61.79528,6.220,1.260,0.0
187.09375,-39.04139,5.440,-0.080,0.0
187.13917,-56.40778,6.150,0.920,47.6
187.15875,26.22667,6.540,0.170,0.0
187.18583,25.89917,6.650,0.220,0.0
187.22792,25.91278,5.290,-0.050,47.6
187.36208,24.10889,5.480,0.430,0.0
187.47458,-56.52472,5.800,1.560,0.0
187.49125,-41.73611,6.020,1.520,0.0
187.43000,20.89611,5.690,0.070,0.0
187.46625,-16.51556,2.950,-0.050,41.7
187.52000,-13.39306,6.350,0.560,20.4
187.57292,-23.69667,5.630,1.670,0.0
187.48875,58.40583,5.350,0.200,25.6
187.51208,51.53556,6.210,0.510,28.6
187.51792,58.76750,6.080,0.980,0.0
187.79125,-57.11333,1.630,1.590,0.0
187.81958,-57.08111,6.420,0.160,0.0
187.52792,69.20111,4.950,1.620,62.5
187.75250,24.56722,5.460,0.050,0.0
187.70875,53.07667,6.210,0.540,0.0
187.91792,-59.42389,5.480,0.630,100.0
188.04167,-73.00167,5.880,1.110,0.0
187.83917,7.60417,6.050,1.520,0.0
187.98250,-63.50611,5.950,0.270,0.0
187.91125,-5.05250,6.190,1.040,0.0
188.11667,-72.13306,3.870,-0.150,0.0
188.01875,-32.53361,6.460,0.200,0.0
188.01750,-16.19611,4.310,0.380,19.2
188.15000,-13.85917,5.740,0.400,0.0
188.26208,10.29556,6.260,0.950,0.0
188.34333,-19.79194,6.260,0.290,0.0
188.39292,-12.83028,5.580,0.860,0.0
188.39250,24.28306,6.290,0.110,0.0
188.44500,-9.45194,5.480,-0.030,52.6
188.49667,-49.90944,6.380,0.460,0.0
188.41208,33.24750,5.420,1.000,30.3
188.44750,33.38472,6.240,1.050,17.9
188.43542,41.35750,4.260,0.590,8.5
188.59667,-23.39667,2.650,0.890,29.4
188.37083,69.78833,3.870,-0.130,76.9
188.67625,-44.67333,5.770,0.700,47.6
188.71292,22.62917,4.810,0.000,250.0
188.87083,-61.84194,6.220,0.730,0.0
188.77625,18.37722,6.560,0.250,500.0
188.78250,18.37694,5.020,1.150,500.0
188.78375,21.88139,5.850,1.220,0.0
188.93958,-41.02194,5.130,0.220,41.7
188.68333,70.02194,4.940,1.310,0.0
189.00500,-39.87000,5.800,0.010,0.0
188.99417,-20.52722,6.200,0.330,0.0
189.29583,-69.13556,2.690,-0.200,0.0
189.19750,-5.83194,5.870,0.070,0.0
189.09708,59.48694,5.500,0.000,0.0
189.24292,17.08944,5.680,1.410,0.0
189.42583,-48.54111,3.860,0.050,41.7
189.42583,-27.13889,5.450,0.320,27.0
189.81042,-75.36944,6.490,0.080,0.0
189.51833,3.28250,6.330,0.010,0.0
189.71875,-67.19306,6.250,0.060,0.0
189.59333,1.85472,5.710,1.600,34.5
189.62500,6.98833,7.080,1.440,71.4
189.68583,-18.25028,6.000,0.290,0.0
189.76458,-30.42222,5.890,1.210,0.0
189.69292,40.87444,6.370,0.180,0.0
189.75875,22.65944,6.380,1.100,0.0
189.81167,-7.99556,4.660,1.230,50.0
189.98167,-66.51167,6.260,-0.050,0.0
189.78042,21.06250,5.460,0.960,0.0
189.82042,35.95194,6.450,0.060,0.0
189.96875,-39.98750,4.640,-0.080,0.0
190.34583,-46.14556,5.840,1.520,0.0
190.37917,-48.95972,2.170,-0.010,62.5
190.52125,-69.40750,6.330,0.780,0.0
190.31667,-13.01361,6.080,0.000,71.4
190.31750,-13.01500,5.980,0.420,71.4
190.48583,-59.68583,4.930,-0.040,0.0
190.39333,10.42639,6.190,0.190,0.0
190.41500,-1.44944,3.650,0.360,10.1
190.41500,-1.44944,3.680,0.000,10.1
190.45500,-19.75861,6.030,0.390,0.0
190.47125,10.23556,4.880,0.090,0.0
190.48792,6.80667,5.590,0.000,83.3
190.70958,-63.05861,5.310,0.270,0.0
190.64750,-48.81306,4.660,1.090,40.0
190.70667,-55.94722,6.080,-0.030,0.0
190.39125,62.71306,6.070,0.010,0.0
190.78792,-56.17611,6.000,-0.080,0.0
190.86750,-58.90306,6.400,1.090,0.0
190.85958,-40.17778,6.440,0.250,0.0
190.90875,-1.57694,5.930,0.860,0.0
190.99458,-36.34917,6.390,-0.060,0.0
191.00208,-28.32389,5.480,1.340,0.0
190.76750,61.15556,6.380,1.260,0.0
191.25708,-68.83111,6.160,0.690,0.0
191.40792,-60.98111,4.690,1.050,27.8
191.11292,44.10306,6.330,0.430,0.0
191.57042,-68.10806,3.050,-0.180,66.7
191.24792,39.27889,5.950,0.550,15.9
191.28250,45.44028,4.990,2.540,500.0
191.40458,7.67333,5.220,0.330,71.4
191.59458,-56.48889,4.650,-0.160,0.0
191.59375,9.54000,5.670,0.990,47.6
191.69167,-33.31556,5.860,1.340,0.0
191.66125,16.57750,5.120,1.350,0.0
191.10833,80.62111,6.400,0.120,0.0
191.93000,-59.68861,1.250,-0.230,0.0
191.75958,5.95083,6.340,-0.050,0.0
191.80667,11.95806,6.070,0.120,0.0
191.88917,-6.30194,6.260,0.550,0.0
191.97375,-24.85167,6.440,-0.060,0.0
191.96417,3.57278,6.410,1.600,0.0
191.82875,62.78083,5.890,0.000,0.0
192.11000,-27.59750,5.660,0.950,0.0
192.05958,13.55306,6.560,0.010,0.0
192.43708,-71.98639,5.550,1.170,0.0
191.89333,66.79028,5.430,1.560,43.5
192.19583,24.84028,6.310,0.700,23.3
192.22583,14.12250,5.700,0.020,0.0
192.17417,48.46694,6.270,0.180,0.0
192.16417,60.32000,5.850,0.460,24.4
192.55000,-60.40083,6.750,0.350,0.0
192.32250,27.55222,5.780,0.030,0.0
193.74417,-85.12333,5.460,1.020,0.0
192.58167,-48.45972,6.240,0.050,0.0
192.74125,-52.78750,5.730,0.130,0.0
192.57250,22.86333,6.430,1.000,0.0
192.67167,-33.99944,4.910,-0.040,50.0
192.54458,37.51694,5.890,0.150,0.0
192.82417,-60.32972,5.720,0.380,0.0
192.84542,-10.33833,6.410,1.020,0.0
192.90375,3.05667,6.020,1.290,0.0
192.98667,-39.68083,5.980,-0.100,0.0
193.02208,-48.09417,6.330,0.030,0.0
192.99125,-26.73806,6.150,0.230,0.0
193.10250,-53.82944,6.240,1.130,0.0
192.92458,27.54056,4.940,0.670,90.9
193.05125,17.07389,6.320,1.590,0.0
193.26625,-54.95250,5.930,1.310,0.0
193.11500,16.12250,6.300,0.160,0.0
193.34083,-60.32861,5.760,0.330,0.0
193.27875,-48.94333,4.330,1.370,50.0
193.35917,-40.17889,4.270,0.210,17.9
193.45458,-60.37694,5.900,0.200,0.0
193.29667,-3.55306,6.110,0.500,23.8
192.27750,83.41806,5.850,-0.060,0.0
192.30667,83.41278,5.280,-0.030,0.0
193.32417,21.24500,4.900,0.900,47.6
193.59167,-58.43056,6.580,0.760,0.0
193.40875,-4.22389,6.440,1.100,0.0
193.66333,-59.14667,4.620,-0.150,0.0
193.64833,-57.17778,4.030,-0.170,0.0
193.65333,-57.16833,5.170,-0.120,0.0
193.45708,12.41861,6.250,0.270,0.0
193.57792,-11.64861,6.000,0.080,0.0
193.58833,-9.53889,4.790,1.600,47.6
193.74375,-44.15194,5.890,0.640,22.7
193.55458,33.53444,6.260,0.200,0.0
193.50708,55.95972,1.770,-0.020,111.1
193.83083,-42.91583,5.470,1.680,0.0
194.13125,-72.18528,5.930,1.130,0.0
193.98750,-56.83611,5.320,0.010,0.0
193.73542,47.19667,5.840,1.550,0.0
193.90083,3.39750,3.380,1.580,45.5
193.97208,-15.32694,6.170,0.000,0.0
194.12542,-26.46028,6.620,0.680,0.0
194.26833,-51.19861,5.160,-0.060,0.0
194.00167,38.31472,5.600,0.340,37.0
194.00708,38.31833,2.900,-0.120,37.0
193.86875,65.43861,5.240,0.280,31.2
194.07333,54.09944,5.820,0.190,83.3
194.38833,-22.75389,6.310,1.070,0.0
194.28208,46.17694,6.120,1.010,0.0
194.73083,17.40944,4.780,1.560,0.0
194.91458,-3.81194,5.790,0.180,0.0
195.13583,-33.50528,6.020,0.380,0.0
195.56750,-71.54889,3.620,1.180,33.3
195.06875,30.78500,4.900,1.170,62.5
195.14958,-3.36861,5.990,1.120,0.0
195.16167,18.37306,6.200,0.420,50.0
194.69708,75.47250,6.010,0.990,0.0
194.97958,66.59722,5.320,1.290,200.0
195.29000,17.12306,5.960,0.960,0.0
195.77167,-71.47611,6.030,0.050,0.0
195.18250,56.36639,4.930,0.360,29.4
195.54417,10.95917,2.830,0.940,23.3
195.88833,-49.52722,4.850,0.020,83.3
195.44500,63.61028,6.000,0.410,30.3
195.94208,-20.58306,5.580,0.560,333.3
195.66833,59.71611,6.530,0.050,0.0
195.97667,-3.66333,6.590,0.290,200.0
196.20042,-41.19667,6.260,1.680,0.0
196.37833,-52.11500,6.430,1.700,0.0
196.56958,-48.46361,4.710,-0.140,0.0
196.64625,-41.58861,5.590,1.050,0.0
196.72750,-49.90611,4.270,-0.190,0.0
196.43542,35.79889,5.250,-0.080,90.9
196.85083,-59.86056,5.990,0.480,0.0
196.46792,45.26861,5.630,1.130,83.3
196.58833,21.15333,5.990,0.390,33.3
196.72625,-35.86194,6.540,-0.020,0.0
196.54250,29.02944,6.540,0.050,0.0
196.59417,22.61611,5.600,1.590,22.2
196.20708,73.02528,6.310,0.000,142.9
196.90958,-53.45972,5.710,-0.070,0.0
197.02917,-65.30639,5.510,-0.020,0.0
196.59458,62.04194,6.140,0.990,0.0
196.79458,27.62472,4.800,1.480,125.0
196.97417,-10.74028,5.190,1.140,40.0
196.97333,27.55583,6.190,1.360,0.0
197.13542,-8.98444,5.550,1.180,0.0
197.26375,-23.11806,4.950,1.050,83.3
197.31000,-9.53833,6.320,1.020,0.0
197.30167,10.02222,5.780,1.000,0.0
197.43875,-10.32944,5.940,1.490,0.0
197.44917,16.84861,5.910,1.450,0.0
197.48750,-5.53889,4.380,-0.010,38.5
197.41125,37.42306,6.020,1.150,0.0
197.74333,-52.56694,6.060,-0.090,0.0
197.96500,-69.94194,5.910,0.420,0.0
197.42500,38.53389,6.280,-0.120,0.0
197.49708,17.52944,5.220,0.450,18.5
197.49708,17.52944,5.220,0.000,18.5
197.78667,-42.23306,5.790,0.520,0.0
197.51333,38.49889,5.910,0.290,0.0
197.97125,-63.30278,6.330,0.440,0.0
197.84667,-43.36889,5.250,1.050,90.9
197.45917,62.22917,6.540,-0.020,0.0
198.07250,-59.92083,4.600,-0.080,71.4
198.57167,-78.44722,5.850,1.070,0.0
198.20375,-66.22694,5.900,0.060,0.0
197.91333,-26.55167,6.500,0.190,0.0
198.01333,-37.80306,4.850,0.700,18.9
198.23333,-59.81667,6.160,0.600,0.0
198.01458,-16.19861,5.040,0.460,25.0
198.21208,-42.69972,6.220,1.060,0.0
197.96833,27.87806,4.260,0.570,8.3
198.03500,24.25806,6.330,0.980,0.0
198.34792,-50.70000,5.890,-0.020,0.0
198.13708,11.55611,5.770,1.510,0.0
198.14958,18.75167,6.530,0.880,0.0
198.55042,-58.68389,5.890,1.080,0.0
198.56167,-59.10333,4.920,0.480,18.9
198.36167,-18.82667,6.280,0.090,90.9
198.48958,-43.13889,6.160,1.380,0.0
198.30167,18.72694,6.110,1.200,0.0
198.81208,-67.89444,4.800,-0.080,0.0
198.85708,-69.67972,6.370,1.210,0.0
198.54542,-19.93083,5.330,0.870,100.0
198.67958,-48.95667,5.890,1.060,0.0
198.42917,40.15278,4.920,1.060,250.0
198.63042,11.33167,5.670,1.500,0.0
198.79042,-36.37111,6.190,0.970,0.0
199.18667,-65.13833,6.070,0.440,0.0
198.99500,-19.94306,5.220,1.030,20.8
199.30417,-66.78361,4.870,1.500,142.9
198.38333,72.79889,6.590,0.080,0.0
198.88333,40.85528,5.790,0.190,0.0
199.10625,-1.39056,6.680,0.310,0.0
199.22125,-31.50611,5.100,0.960,62.5
199.05958,19.05167,6.450,0.980,0.0
199.30792,-43.97944,5.840,0.200,0.0
198.10583,80.47139,6.250,0.940,0.0
199.13458,19.78528,6.450,0.250,0.0
199.19375,9.42417,5.220,0.590,12.7
199.82875,-72.03556,6.040,1.350,0.0
199.31500,13.67556,5.330,1.310,0.0
199.37458,-0.67667,6.370,0.260,0.0
199.40125,5.46972,4.800,1.670,90.9
199.64417,-51.28611,6.190,0.010,0.0
199.38542,40.57250,4.730,0.300,52.6
199.11917,68.40806,6.200,-0.060,0.0
199.60125,-18.31139,4.740,0.710,8.7
199.73042,-23.17167,3.000,0.920,37.0
199.71292,3.68778,6.620,0.060,0.0
199.61583,34.09806,5.820,1.350,0.0
199.56042,49.68194,5.150,-0.070,50.0
200.14542,-59.77333,6.180,0.430,0.0
199.76750,35.12806,6.020,0.240,0.0
200.15750,-52.74806,5.480,-0.130,0.0
200.20125,-55.80056,6.020,0.290,0.0
200.14917,-36.71222,2.750,0.040,16.1
200.24042,-46.88056,5.770,1.120,0.0
200.71917,-72.14667,6.050,0.090,0.0
200.17333,2.94167,6.260,0.100,200.0
200.07917,40.15056,5.600,1.200,0.0
200.37458,-19.48889,6.210,0.090,0.0
200.64875,-60.97222,6.180,0.010,0.0
200.65792,-60.98833,4.530,-0.130,0.0
200.56750,-52.18306,5.830,0.120,0.0
200.42333,2.08722,5.690,0.060,0.0
200.71958,-47.94306,6.160,0.180,0.0
200.76083,-48.56278,6.380,-0.070,0.0
200.54042,5.15472,5.870,0.120,0.0
201.00208,-64.53583,4.530,0.850,500.0
201.27958,-74.88778,5.050,1.110,62.5
200.78625,-33.19000,6.220,1.650,0.0
200.75458,-17.73528,5.370,0.990,250.0
200.51583,43.90306,6.350,0.240,0.0
200.96792,-49.82306,6.480,0.960,0.0
200.82875,-4.92444,5.890,1.430,0.0
201.30792,-64.48528,5.310,0.400,125.0
201.45875,-70.62750,5.670,-0.030,0.0
201.13833,-5.16389,5.750,0.420,0.0
201.82625,-74.69194,6.630,-0.060,0.0
200.97500,37.03389,6.070,1.680,0.0
201.12708,12.43194,6.440,1.060,0.0
200.98125,54.92528,2.270,0.020,21.3
200.98500,54.92167,3.950,0.130,21.3
201.29833,-11.16139,0.980,-0.230,43.5
201.27792,23.85444,5.780,0.060,0.0
201.53250,-39.75528,5.090,1.200,83.3
201.54750,-1.19250,5.970,0.190,0.0
201.73375,-41.49806,5.690,1.470,0.0
201.77625,-49.14389,6.310,0.000,0.0
201.30625,54.98806,4.010,0.160,22.2
201.83667,-49.38083,6.280,-0.120,0.0
201.68000,-12.70778,5.250,1.520,0.0
201.81125,-40.16306,6.400,0.980,0.0
202.19333,-69.62806,6.200,0.020,0.0
201.56917,46.02806,5.880,0.970,0.0
201.86333,-15.97361,4.760,1.090,16.9
202.28167,-64.67583,6.110,0.110,0.0
201.49958,63.26111,6.500,0.740,35.7
202.35500,-51.16528,5.060,0.070,90.9
202.10750,13.77889,4.980,0.710,23.3
201.53375,72.39139,5.790,1.630,0.0
201.76917,64.73556,6.660,0.370,0.0
201.79458,64.71944,7.040,0.390,0.0
201.99792,52.74583,6.340,0.230,0.0
202.10917,40.72972,6.470,0.920,0.0
202.31208,-1.36444,6.430,1.110,0.0
202.04875,50.58722,6.800,0.000,0.0
202.42833,-23.28139,4.970,1.600,0.0
202.30417,10.81833,5.650,1.050,0.0
203.31167,-77.56833,6.480,0.480,29.4
202.19042,50.71833,6.430,0.370,0.0
205.23125,-85.78611,5.580,0.180,0.0
202.11292,59.94583,5.400,-0.010,40.0
202.50042,7.17889,6.170,1.470,0.0
202.49000,6.01333,6.510,0.960,0.0
202.60708,-6.47028,6.090,0.330,0.0
202.76125,-39.40750,3.880,1.170,83.3
202.88875,-28.11278,6.470,0.100,0.0
201.73625,78.64389,5.770,0.770,0.0
203.02208,-38.39917,6.160,1.040,0.0
203.39875,-65.63250,6.370,-0.020,0.0
203.01167,-18.72889,6.010,0.180,0.0
202.99125,-6.25583,4.690,1.620,50.0
202.81583,42.10611,6.080,1.050,83.3
203.14958,-28.69278,5.690,0.040,0.0
203.14375,-29.56528,6.450,0.440,0.0
203.21542,-15.36306,5.550,1.230,0.0
203.24208,-10.16500,5.210,0.960,47.6
203.25292,-7.19500,6.680,1.280,0.0
203.20042,24.34639,6.110,0.960,0.0
203.62042,-48.27222,6.330,-0.050,0.0
203.68167,-33.31083,6.440,1.260,0.0
203.53292,3.65889,4.940,0.030,47.6
203.66875,-13.21444,5.910,0.020,142.9
203.67333,-0.59583,3.370,0.110,22.7
203.59083,38.78917,6.370,0.210,0.0
203.53042,55.34861,5.600,-0.030,76.9
203.69917,37.18250,4.980,0.400,45.5
203.88042,-5.39611,5.730,0.950,0.0
203.61375,49.01611,4.700,0.120,29.4
204.30083,-61.69194,5.630,0.500,31.2
203.88875,10.20472,6.490,1.030,0.0
204.79958,-75.68389,6.340,0.010,0.0
203.80875,44.19694,6.840,0.200,0.0
204.21042,-34.46778,6.500,1.030,0.0
204.27500,-44.14333,5.980,0.940,0.0
204.69042,-70.44500,6.100,1.420,0.0
204.20167,-26.49500,5.780,0.220,47.6
204.34875,-46.42833,5.900,-0.120,0.0
204.53167,-58.41500,6.420,1.120,0.0
204.24625,24.61333,5.740,1.550,0.0
204.70458,-57.62306,6.010,1.140,0.0
205.00250,-70.78833,6.590,1.300,0.0
204.16583,49.48667,6.490,0.000,0.0
204.36500,36.29500,4.820,0.230,33.3
204.67500,-29.56083,5.830,0.400,0.0
204.53292,14.30167,6.520,0.250,0.0
205.04542,-64.57694,5.790,0.390,0.0
203.67833,76.54667,6.570,0.000,0.0
204.97167,-53.46639,2.300,-0.220,0.0
204.42917,50.71472,6.480,1.550,333.3
204.99875,-49.95028,6.000,1.500,0.0
204.92000,-39.74806,6.270,1.660,0.0
204.95250,-40.05194,5.600,1.300,0.0
204.75958,18.26528,6.480,1.200,0.0
204.89417,10.74611,5.570,0.330,90.9
204.29583,71.24222,5.500,1.200,0.0
205.50458,-58.78722,5.380,-0.030,0.0
205.43625,-54.56000,5.010,-0.050,333.3
204.87667,52.92139,5.460,0.100,90.9
205.06500,31.01194,6.210,0.960,0.0
205.16875,19.95556,5.750,0.010,55.6
205.16292,28.06528,6.230,1.280,0.0
205.37875,-23.44972,6.590,0.060,0.0
205.44042,-33.59694,6.050,1.440,0.0
205.09667,50.51944,6.320,0.540,20.4
205.25958,22.49583,5.620,1.010,0.0
205.40333,-8.70306,5.010,1.630,76.9
205.73375,-56.76806,6.000,-0.080,0.0
205.72750,-50.79056,6.410,1.670,0.0
205.08875,57.20750,6.290,0.100,0.0
205.18458,54.68167,4.660,1.640,71.4
205.72917,-41.40111,5.980,1.020,0.0
205.55292,8.38833,6.160,0.420,28.6
205.91667,-42.06750,5.980,-0.080,0.0
206.06625,-51.01306,6.470,-0.130,0.0
205.76542,3.53806,5.360,1.110,166.7
205.62000,41.67417,6.300,0.860,0.0
205.68083,34.98889,5.980,0.850,0.0
205.37458,64.82250,5.850,0.070,0.0
205.97625,-5.49889,6.510,0.050,0.0
205.93833,22.70028,6.130,1.420,0.0
206.12417,-16.17917,5.600,0.810,0.0
206.19042,-25.50083,6.210,1.380,0.0
206.40375,-26.11611,5.810,0.020,0.0
206.42167,-33.04389,4.230,0.380,19.6
205.97792,52.06444,6.020,0.000,0.0
206.39625,-15.76750,6.190,0.050,0.0
206.79458,-62.59000,6.510,1.980,0.0
206.66375,-51.43278,4.650,0.960,55.6
206.48458,-12.42667,5.510,0.900,0.0
206.73500,-36.25194,5.150,-0.020,52.6
206.86500,-50.24944,5.910,0.290,0.0
206.91000,-50.32111,5.450,1.360,76.9
206.30500,55.87944,6.500,0.470,41.7
206.80625,-9.70917,6.050,1.420,0.0
206.55625,41.08861,5.870,0.210,83.3
206.57917,38.50389,5.940,0.940,0.0
206.85583,-17.86000,5.430,1.620,0.0
206.68042,25.70222,5.950,0.490,0.0
206.73792,6.35056,6.330,0.630,38.5
205.66375,78.06444,5.910,1.010,29.4
206.81542,17.45667,4.500,0.480,16.9
206.74917,38.54278,5.500,1.030,0.0
206.64875,54.43278,5.700,-0.080,0.0
208.91125,-82.66611,5.950,1.460,0.0
207.22958,-35.70389,6.530,0.570,25.6
207.37625,-41.68778,3.410,-0.220,0.0
206.88500,49.31333,1.860,-0.190,28.6
207.36125,-34.45083,4.190,1.500,32.3
207.40417,-42.47389,3.040,-0.170,0.0
207.94750,-69.40139,5.750,1.730,0.0
207.16125,31.19028,5.620,1.010,0.0
207.46792,-18.13417,4.970,1.060,21.7
207.52708,-29.08139,6.180,-0.030,0.0
207.58083,-39.90111,6.440,0.990,0.0
207.23833,39.54278,7.400,0.000,0.0
207.36917,15.79778,4.070,1.520,90.9
207.42833,21.26417,4.910,1.430,0.0
207.64375,-19.89722,6.530,0.510,0.0
205.59625,82.75250,5.980,1.010,0.0
207.43750,36.63278,6.380,0.000,0.0
207.60292,5.49722,6.010,0.900,0.0
207.94667,-46.89917,5.770,-0.160,0.0
208.02000,-52.81167,5.250,-0.090,0.0
207.90250,-36.43333,6.350,0.480,0.0
207.83500,-24.39083,6.450,0.690,16.1
207.95667,-32.99444,4.560,-0.130,58.8
207.95875,-32.99472,6.060,-0.040,58.8
208.00375,-31.61944,6.120,0.480,62.5
207.43958,61.48917,5.960,0.960,0.0
207.76875,34.77250,6.650,0.120,0.0
207.78833,34.66444,5.870,1.620,71.4
207.61542,58.53944,6.460,0.090,0.0
208.42958,-53.37361,5.890,0.010,0.0
208.70375,-67.65250,5.710,1.490,0.0
207.94792,34.44417,4.740,1.660,38.5
208.07667,12.16528,6.040,0.040,0.0
208.30208,-31.92778,4.730,-0.140,0.0
208.38667,-35.66417,5.540,0.440,111.1
208.48708,-47.12806,6.100,-0.070,0.0
208.46750,-35.31444,6.190,1.020,0.0
208.30375,17.93278,5.700,0.840,0.0
207.85792,64.72333,4.650,1.580,71.4
207.74667,68.31528,6.400,1.170,40.0
208.56917,-28.56972,6.040,1.130,0.0
208.29292,28.64806,5.900,0.200,0.0
208.80083,-52.16111,5.710,-0.080,0.0
208.88500,-47.28833,2.550,-0.220,0.0
208.67542,-1.50306,5.150,1.080,37.0
208.74250,-8.05889,6.190,0.530,50.0
209.08250,-54.13194,6.140,0.070,83.3
208.67125,18.39778,2.680,0.580,9.3
209.13750,-54.70444,6.000,0.780,0.0
208.93542,-31.28500,6.510,0.900,0.0
208.46250,53.72861,5.700,-0.050,83.3
209.08125,-46.59250,5.830,1.140,40.0
210.13667,-78.59000,6.090,0.030,0.0
209.41208,-63.68667,4.710,1.110,30.3
209.63000,-65.80056,6.200,1.050,0.0
208.95833,14.05639,6.160,0.500,0.0
209.11625,1.05056,5.910,0.200,0.0
209.04375,32.03250,6.320,0.370,71.4
209.36542,-23.02278,6.140,1.430,0.0
209.14250,27.49194,5.010,1.420,125.0
209.56792,-42.10083,3.830,-0.210,0.0
209.67000,-44.80361,3.870,-0.200,0.0
209.62958,-24.97222,5.150,-0.100,0.0
209.82208,-50.37000,5.910,0.960,0.0
210.07208,-61.48139,6.490,0.330,0.0
210.21750,-66.26861,5.970,0.350,0.0
209.66625,14.64944,6.000,1.440,0.0
209.66208,21.69611,5.760,-0.030,76.9
209.38375,61.49278,6.370,0.000,0.0
210.00042,-25.01028,5.770,0.480,34.5
209.95542,-3.54972,6.400,0.490,0.0
210.32917,-40.22222,6.130,1.250,0.0
210.43083,-45.60361,4.340,0.600,76.9
211.33250,-76.79667,5.500,1.550,0.0
210.33500,8.89472,5.990,0.090,0.0
210.29375,27.38667,6.230,0.170,0.0
210.41167,1.54444,4.260,0.100,41.7
210.59500,-27.43000,5.480,1.340,0.0
210.85917,-56.21361,5.920,1.220,0.0
210.95583,-60.37306,0.610,-0.230,111.1
210.75708,-31.68389,6.180,0.480,55.6
210.86458,-41.42333,6.110,-0.110,0.0
210.63250,9.68639,6.200,0.900,0.0
210.55083,45.75361,6.270,1.320,0.0
210.97125,-22.42167,6.300,0.450,0.0
210.88458,10.78667,6.300,0.740,16.9
210.90333,7.54639,6.260,0.940,0.0
210.98250,4.90083,6.240,0.390,0.0
211.06083,-5.38139,6.390,1.320,0.0
211.11250,-14.97167,6.280,1.080,0.0
211.44375,-54.66944,6.170,0.230,0.0
212.11292,-74.85028,6.020,0.580,24.4
210.74875,50.97194,6.150,0.010,0.0
211.60458,-59.71556,6.420,0.120,0.0
210.46083,68.67861,6.340,1.400,0.0
211.15625,2.29750,6.280,1.020,0.0
211.30833,-16.33583,6.560,0.100,0.0
211.51167,-41.17972,4.360,-0.190,0.0
211.54542,-43.09194,6.200,0.980,0.0
211.59292,-26.68250,3.270,1.120,20.4
211.67083,-36.37000,2.060,1.010,15.4
212.05958,-63.20806,6.400,1.020,0.0
211.67833,-9.31333,5.460,0.340,0.0
211.09708,64.37583,3.650,-0.050,55.6
212.23458,-59.27667,6.340,0.050,0.0
212.62875,-70.30556,6.050,1.740,0.0
212.21625,-43.47111,6.170,-0.060,0.0
212.75792,-69.71972,6.060,0.180,0.0
212.39583,-51.50472,6.000,-0.060,0.0
212.47833,-53.43917,4.750,0.940,58.8
212.25250,-10.33444,6.470,1.000,0.0
211.98250,43.85444,5.270,1.590,41.7
212.07208,49.45806,5.250,1.650,50.0
212.71042,-16.30194,4.910,1.720,83.3
212.19167,59.33778,6.460,1.020,0.0
214.55750,-81.00778,4.910,0.250,0.0
212.59958,25.09167,4.830,0.540,23.8
211.73500,74.59361,6.450,0.140,0.0
214.22875,-77.66389,6.470,1.420,0.0
212.88000,1.36222,6.430,0.480,0.0
213.31833,-53.66583,5.560,1.440,111.1
213.10208,-24.36417,6.340,1.350,0.0
212.81292,32.29556,6.110,1.260,0.0
213.41625,-54.62583,6.110,0.050,0.0
213.19167,-27.26111,5.080,1.160,20.8
213.06583,2.40944,5.010,-0.120,111.1
213.30500,-26.61222,6.240,1.080,0.0
213.22417,-10.27361,4.190,1.330,45.5
213.73750,-57.08583,5.070,-0.080,0.0
213.42000,-0.84556,5.910,0.470,37.0
213.67750,-41.83750,5.610,0.930,0.0
213.83833,-53.50972,6.390,1.570,0.0
214.16083,-66.58778,5.750,-0.060,0.0
212.21208,77.54750,4.820,1.360,100.0
213.58875,-5.94750,6.360,0.600,43.5
213.52167,12.95944,5.540,0.540,45.5
213.75542,-29.28194,6.080,0.000,0.0
213.91167,-45.00083,6.310,0.600,0.0
214.14250,-59.91389,6.390,2.040,0.0
216.09708,-82.84861,6.420,0.020,0.0
213.36542,51.78778,6.690,0.390,100.0
213.37083,51.79028,4.540,0.200,100.0
213.71167,10.10056,5.290,1.000,0.0
213.72083,3.33611,6.450,1.600,0.0
213.85042,-18.20083,5.430,-0.030,0.0
213.67083,21.87333,6.390,0.180,0.0
213.01667,69.43250,5.240,1.580,62.5
213.59792,41.51889,6.240,1.040,33.3
215.59458,-80.10889,5.060,-0.100,0.0
214.07625,-33.24139,6.550,0.300,0.0
214.00375,-6.00056,4.080,0.520,23.3
216.72875,-83.66778,4.320,1.310,0.0
213.91542,19.18250,-0.040,1.230,11.1
214.08958,-6.62194,6.440,0.280,0.0
214.12542,-3.19639,6.150,-0.010,0.0
214.01750,18.91194,5.980,0.260,0.0
214.26583,-18.58528,6.220,0.980,0.0
213.82042,52.53583,6.580,0.100,0.0
214.13667,20.12139,6.250,0.490,32.3
214.10083,39.74472,6.380,0.360,0.0
214.59917,-33.22056,6.540,0.270,0.0
214.96458,-61.27306,5.230,0.290,29.4
214.04125,51.36722,4.750,0.200,20.8
214.09583,46.08833,4.180,0.080,22.2
214.36833,15.26333,5.800,1.710,0.0
214.50250,-7.54250,6.470,0.730,0.0
214.85083,-46.05778,3.550,-0.180,0.0
214.65958,-18.71611,5.900,0.000,0.0
214.75333,-25.81556,5.870,0.500,19.6
214.84958,-37.00361,5.940,0.080,0.0
215.08125,-56.38667,4.330,0.120,0.0
214.77750,-13.37111,4.520,0.130,58.8
214.33792,51.30722,6.200,0.040,0.0
214.49917,35.50944,4.810,1.060,0.0
215.04042,-43.05889,5.560,0.920,0.0
214.45500,48.00167,6.320,0.440,0.0
215.17708,-45.18722,4.770,0.310,50.0
214.81792,13.00417,5.410,0.380,0.0
214.88542,-2.26556,5.140,1.020,55.6
215.13917,-37.88528,4.050,-0.030,333.3
214.92042,0.38417,6.190,0.200,0.0
214.73208,38.76750,6.860,1.060,0.0
214.93833,16.30694,4.860,1.230,0.0
215.65417,-58.45944,4.920,0.860,41.7
214.73250,54.86417,6.530,0.000,0.0
214.94875,38.79389,6.330,0.050,0.0
215.03625,30.42917,6.440,0.150,0.0
215.66125,-48.32028,6.090,-0.130,0.0
215.58208,-34.78694,5.560,-0.090,0.0
215.83458,-50.77222,6.020,1.360,0.0
215.75917,-39.51222,4.420,-0.180,0.0
216.27625,-68.19528,5.610,0.490,0.0
215.95167,-53.17667,6.000,1.100,0.0
215.77417,-27.75389,4.770,1.310,25.0
216.41458,-66.17333,6.360,0.130,0.0
215.85667,-11.71417,6.210,0.990,0.0
215.81375,1.24167,6.270,0.630,16.4
215.84417,8.44500,6.860,0.430,62.5
215.84458,8.44667,5.120,-0.020,62.5
215.77833,25.33806,6.220,0.370,0.0
216.00375,8.24361,5.950,0.060,0.0
217.40333,-76.72917,6.070,1.180,0.0
216.20250,-24.80639,5.320,0.960,41.7
216.77958,-65.82167,5.850,1.500,0.0
216.04708,5.82000,5.100,0.120,43.5
216.17042,-11.66972,6.490,0.420,83.3
216.07625,8.08500,6.190,1.200,66.7
216.53417,-45.22139,4.560,-0.150,0.0
216.54500,-45.37944,4.350,0.430,500.0
216.37417,-19.96972,6.610,0.140,200.0
216.55583,-42.31917,6.320,1.190,0.0
216.44875,-26.85250,6.480,0.940,0.0
216.70792,-39.87389,6.350,-0.080,0.0
216.80083,-46.13444,5.830,0.310,0.0
216.37167,38.39306,6.270,1.230,0.0
217.18125,-59.19778,6.450,0.140,0.0
216.29917,51.85083,4.050,0.500,13.9
216.61417,19.22694,5.390,0.230,142.9
216.85167,-6.12028,6.170,0.090,0.0
217.04333,-29.49167,4.970,-0.070,0.0
217.81875,-67.71722,5.830,1.000,0.0
217.05042,-2.22806,4.810,0.700,21.3
217.17375,-6.90056,5.420,1.490,0.0
216.86375,41.02500,6.630,0.370,0.0
217.53583,-45.32167,5.500,-0.080,0.0
217.58708,-49.51917,5.370,0.050,0.0
217.13125,28.28917,7.620,-0.010,0.0
217.13875,28.29083,7.120,-0.030,0.0
217.06833,36.19694,6.100,0.000,0.0
217.73542,-40.84500,6.390,1.440,0.0
217.46042,0.82889,5.940,0.160,0.0
217.79500,-38.86972,5.970,1.060,0.0
217.15750,49.84472,5.590,0.850,45.5
218.13708,-56.88778,6.930,0.910,0.0
217.45708,31.79111,6.060,-0.030,0.0
217.40333,41.79583,6.350,0.700,32.3
217.68917,4.77222,6.020,1.420,0.0
218.15375,-50.45694,4.420,-0.190,0.0
218.38500,-54.99833,5.870,0.480,0.0
218.37458,-52.68000,5.870,1.090,0.0
218.29000,-30.71417,6.090,1.030,166.7
217.95750,30.37139,3.580,1.300,34.5
216.88125,75.69611,4.250,1.440,52.6
218.53333,-42.09972,6.600,0.060,0.0
218.82167,-60.01583,6.400,1.260,0.0
218.08417,26.67722,6.010,0.220,90.9
218.13542,22.26000,5.920,0.350,0.0
218.01958,38.30833,3.030,0.190,40.0
217.69208,63.18556,6.090,0.410,0.0
217.92833,60.22556,6.270,0.240,0.0
218.71125,-20.43917,6.500,0.140,0.0
218.88125,-41.51722,5.870,-0.080,0.0
218.87667,-42.15778,2.310,-0.190,0.0
218.33458,36.95944,6.430,0.000,0.0
218.12875,55.39778,5.760,1.500,0.0
219.44292,-67.93222,6.040,0.500,19.6
219.07917,-46.24528,5.550,1.480,52.6
218.54875,32.53444,6.330,0.400,0.0
219.10083,-39.59722,6.130,1.050,0.0
218.67000,29.74500,4.460,0.360,14.7
218.66042,36.62583,6.030,1.380,0.0
219.18417,-40.21167,5.740,-0.120,0.0
219.33375,-46.13389,5.410,1.010,43.5
218.56625,57.06528,6.480,0.490,40.0
218.66500,49.36833,5.740,1.560,0.0
219.47167,-49.42583,4.050,-0.150,0.0
219.02875,23.25028,6.380,1.060,0.0
219.24917,-12.30528,6.200,0.460,29.4
219.58167,-38.79417,6.020,1.430,0.0
219.79583,-46.58417,6.070,0.510,47.6
219.85292,-49.05556,6.390,0.440,111.1
219.89958,-60.83528,-0.010,0.710,1.3
219.90042,-60.83556,1.330,0.880,1.3
220.13667,-56.44083,6.300,1.180,0.0
219.55833,18.29833,5.910,1.100,26.3
220.62667,-64.97528,3.190,0.240,17.9
219.55208,43.64194,5.700,1.480,0.0
220.48208,-58.61611,6.220,0.450,0.0
220.25583,-36.13500,5.670,-0.080,0.0
219.56333,54.02333,5.850,-0.010,0.0
219.70917,44.40444,5.390,0.000,83.3
220.48250,-47.38833,2.300,-0.200,0.0
221.96500,-79.04472,3.830,1.430,34.5
220.49000,-37.79361,4.000,-0.170,0.0
220.09125,21.97556,6.100,0.400,0.0
220.17667,13.53417,5.910,0.210,0.0
220.46292,-30.93333,6.370,-0.090,333.3
220.18167,16.41833,4.940,-0.030,500.0
220.18292,16.41778,5.880,0.240,500.0
220.28708,13.72833,4.830,0.000,111.1
220.28708,13.72833,4.430,0.050,111.1
218.40958,79.66028,6.260,1.300,66.7
220.41167,8.16167,4.860,1.000,90.9
220.43125,11.66056,5.560,0.940,43.5
221.32208,-62.87583,5.360,0.290,90.9
220.47583,21.12361,6.380,0.000,0.0
220.80667,-24.99750,5.730,-0.010,0.0
220.91417,-35.17361,4.050,1.350,71.4
221.23125,-58.47778,6.110,1.020,0.0
220.76500,-5.65833,3.880,0.380,22.2
221.29542,-55.60194,6.100,-0.060,0.0
221.24667,-35.19194,4.920,0.010,52.6
220.85583,26.52778,4.810,1.660,500.0
232.07958,-88.13306,6.480,0.300,0.0
220.51333,61.26194,6.250,0.410,58.8
220.93500,40.45917,5.730,1.390,0.0
221.62125,-47.44111,5.740,0.070,0.0
221.75542,-52.38361,5.210,0.980,47.6
221.29875,-1.41778,6.070,1.610,0.0
221.50042,-25.44306,4.940,0.350,20.4
221.80125,-52.20556,6.070,0.090,0.0
221.52833,-23.15306,5.810,0.980,0.0
222.18500,-66.59389,5.910,-0.070,0.0
221.37583,0.71722,5.690,-0.030,0.0
221.31042,16.96444,4.600,0.980,22.2
221.49083,-15.45972,6.330,1.190,0.0
221.54542,-21.17611,6.400,0.580,38.5
221.24667,27.07500,5.120,0.000,62.5
221.24667,27.07417,2.700,0.970,62.5
221.33625,18.88472,6.130,0.830,0.0
221.77125,-38.29083,5.940,1.330,0.0
221.88375,-43.55750,6.300,1.080,0.0
221.30708,32.78833,6.280,1.580,0.0
221.56208,1.89278,3.720,-0.010,27.0
221.52500,15.13194,5.630,1.570,0.0
221.80708,-21.32472,6.060,1.650,0.0
221.84375,-25.62444,5.630,0.000,0.0
222.27875,-56.66778,6.230,1.130,0.0
221.93667,-26.08750,5.240,0.940,29.4
221.98958,-26.64639,5.770,-0.020,0.0
221.97875,-12.83972,6.350,1.100,0.0
222.15875,-36.63472,6.040,1.540,0.0
223.30708,-73.19000,5.600,0.820,0.0
222.32792,-24.25167,5.680,1.300,0.0
222.22542,-0.84778,6.140,-0.040,0.0
222.32958,-14.14889,5.310,0.070,166.7
222.09708,24.36667,6.140,0.480,100.0
225.46167,-83.22778,5.650,0.950,0.0
222.57208,-27.96028,4.410,1.400,90.9
223.14583,-63.81000,5.870,0.720,0.0
222.91000,-43.57556,4.320,-0.150,0.0
222.27792,37.81111,6.160,0.360,47.6
222.67167,-15.99722,5.150,0.410,20.0
222.71958,-16.04167,2.750,0.150,17.2
222.49333,28.61583,5.800,0.050,0.0
222.32792,46.11611,5.740,0.480,0.0
222.56583,23.91194,5.850,0.560,14.5
222.75417,-2.29917,4.940,0.980,62.5
222.75042,-0.25722,6.180,1.400,0.0
222.38458,51.37472,6.510,0.400,0.0
222.42208,48.72056,5.690,0.470,111.1
223.67667,-65.99139,6.090,-0.060,0.0
224.47042,-76.66278,5.340,1.450,125.0
222.62333,37.27194,5.480,1.020,38.5
223.13792,-30.57694,6.290,0.600,32.3
223.21292,-37.80333,5.030,-0.160,0.0
222.84708,19.10111,4.550,0.760,6.4
226.19458,-83.03833,5.650,1.300,0.0
223.89417,-60.11417,5.200,1.160,32.3
225.04917,-77.16028,5.930,1.050,0.0
223.58375,-24.64222,5.300,1.320,24.4
223.65833,-33.30056,5.820,1.420,0.0
223.34708,15.70444,6.400,0.570,47.6
224.18333,-62.78083,5.110,0.000,0.0
222.86000,59.29389,5.460,1.360,0.0
223.34875,19.15278,6.010,0.830,11.5
223.59542,-11.89833,5.800,0.970,0.0
224.98333,-75.03250,6.200,-0.040,0.0
224.07208,-52.80972,5.380,0.130,0.0
227.78458,-84.78750,5.910,-0.060,0.0
223.93625,-33.85583,5.320,0.040,142.9
224.13333,-47.87917,5.640,-0.040,0.0
224.25583,-51.44694,6.640,1.700,0.0
224.14917,-39.41611,6.360,0.060,0.0
224.12875,-32.63667,6.060,1.410,0.0
222.67625,74.15556,2.080,1.470,25.6
224.19208,-11.40972,5.460,1.490,0.0
224.30667,-29.15778,6.290,-0.040,0.0
224.53667,-48.86306,6.350,0.710,19.6
224.05500,14.44639,5.770,-0.060,0.0
224.36667,-21.41556,5.740,1.110,5.8
223.99458,32.30028,6.120,0.100,0.0
224.29583,-4.34639,4.490,0.320,21.3
224.63292,-43.13389,2.680,-0.220,0.0
224.65333,-39.90667,6.150,1.230,0.0
224.38875,-0.16750,5.530,1.130,29.4
224.26500,21.55528,6.490,-0.010,0.0
224.29875,16.38833,5.710,0.940,0.0
224.79042,-42.10417,3.130,-0.200,0.0
224.66333,-27.65722,5.650,0.240,125.0
224.55583,-11.15500,6.600,0.010,0.0
224.80792,-37.88139,6.470,-0.080,0.0
224.86292,-43.16000,6.100,0.600,0.0
224.09583,49.62861,5.630,0.500,37.0
224.72333,-11.14417,5.870,1.260,0.0
224.72000,-4.98917,6.090,0.500,38.5
224.84625,4.56778,5.930,1.600,0.0
225.30417,-38.05833,5.890,1.240,0.0
225.24333,-8.51889,4.920,0.000,50.0
225.49208,-34.35889,6.220,0.240,0.0
224.90375,39.26528,5.640,0.310,0.0
224.39583,65.93250,4.600,1.590,100.0
225.33250,-2.75500,5.520,1.680,0.0
225.52667,-28.06056,5.850,0.160,0.0
225.21833,22.04556,6.380,0.000,0.0
226.20083,-64.03167,5.170,0.930,31.2
225.45375,-0.14056,5.710,1.520,500.0
225.74708,-32.64333,5.440,-0.120,0.0
222.58500,82.51194,5.640,0.680,62.5
225.16125,47.27778,6.370,-0.140,0.0
226.78625,-71.90528,6.520,1.590,0.0
225.68708,-3.03139,6.610,0.200,0.0
225.52708,25.00806,4.810,1.500,40.0
225.72500,2.09139,4.400,1.040,40.0
225.48667,40.39056,3.500,0.970,27.0
226.01750,-25.28194,3.290,1.700,15.6
226.17875,-40.86139,6.410,1.460,0.0
226.28000,-47.05111,4.720,-0.140,111.1
226.28000,-47.05111,4.820,0.000,111.1
226.32958,-41.06722,5.150,1.010,52.6
225.36292,60.20444,5.930,0.090,0.0
225.77542,35.20583,5.510,1.020,0.0
226.02667,5.49250,6.500,0.310,58.8
226.98667,-65.27556,6.170,1.470,0.0
225.77750,44.64444,6.650,0.460,0.0
225.90208,34.56611,6.590,1.020,0.0
226.44875,-25.78972,6.670,-0.010,0.0
226.55792,-36.26417,6.270,1.650,0.0
226.11125,26.94750,4.540,1.240,55.6
226.85792,-49.08833,5.770,0.920,0.0
225.94750,47.65444,4.760,0.650,11.6
226.63875,-30.91889,5.960,-0.080,0.0
226.61292,-22.03194,6.170,1.050,0.0
227.37458,-67.08417,5.760,0.690,0.0
226.65667,-16.25694,5.200,1.580,50.0
227.35625,-63.64278,6.280,0.060,0.0
227.05042,-40.58389,5.790,-0.140,0.0
227.16292,-42.86778,5.850,-0.110,0.0
227.21083,-45.27972,4.050,-0.180,83.3
226.35750,48.15111,5.570,0.000,38.5
228.14083,-72.77028,6.010,0.000,0.0
225.99083,65.91972,6.130,0.000,0.0
226.64625,36.45556,6.350,0.520,0.0
226.91792,5.49806,6.160,0.940,0.0
227.68583,-61.42250,6.300,0.630,0.0
226.83500,18.44167,6.020,0.060,66.7
226.82542,24.86917,4.930,0.430,15.6
226.56958,54.55639,5.250,0.960,34.5
227.53125,-38.79250,5.980,0.000,0.0
227.81667,-55.34611,5.540,1.140,0.0
227.09917,26.30111,5.670,1.240,0.0
227.22250,13.23500,6.100,0.960,0.0
227.14792,25.10861,5.810,1.240,0.0
227.57750,-26.33278,5.760,1.050,0.0
227.89542,-45.27750,6.440,1.040,0.0
227.88292,-45.27944,7.390,1.080,0.0
228.57958,-70.07944,5.810,3.380,0.0
228.25417,-61.74389,6.320,1.900,0.0
227.98375,-48.73778,3.870,-0.050,0.0
227.99000,-48.74361,5.690,0.140,0.0
227.08125,50.05500,6.390,1.030,0.0
228.07125,-52.09917,3.410,0.920,23.3
228.13042,-48.21861,6.330,1.120,0.0
228.20625,-44.50056,4.820,-0.170,0.0
228.05542,-19.79167,4.540,-0.080,33.3
228.28083,-36.09139,6.100,-0.080,0.0
228.01792,18.97583,5.890,1.530,166.7
228.32292,-24.00833,6.470,-0.040,0.0
228.33000,-19.64750,6.080,0.120,0.0
228.36958,-25.30917,6.450,0.700,29.4
228.47208,-26.19361,5.840,1.140,0.0
228.18125,19.28583,6.680,0.680,41.7
228.65542,-31.51917,4.910,0.370,71.4
229.15167,-60.90389,5.730,-0.080,0.0
228.64042,-17.76861,6.170,-0.050,0.0
228.97417,-48.07417,5.950,0.210,0.0
229.23625,-60.95750,5.090,-0.060,0.0
228.38292,22.98333,6.300,0.060,0.0
229.41208,-63.61056,4.860,1.250,250.0
229.01667,-41.49111,5.160,0.580,0.0
229.04375,-43.48472,6.040,-0.140,0.0
228.71125,-5.50278,6.280,1.470,0.0
229.37833,-58.80111,4.070,0.090,18.9
229.72750,-68.67944,2.890,0.000,100.0
227.68375,67.78139,6.170,0.000,0.0
228.39833,38.26472,6.200,1.200,0.0
228.52542,31.78806,5.990,1.520,0.0
228.79750,4.93944,5.330,1.090,47.6
228.62167,29.16417,5.260,0.030,38.5
228.54292,42.17139,6.130,1.660,0.0
229.09583,-22.39944,5.500,1.380,0.0
228.95458,0.37222,5.630,0.180,50.0
229.70375,-60.49639,5.460,-0.100,0.0
228.87583,33.31472,3.470,0.950,33.3
229.53917,-41.06083,6.280,0.180,0.0
229.63333,-47.87500,4.270,-0.080,76.9
230.16958,-67.48139,6.280,-0.090,0.0
229.25167,-9.38306,2.610,-0.110,0.0
229.45792,-30.14889,4.340,1.100,55.6
229.73500,-40.78833,5.590,-0.100,0.0
229.67208,-31.20944,6.180,1.230,0.0
229.88167,-37.09667,6.200,0.960,0.0
229.60917,-0.46139,5.890,1.510,0.0
228.65958,67.34667,5.130,0.530,21.7
229.60208,20.57278,5.700,0.970,0.0
228.71625,68.94528,6.510,0.000,0.0
229.82833,1.76528,5.060,0.540,27.0
230.34292,-40.64750,3.220,-0.220,0.0
230.39708,-40.74972,6.200,0.070,0.0
230.37542,-38.21917,6.480,-0.060,0.0
230.53458,-47.92778,5.000,0.500,31.2
230.45083,-48.31778,5.650,0.650,15.2
230.79333,-60.65694,5.670,0.480,0.0
230.22375,-18.15861,6.170,1.020,0.0
229.87583,32.51528,6.320,0.240,0.0
230.25583,-15.54833,6.300,0.410,0.0
230.84458,-59.32083,4.510,0.190,100.0
230.45167,-36.26139,3.560,1.540,71.4
230.19625,-2.41333,6.350,1.060,30.3
230.28167,-5.82472,5.540,1.040,0.0
230.67042,-44.68944,3.370,-0.180,111.1
230.03542,29.61611,5.510,1.020,0.0
230.25833,0.71528,5.350,1.190,142.9
230.27875,24.95778,6.390,1.230,0.0
230.78917,-36.85861,4.540,-0.150,0.0
231.56125,-68.30917,5.890,1.020,0.0
229.27458,71.82389,5.020,1.370,66.7
230.02167,51.95861,5.660,0.110,0.0
230.17333,44.43417,6.190,0.390,0.0
230.59667,12.56750,6.280,-0.020,0.0
230.45250,32.93389,5.370,-0.070,200.0
231.18708,-39.71028,5.370,-0.110,125.0
230.96750,-12.36944,5.720,1.040,0.0
230.93208,-1.02250,6.120,0.250,0.0
231.27750,-38.16944,7.030,0.090,0.0
231.04958,-10.32222,4.940,0.440,28.6
231.33417,-38.73361,4.600,0.000,83.3
231.88792,-64.53139,5.710,1.640,0.0
230.65583,39.58139,5.500,1.590,0.0
230.80125,30.28778,5.580,0.580,16.4
230.80125,30.28778,6.080,0.000,16.4
235.82000,-84.46528,5.570,0.110,0.0
232.87833,-73.38944,5.490,-0.120,0.0
230.65542,62.04722,5.980,-0.030,0.0
231.02125,45.27111,6.010,1.200,0.0
231.12250,37.37722,4.310,0.310,25.6
231.12875,37.34778,6.500,0.590,25.6
230.18208,71.83389,3.050,0.050,333.3
231.82583,-36.76778,5.450,-0.150,0.0
230.66000,63.34139,5.790,1.270,200.0
232.11333,-51.59750,6.100,1.090,0.0
231.44750,15.42806,5.170,1.660,76.9
231.47208,19.48083,6.270,0.600,0.0
231.57250,34.33583,5.460,1.400,0.0
232.35125,-46.73278,5.240,1.740,200.0
232.06417,-16.71639,5.640,1.550,0.0
231.23250,58.96611,3.290,1.160,25.0
231.91208,25.10167,6.020,1.620,0.0
232.15917,1.84222,5.170,0.230,32.3
231.95708,29.10583,3.680,0.280,31.2
231.63542,54.02000,6.450,0.050,0.0
232.65125,-20.72833,6.220,0.170,0.0
232.66833,-16.60944,5.820,1.060,0.0
233.01833,-38.62306,6.250,0.200,0.0
232.18542,47.20139,6.150,0.100,0.0
232.95958,-32.88111,6.460,0.090,0.0
231.92000,62.27556,6.500,0.140,0.0
231.96417,60.67028,5.900,1.440,0.0
232.93083,-20.16472,6.220,0.220,0.0
234.82625,-77.91806,6.180,1.200,0.0
232.73083,8.57917,6.570,0.370,0.0
232.23667,55.19500,6.430,0.080,0.0
232.59458,31.28611,6.460,0.190,0.0
232.61625,36.80417,6.370,0.000,0.0
233.15292,-19.67056,5.520,0.180,55.6
232.73250,40.83306,5.020,1.590,50.0
233.23000,-16.85278,5.500,-0.140,0.0
233.28792,-24.48944,7.000,0.270,0.0
234.07250,-65.61333,6.510,0.350,0.0
233.50667,-40.06611,5.820,1.680,0.0
232.33833,62.09972,6.380,0.000,0.0
232.84333,36.61639,6.380,0.500,0.0
233.04042,16.05611,6.220,-0.050,0.0
234.18000,-66.31694,4.110,1.170,26.3
233.24125,-1.18639,5.510,1.090,0.0
233.58708,-39.34944,6.360,-0.030,0.0
232.94583,40.89944,5.020,0.070,50.0
233.65542,-28.04694,5.150,1.300,90.9
233.78542,-41.16694,2.780,-0.200,125.0
233.54458,-10.06444,4.620,1.010,37.0
233.23250,31.35917,4.140,-0.130,37.0
233.58667,-5.69500,6.510,0.580,0.0
233.61083,-9.18333,5.170,-0.090,0.0
233.97167,-44.95861,4.540,-0.180,71.4
235.08833,-73.44667,5.650,-0.040,0.0
233.47000,17.13778,6.450,0.000,0.0
234.05042,-44.39694,5.430,1.500,58.8
232.73208,64.20861,5.790,0.960,500.0
235.47750,-76.08194,5.950,-0.040,0.0
233.88167,-14.78944,3.910,1.010,24.4
233.70042,10.53750,3.800,0.260,47.6
233.70042,10.53917,3.800,0.260,47.6
234.04750,-33.09278,6.240,0.000,0.0
233.76917,1.66889,6.560,0.280,0.0
235.04792,-70.22778,6.440,0.080,0.0
233.67208,26.71472,2.230,-0.020,22.2
234.25625,-28.13500,3.580,1.380,22.7
233.88833,17.65556,6.120,0.940,0.0
233.97250,11.26556,6.070,1.090,0.0
234.51333,-42.56750,4.330,1.420,58.8
234.70625,-52.37278,5.440,0.000,66.7
234.14042,-0.56167,6.510,0.720,0.0
233.81250,39.01000,5.110,1.640,333.3
234.36875,-26.28000,6.190,0.010,0.0
234.12333,10.01000,5.260,0.950,33.3
234.98542,-59.90833,5.950,0.480,34.5
234.12208,16.11889,5.930,0.290,0.0
234.63625,-39.16083,6.570,-0.070,0.0
234.45042,-23.14167,5.780,1.100,0.0
234.67625,-39.12806,6.040,0.210,0.0
233.95542,38.37389,6.420,0.000,0.0
234.56542,-28.20667,6.320,1.170,0.0
234.56792,-21.01611,5.840,1.080,0.0
233.81792,53.92194,5.970,1.180,0.0
234.66417,-29.77778,3.660,-0.170,0.0
234.22250,29.99111,6.520,0.000,0.0
234.72708,-19.30194,5.380,0.860,0.0
234.66667,-8.79444,6.500,0.530,90.9
234.66708,-8.79111,6.480,0.520,90.9
234.01708,52.06972,6.740,0.320,0.0
233.98792,54.63056,5.740,0.000,0.0
234.83875,-23.15028,6.340,0.020,0.0
234.94167,-34.41194,4.670,0.990,31.2
235.24292,-47.73556,6.230,1.630,0.0
235.06417,-31.21361,6.340,1.430,0.0
234.45667,40.35333,5.240,0.880,47.6
235.07042,-23.81806,4.960,1.330,20.4
235.29708,-44.66111,4.640,0.400,16.7
232.85375,77.34944,4.960,1.580,47.6
234.70375,34.67500,6.110,1.020,0.0
234.38333,54.50889,5.870,1.070,0.0
232.29583,80.44861,6.580,0.670,25.6
234.56750,46.79778,5.750,0.360,111.1
235.04333,12.05306,6.250,0.940,0.0
235.65500,-49.48944,6.040,1.310,0.0
234.84250,36.63667,6.000,0.000,66.7
234.84458,36.63583,5.070,-0.120,66.7
234.64292,50.42333,5.840,0.830,0.0
235.97958,-60.28722,6.480,1.050,0.0
235.65958,-37.42500,5.240,0.980,125.0
235.48667,-19.67889,4.740,1.570,25.0
235.67083,-34.71056,4.750,-0.140,0.0
235.24667,16.02472,6.010,0.900,0.0
234.78958,57.92444,6.450,1.090,0.0
235.38792,19.67028,4.520,0.040,90.9
235.44750,12.84750,5.330,0.040,31.2
234.41292,69.28333,5.620,1.350,0.0
235.47792,18.46389,5.810,0.200,47.6
236.09417,-41.81944,5.940,0.000,0.0
235.85375,-15.04333,6.310,1.160,0.0
236.01833,-15.67278,5.410,0.230,0.0
235.68583,26.29556,3.840,0.000,30.3
235.79417,13.66778,6.480,0.860,500.0
236.97333,-65.44250,6.180,0.220,0.0
236.97375,-65.44250,6.390,0.240,0.0
236.00750,2.51500,5.880,0.680,21.7
236.06708,6.42556,2.650,1.170,18.9
235.99708,32.51583,5.560,1.060,0.0
236.55333,-28.06167,6.510,0.320,0.0
235.71125,52.36083,5.510,-0.070,100.0
236.17542,17.26417,6.140,0.000,0.0
236.34792,5.44694,5.580,0.040,0.0
236.68417,-34.68250,5.610,-0.110,0.0
236.41542,0.89139,6.330,1.190,0.0
236.85583,-40.19417,6.420,0.880,0.0
236.52333,-1.80444,5.400,-0.030,0.0
236.87083,-37.91639,6.010,0.720,13.3
237.20958,-52.43806,6.070,1.380,0.0
236.68917,-6.12028,6.240,1.170,0.0
236.54708,15.42194,3.670,0.060,24.4
236.61083,7.35306,4.430,0.600,10.6
237.52875,-53.20944,5.770,-0.080,0.0
236.82208,14.11528,5.710,0.090,0.0
237.48958,-48.91194,5.840,0.070,0.0
237.56792,-45.40167,6.120,0.290,0.0
237.77833,-55.05583,5.730,0.060,0.0
237.05542,13.78861,6.000,1.250,0.0
237.23667,-3.81861,5.530,0.120,0.0
238.23625,-65.15250,6.540,0.190,0.0
237.00833,31.73583,6.440,0.000,0.0
236.64500,55.47472,5.920,1.390,0.0
237.18500,18.14167,4.090,1.620,47.6
237.14333,28.15667,5.850,0.770,100.0
237.40500,-3.43028,3.530,-0.040,142.9
237.88125,-47.06056,6.010,1.160,0.0
237.73958,-33.62722,3.950,-0.040,0.0
238.34500,-62.60694,6.190,1.470,0.0
237.74458,-25.75139,4.640,-0.050,0.0
236.66667,62.59944,5.190,0.040,55.6
236.90833,55.37667,5.860,0.250,76.9
237.57292,2.19639,5.230,1.020,37.0
237.39875,26.06833,4.630,0.800,71.4
238.21458,-50.61528,6.600,1.530,0.0
238.87333,-68.60306,5.090,1.130,142.9
237.70417,4.47778,3.710,0.150,24.4
238.05333,-29.88667,6.400,0.980,0.0
237.67375,15.13361,5.200,0.000,0.0
237.81500,-3.09056,5.110,0.120,100.0
237.91000,-14.13361,6.190,1.000,0.0
238.78542,-63.43056,2.850,0.290,12.0
238.71917,-60.74333,6.150,0.100,0.0
237.81625,20.97778,4.760,1.540,66.7
238.88458,-60.17778,5.770,0.350,35.7
237.80792,35.65750,4.820,1.000,29.4
238.33375,-20.16722,5.030,-0.010,0.0
236.01458,77.79444,4.320,0.040,62.5
238.40292,-25.32722,4.590,-0.070,166.7
239.02500,-60.48278,5.760,0.060,0.0
238.47417,-24.53306,5.390,-0.020,0.0
238.48250,-23.97806,5.420,-0.040,0.0
238.45625,-16.72944,4.150,1.020,27.8
238.23417,17.40361,6.360,0.000,0.0
238.62500,-27.33861,6.140,-0.070,0.0
238.30042,13.19667,6.100,0.600,24.4
238.66458,-25.24361,5.870,-0.060,0.0
238.39542,16.07500,6.090,0.000,0.0
238.16875,42.45167,4.620,0.560,17.9
238.75125,-19.38306,5.940,-0.010,0.0
238.87667,-31.08361,6.210,1.370,0.0
238.87542,-26.26583,5.620,0.150,0.0
239.02708,-39.86417,6.030,0.150,0.0
238.66792,8.58028,6.290,0.180,0.0
239.74208,-65.03778,5.750,-0.060,0.0
239.26583,-48.16222,6.310,0.380,0.0
238.06917,55.82667,5.810,0.960,0.0
239.05792,-31.78583,6.290,0.430,0.0
238.64417,20.31083,5.440,1.590,43.5
239.22292,-33.96639,5.120,0.120,40.0
239.22583,-33.96417,5.620,0.050,40.0
239.06000,-14.39944,6.370,0.480,0.0
239.22125,-29.21417,3.880,-0.200,0.0
239.33875,-36.18500,5.800,1.010,0.0
239.13917,-14.82917,6.130,0.230,0.0
238.91583,18.62056,6.260,-0.110,0.0
238.65792,43.13861,5.370,1.650,29.4
239.11333,15.66167,3.850,0.480,14.5
239.41833,-20.98306,5.850,0.020,0.0
239.62792,-37.50306,6.310,1.010,0.0
238.94833,37.94694,5.450,0.330,22.7
239.97500,-54.02111,6.100,0.000,0.0
238.87750,42.56611,5.750,-0.110,0.0
240.29458,-63.77667,6.410,0.780,0.0
239.31083,14.41444,5.540,1.140,0.0
239.54750,-14.27944,4.880,-0.100,0.0
239.64500,-24.83139,5.430,-0.090,0.0
239.87625,-41.74444,4.990,1.000,52.6
239.71292,-26.11417,2.890,-0.190,100.0
239.99167,-40.65278,6.490,1.520,0.0
240.27667,-54.57778,6.130,0.250,0.0
239.39708,26.87778,4.150,1.230,41.7
240.03042,-38.39694,3.410,-0.220,125.0
238.95708,58.91167,6.310,-0.020,0.0
239.37458,39.69528,6.310,1.070,0.0
240.71833,-62.54167,6.250,-0.040,0.0
240.22375,-40.43528,6.210,0.010,0.0
240.08333,-22.62167,2.320,-0.120,0.0
240.08167,-16.53333,5.470,0.520,28.6
241.48250,-72.40083,5.700,1.170,0.0
240.33125,-31.88944,6.330,1.450,0.0
239.74042,36.64389,5.620,1.490,0.0
239.87583,25.92028,2.000,0.100,0.0
240.19833,-8.41139,5.550,0.050,0.0
239.44750,54.74972,4.950,0.260,45.5
240.88292,-57.77528,4.630,0.240,43.5
240.80375,-49.22972,4.650,0.920,45.5
240.21292,4.42750,5.830,1.000,0.0
239.76833,49.88111,6.050,0.290,0.0
240.66417,-29.13583,6.030,1.310,0.0
240.30958,17.81833,5.120,0.990,0.0
240.85083,-38.60250,4.890,-0.140,0.0
240.26125,33.30361,5.410,0.600,25.0
240.83583,-25.86528,5.000,1.220,31.2
240.89292,-32.00056,6.010,0.470,0.0
240.36083,29.85111,4.990,-0.070,100.0
240.57375,22.80444,4.830,0.070,83.3
240.97792,-24.72639,6.210,1.380,0.0
241.07417,-33.21444,6.100,0.340,0.0
241.15292,-37.86306,5.900,0.400,0.0
240.94042,4.98667,6.080,0.960,0.0
241.09208,-11.37306,5.070,0.000,20.8
241.09208,-11.37306,4.770,0.470,20.8
241.85000,-56.19139,6.160,0.580,0.0
241.62250,-45.17333,4.720,0.230,28.6
240.52292,52.91583,5.930,1.480,0.0
240.69958,46.03667,4.760,-0.110,0.0
240.83083,36.63167,5.830,0.560,0.0
241.35917,-19.80556,2.620,-0.070,111.1
241.36042,-19.80194,4.920,-0.020,0.0
240.47208,58.56528,4.010,0.520,19.6
241.64792,-36.80222,4.230,-0.170,0.0
241.52625,-23.60639,5.920,-0.080,0.0
241.43542,-6.29167,6.530,0.480,83.3
241.49917,-6.13944,6.410,1.030,0.0
241.81833,-36.75556,5.730,0.290,0.0
241.40750,8.09611,6.290,0.080,0.0
241.70167,-20.66917,3.960,-0.040,0.0
242.32750,-57.93444,5.570,-0.040,0.0
240.78875,59.41083,6.190,1.580,0.0
241.76417,-14.07083,6.320,0.660,0.0
241.85125,-20.86861,4.320,0.840,47.6
241.96625,-24.46194,6.330,-0.060,0.0
242.14250,-39.10528,7.050,0.360,0.0
242.14333,-39.09306,6.650,-0.070,0.0
242.03167,-26.32667,5.380,1.650,0.0
241.90167,-12.74556,5.780,0.010,0.0
242.18208,-23.68556,5.880,0.020,0.0
241.90625,9.89167,5.630,0.200,0.0
241.84250,21.82250,6.140,1.370,0.0
242.38208,-32.64972,6.190,0.790,0.0
242.46917,-33.54583,5.540,-0.100,0.0
242.01875,17.04694,5.000,0.950,500.0
242.02042,17.05444,6.250,1.140,500.0
242.11667,8.53417,5.730,1.610,0.0
242.24542,3.45444,5.910,1.470,0.0
242.48000,-18.34083,6.470,0.440,0.0
242.19417,17.20583,6.140,0.000,0.0
242.29667,6.37889,5.970,1.000,33.3
242.82375,-41.11972,5.860,0.270,0.0
242.46042,-3.46694,5.370,1.450,125.0
242.75833,-29.41639,5.130,1.120,40.0
242.24292,36.49083,4.760,1.010,32.3
243.34417,-55.54083,5.810,0.340,0.0
245.08667,-78.69583,4.680,1.690,50.0
245.11167,-78.66722,5.270,1.410,50.0
243.32000,-53.67167,5.830,1.960,0.0
242.19250,44.93500,4.260,-0.070,50.0
243.36958,-54.63056,4.940,1.040,45.5
241.58208,67.81028,5.440,-0.020,100.0
242.99417,-19.44972,6.300,0.130,33.3
242.99875,-19.46056,4.010,0.040,33.3
243.07583,-27.92639,4.590,-0.160,0.0
243.06625,-28.41750,5.670,0.010,47.6
243.85958,-63.68556,3.850,1.110,34.5
243.00000,-10.06417,4.940,0.090,50.0
242.87375,9.71250,6.530,0.240,0.0
243.03042,-8.54750,5.430,0.120,0.0
240.88042,76.79361,5.560,0.000,0.0
242.86958,16.66556,6.080,0.020,0.0
242.26208,57.93778,6.330,0.000,0.0
244.27292,-67.94139,5.750,0.150,0.0
242.35833,55.82889,6.490,0.000,0.0
242.90833,23.49472,5.700,1.560,0.0
243.95708,-57.91222,5.630,0.140,0.0
243.23542,-4.22083,6.250,0.130,0.0
243.44042,-24.42194,6.410,0.040,0.0
242.91542,33.34250,6.290,1.200,111.1
243.59292,-33.01139,5.920,1.020,0.0
243.81375,-47.37222,5.140,-0.130,0.0
242.95000,36.42500,5.630,1.340,0.0
243.31417,5.02111,5.480,1.470,71.4
243.46208,-11.83750,5.220,1.420,34.5
243.85000,-42.89972,6.140,1.110,0.0
242.94833,42.37444,5.870,1.450,0.0
243.62000,-21.10750,6.410,-0.010,0.0
243.18875,26.67083,6.500,0.390,83.3
243.66292,-18.53528,6.320,1.090,0.0
243.72333,-25.47694,6.050,0.040,0.0
244.17958,-53.81111,5.440,1.730,50.0
243.58625,-3.69444,2.740,1.580,29.4
243.55625,5.90194,6.310,1.150,0.0
244.25375,-50.06833,4.990,0.800,0.0
244.33708,-53.08667,6.330,0.270,0.0
243.90542,-8.36944,5.500,0.650,16.1
243.96458,-14.84917,6.090,0.060,0.0
244.71625,-57.89972,6.490,1.000,0.0
243.67000,33.85861,5.640,0.510,22.2
243.67000,33.85833,6.660,0.000,22.2
243.86958,18.80833,5.690,1.120,100.0
244.24500,-21.30389,6.610,0.020,0.0
244.23042,-3.95333,6.180,0.310,0.0
243.94750,27.42222,6.140,1.310,0.0
243.10458,67.14417,6.210,0.990,0.0
244.57458,-28.61389,4.780,0.020,32.3
244.82375,-42.67389,5.450,0.100,0.0
244.96000,-50.15556,4.020,1.080,22.7
245.10500,-55.14000,5.770,0.970,0.0
244.18667,29.15028,5.780,0.070,0.0
244.58042,-4.69250,3.240,0.960,23.3
244.78208,-20.21778,6.290,1.080,0.0
244.88625,-30.90667,5.490,0.470,33.3
244.75167,-14.87250,5.940,1.520,0.0
242.70625,75.87750,5.480,-0.110,0.0
245.13583,-39.43083,6.120,-0.070,0.0
245.15917,-24.16944,4.550,0.840,200.0
243.13417,75.21056,6.390,0.000,0.0
245.61667,-49.57222,5.330,-0.040,0.0
245.29708,-25.59278,2.890,0.130,0.0
245.62042,-43.91222,5.880,1.160,0.0
244.31375,59.75500,5.400,1.630,0.0
245.01792,21.13250,6.050,0.940,0.0
243.63958,73.39500,5.980,0.080,0.0
246.34167,-63.12472,6.150,0.030,0.0
244.79667,49.03806,5.910,1.370,0.0
244.97958,39.70861,5.460,0.400,23.3
244.93500,46.31333,3.890,-0.150,33.3
245.51833,1.02917,4.820,0.340,23.3
246.00542,-39.19306,5.400,0.620,18.5
245.48000,19.15306,3.750,0.270,41.7
245.66208,-2.07972,6.230,0.070,0.0
245.98625,-33.19944,6.470,0.010,111.1
247.11708,-70.08444,4.910,0.550,10.6
246.22583,-45.34917,6.330,0.190,0.0
246.13208,-37.56583,5.420,-0.110,0.0
244.53917,68.55444,6.410,0.000,0.0
248.36250,-78.89722,3.890,0.910,17.9
245.52417,30.89194,4.850,0.970,62.5
246.02583,-20.03750,4.500,1.010,0.0
246.16500,-29.70333,6.630,0.590,27.8
246.16542,-29.70472,5.840,0.590,27.8
245.58917,33.79917,5.200,1.600,333.3
245.62167,33.70361,5.390,1.530,47.6
246.98875,-64.05806,5.270,0.360,34.5
245.73542,32.33306,6.400,0.080,0.0
246.04500,6.94806,5.850,-0.010,0.0
246.39667,-23.44722,5.020,0.240,76.9
246.39625,-23.44611,5.920,0.000,76.9
247.06333,-58.59972,5.690,0.000,0.0
246.79625,-47.55500,4.470,-0.070,0.0
244.37625,75.75528,4.950,0.370,23.3
246.35417,14.03333,4.570,0.000,24.4
246.75583,-18.45639,4.420,0.280,0.0
246.44875,18.89250,6.700,0.000,100.0
247.43750,-57.75583,6.060,1.480,0.0
246.54792,11.40750,6.110,1.030,0.0
247.06125,-37.17944,5.790,1.100,0.0
246.35083,37.39389,5.540,0.170,0.0
246.70875,2.34750,6.070,0.920,0.0
247.70583,-61.63361,5.200,1.230,166.7
245.45292,69.10944,5.250,1.120,111.1
246.10542,55.20500,5.740,0.000,0.0
246.93125,-7.59806,5.230,1.720,125.0
246.95042,-8.37167,4.630,0.170,35.7
245.94583,61.69667,5.670,0.960,333.3
247.42625,-46.24333,5.350,0.560,0.0
245.99792,61.51417,2.740,0.910,19.6
258.99708,-87.56639,6.570,0.910,0.0
247.35167,-26.43194,0.960,1.830,41.7
248.58042,-70.98806,5.500,1.220,0.0
247.14167,0.66500,5.390,1.460,166.7
247.20375,-8.12889,6.480,0.400,0.0
251.47333,-83.23889,6.570,1.570,0.0
255.24375,-86.36444,6.040,0.050,0.0
247.44542,-14.55083,5.680,0.820,0.0
247.55167,-25.11500,4.790,-0.110,0.0
247.92375,-41.81694,5.330,0.330,0.0
247.84542,-34.70444,4.230,-0.160,0.0
247.62458,-7.51500,6.500,0.370,0.0
247.84500,-26.53778,6.100,1.080,0.0
247.16042,41.88167,5.040,1.520,55.6
247.78458,-16.61278,4.280,0.920,71.4
247.55500,21.48972,2.770,0.940,41.7
247.72833,1.98389,3.820,0.010,100.0
247.18083,51.40778,6.290,1.050,0.0
248.93667,-65.49528,5.520,0.930,71.4
247.64000,20.47917,5.250,1.290,0.0
248.03417,-21.46639,4.450,0.130,35.7
247.80583,22.19528,5.760,1.610,0.0
248.52083,-44.04528,4.940,0.050,0.0
247.52500,48.96083,6.450,0.030,0.0
247.76167,35.22500,6.250,1.640,0.0
248.14875,5.52111,5.630,-0.060,0.0
248.15125,11.48806,4.840,1.490,0.0
248.78292,-45.24472,6.460,1.340,0.0
246.99583,68.76806,5.000,-0.060,71.4
247.94708,45.59833,5.650,0.120,45.5
250.76917,-77.51750,4.240,1.060,29.4
249.09375,-42.85889,5.470,0.400,0.0
248.97083,-28.21611,2.820,-0.250,50.0
249.09375,-35.25556,4.160,1.570,45.5
249.71958,-60.99028,6.180,-0.080,0.0
248.52583,42.43694,4.200,-0.010,100.0
248.85958,17.05722,6.410,0.050,0.0
248.10708,60.82333,5.940,0.020,0.0
249.08958,-2.32472,5.750,0.820,10.8
250.34708,-68.29611,5.910,-0.080,0.0
246.42958,78.96389,5.560,0.260,35.7
249.60917,-43.39861,5.830,-0.020,0.0
249.28958,-10.56722,2.560,0.020,333.3
249.17917,15.49806,6.300,-0.110,0.0
250.21042,-60.44611,6.180,0.480,0.0
249.77167,-37.21750,5.910,0.000,0.0
249.50667,-6.53806,6.090,0.160,0.0
247.86708,72.61194,6.300,1.320,90.9
249.45000,13.68694,6.310,0.410,0.0
250.84208,-67.43250,6.030,0.020,0.0
249.04667,46.61333,5.790,1.040,0.0
249.04792,52.90028,5.530,-0.070,100.0
249.05708,52.92444,5.080,-0.040,100.0
249.05875,52.92417,6.530,-0.060,100.0
250.33458,-48.76306,5.650,0.130,142.9
250.41750,-49.65167,5.650,-0.030,0.0
249.91292,-9.55444,6.350,0.480,0.0
250.14375,-20.40861,6.260,1.080,0.0
247.66167,77.44667,6.340,1.000,58.8
250.43958,-33.14639,5.870,0.650,0.0
250.40083,-24.46806,6.090,0.200,0.0
250.14625,4.20722,6.930,0.130,0.0
250.16125,4.21972,5.770,-0.020,0.0
250.39333,-17.74222,4.960,1.110,21.3
250.76417,-46.07056,6.230,0.850,0.0
249.22917,63.07278,6.160,1.530,0.0
249.50167,56.01556,5.290,1.080,66.7
249.68708,48.92833,4.900,1.550,58.8
250.29792,-1.00056,6.240,0.300,0.0
250.47375,-19.92444,5.570,0.430,0.0
250.21417,12.39500,6.080,0.050,0.0
251.66667,-67.10972,5.130,-0.080,200.0
250.42708,1.18111,5.740,0.320,33.3
250.93958,-41.11889,6.200,0.140,0.0
251.16583,-53.15250,5.960,1.260,0.0
250.25250,24.85861,6.060,1.310,0.0
250.97458,-41.11306,6.120,-0.070,0.0
250.94833,-38.15667,6.050,-0.060,0.0
250.91125,-32.10611,6.460,-0.080,0.0
250.32167,31.60306,2.810,0.650,9.8
250.40292,26.91694,5.920,0.400,0.0
251.17750,-40.83972,5.710,-0.120,0.0
251.58833,-58.50361,5.740,-0.090,0.0
251.07208,-27.45611,6.580,0.100,83.3
252.16625,-69.02778,1.920,1.440,32.3
251.25083,-28.50972,6.020,0.090,0.0
251.83125,-58.34139,5.580,-0.080,0.0
250.72417,38.92222,3.530,0.920,29.4
251.69917,-39.37722,5.480,0.980,0.0
250.96542,34.03889,5.990,0.290,0.0
250.22958,64.58917,4.830,1.220,111.1
251.37375,1.02028,6.030,-0.020,0.0
251.71375,-25.52861,6.710,1.180,0.0
250.74333,55.69028,6.160,0.070,0.0
251.34375,15.74528,5.560,1.660,43.5
251.45792,8.58250,5.150,1.530,100.0
252.44625,-59.04139,3.760,1.570,40.0
251.29875,43.21722,6.050,1.400,0.0
253.07250,-67.68194,6.320,1.280,0.0
251.79083,2.06444,6.100,0.140,0.0
252.97458,-65.37556,6.130,-0.020,0.0
251.94333,5.24667,5.240,-0.020,71.4
252.11250,-14.90944,6.030,0.200,0.0
252.64958,-50.04556,6.470,0.310,125.0
251.32417,56.78194,4.850,0.380,21.7
249.47042,78.91833,6.320,1.140,21.3
252.03708,13.59056,6.350,0.870,0.0
252.36583,-15.66750,6.100,0.000,0.0
252.54083,-34.29333,2.290,1.150,45.5
251.83250,42.23889,5.870,1.610,0.0
252.45833,-10.78306,4.650,0.470,62.5
252.74917,-37.51444,6.110,0.120,166.7
252.89042,-41.23056,5.220,0.070,0.0
252.39417,13.26139,5.910,0.030,76.9
252.96750,-38.04750,3.080,-0.200,0.0
252.59292,-2.65389,6.320,0.420,0.0
253.07958,-41.85444,6.490,0.230,0.0
252.58083,7.24778,5.490,0.100,40.0
253.50208,-57.90944,5.940,1.590,0.0
253.08375,-38.01750,3.570,-0.210,0.0
253.85292,-63.26972,6.020,0.050,0.0
252.30917,45.98333,4.820,0.090,100.0
252.85375,1.21611,5.510,0.050,47.6
252.41875,43.43056,6.130,1.260,0.0
253.42708,-43.05083,5.960,1.730,0.0
252.66250,29.80667,5.720,1.600,0.0
252.67958,32.55361,6.130,1.010,0.0
253.50750,-41.80639,5.450,0.190,0.0
253.49500,-41.99472,6.320,0.500,0.0
253.49875,-42.36222,4.730,0.490,0.0
253.54917,-41.85028,6.450,0.200,0.0
252.65042,41.89667,6.290,1.080,0.0
253.58167,-41.82000,6.590,0.210,0.0
253.61208,-42.47889,5.880,0.640,0.0
250.77500,77.51417,5.980,0.420,33.3
253.02042,14.97417,6.520,-0.050,0.0
253.35500,-20.41556,5.880,0.680,0.0
252.93875,24.65639,5.040,1.250,100.0
253.64583,-42.36139,3.620,1.370,35.7
253.74333,-41.15111,5.770,0.150,0.0
253.65000,-30.58722,6.350,0.210,0.0
254.03708,-50.67500,6.330,-0.020,0.0
254.11958,-52.28389,5.940,-0.080,0.0
254.89083,-69.26833,5.790,-0.100,0.0
253.54417,-1.61222,6.250,0.280,0.0
253.66792,-11.79250,6.570,0.140,0.0
253.24208,31.70167,5.320,0.290,83.3
253.64875,-6.15389,5.250,1.080,47.6
253.50208,10.16528,4.380,-0.080,34.5
253.99083,-33.50722,6.370,1.710,0.0
254.15000,-40.82361,6.150,0.260,0.0
254.00750,-16.80611,6.370,0.920,0.0
254.65500,-55.99028,3.130,1.600,22.7
253.32333,47.41694,6.000,1.320,0.0
253.73000,20.95861,5.410,0.970,90.9
254.29625,-33.25944,5.480,1.590,0.0
254.57500,-50.64111,5.550,0.020,0.0
253.81667,13.61972,6.340,0.340,0.0
254.20000,-23.15000,5.580,-0.020,111.1
253.75875,25.73056,6.080,0.920,0.0
253.84250,18.43333,5.350,1.410,50.0
254.26667,-19.54000,6.270,0.070,125.0
254.89625,-53.16056,4.060,1.450,200.0
254.35875,-10.96333,6.190,1.000,0.0
255.02583,-54.59694,5.650,0.190,0.0
254.71833,-37.62111,6.090,0.190,55.6
254.41708,9.37500,3.200,1.150,32.3
255.11292,-48.64778,6.000,0.880,0.0
254.38333,13.88417,6.370,0.940,0.0
254.67333,-14.86972,6.590,0.400,0.0
255.13458,-45.45167,6.650,1.800,0.0
255.44750,-58.95833,6.110,-0.030,0.0
254.37917,25.35278,6.280,0.900,0.0
254.02667,50.03889,6.560,1.620,0.0
254.42625,24.38139,6.320,1.100,0.0
254.99000,-25.09194,5.860,1.620,0.0
255.03958,-24.98917,5.750,0.410,0.0
255.15375,-35.93417,5.970,1.160,0.0
255.44208,-51.13083,6.450,0.270,0.0
254.45917,42.51250,6.340,1.280,0.0
255.78667,-53.23694,5.290,0.480,25.6
254.00708,65.13472,4.890,0.480,16.1
255.46958,-32.14361,5.030,-0.100,0.0
255.12250,6.58361,6.590,0.230,0.0
255.26500,-4.22250,4.820,1.480,66.7
254.10500,65.03917,6.410,0.380,34.5
256.10292,-57.71222,5.730,-0.100,0.0
255.46333,-18.88556,6.260,1.380,0.0
251.49208,82.03722,4.230,0.890,100.0
255.92375,-47.16000,6.060,0.000,0.0
255.07250,30.92639,3.920,-0.010,35.7
255.24208,22.63222,5.650,1.330,0.0
255.38750,14.94944,6.310,0.040,0.0
255.96167,-38.15222,5.910,0.380,0.0
255.29000,27.19639,6.550,0.410,0.0
255.49625,8.45056,6.330,0.090,100.0
254.83958,56.68861,6.030,1.160,0.0
256.27208,-45.50167,6.280,0.070,0.0
255.40167,33.56833,5.250,0.020,43.5
255.57792,25.50556,5.750,1.020,71.4
256.20583,-34.12278,4.870,0.260,0.0
254.07000,73.12778,6.300,0.240,0.0
255.57167,31.88472,6.360,1.130,0.0
255.78250,14.09194,4.980,1.600,200.0
256.45250,-44.10500,6.190,0.280,0.0
255.79333,14.51111,6.520,0.760,34.5
256.18875,-20.49472,6.300,-0.020,0.0
255.91375,13.60528,5.930,0.000,0.0
255.99167,13.56750,6.080,1.030,0.0
255.96958,19.69056,6.350,1.520,0.0
256.58458,-37.22750,5.980,0.070,0.0
254.76083,69.18639,6.400,0.000,58.8
255.87583,35.41417,6.690,0.000,100.0
256.61833,-35.45111,6.130,0.500,0.0
255.31958,60.64917,6.130,1.000,0.0
256.32042,0.70250,6.010,0.580,21.7
256.54917,-21.56472,6.300,0.130,0.0
255.97292,34.79028,6.040,0.220,0.0
256.17208,19.59917,6.170,-0.010,0.0
256.38458,-0.89194,5.640,0.160,0.0
256.72167,-26.51306,6.290,-0.040,0.0
256.34458,12.74083,4.910,0.120,45.5
257.52625,-61.67556,6.390,-0.040,0.0
258.08250,-70.72111,6.220,1.060,0.0
256.54042,9.73333,6.370,1.450,0.0
256.55458,10.45417,6.370,0.870,0.0
255.56375,64.60056,6.100,0.960,62.5
256.72042,-1.65639,6.380,0.200,0.0
256.27083,43.81222,6.430,0.090,0.0
256.20750,48.80417,6.090,1.090,0.0
256.57542,22.08417,5.560,1.300,90.9
257.06208,-17.60917,5.990,1.010,0.0
257.19792,-30.40361,5.970,0.250,0.0
257.05667,-1.07944,6.060,0.080,125.0
258.32292,-67.19667,5.890,1.060,0.0
256.33250,54.47028,5.830,0.000,21.7
256.33208,54.47028,5.800,0.480,21.7
257.67625,-44.55750,5.080,0.860,58.8
257.22708,-3.88278,6.360,0.690,0.0
259.14833,-74.53306,6.250,-0.010,0.0
257.91208,-48.87417,5.840,1.840,0.0
257.45000,-10.52333,5.560,0.520,71.4
256.94458,40.51611,6.340,0.030,0.0
257.00833,35.93528,5.390,0.310,66.7
257.59458,-15.72472,2.430,0.060,19.2
255.41750,75.29722,6.210,0.000,0.0
258.03833,-43.23917,3.330,0.410,15.9
258.06750,-39.50694,5.670,0.040,0.0
258.06875,-38.82222,6.300,1.050,0.0
257.07125,50.84222,6.460,0.000,0.0
258.55500,-56.88833,6.090,1.780,0.0
257.69083,12.46722,6.570,0.080,0.0
258.05667,-25.25472,6.540,-0.040,0.0
258.10417,-27.76194,6.140,-0.040,0.0
257.38875,40.77722,5.080,1.280,52.6
258.24458,-32.43861,6.010,0.070,0.0
257.93833,7.89472,6.330,1.040,0.0
257.76333,24.23778,6.190,0.230,0.0
258.61542,-39.76694,6.600,2.210,0.0
258.11583,10.58528,5.330,1.590,0.0
258.22667,0.35194,6.650,0.500,0.0
257.62750,52.40889,6.290,0.000,0.0
257.19667,65.71472,3.170,-0.120,43.5
258.83042,-33.54833,5.530,-0.010,0.0
258.89958,-38.59389,5.960,0.580,23.8
257.91750,49.74667,6.040,0.000,0.0
260.05333,-70.04556,6.530,0.600,0.0
258.83750,-26.60278,5.110,0.860,5.3
258.83667,-26.60139,5.070,0.850,5.3
258.96458,-30.21056,6.210,-0.030,0.0
258.83458,-14.58389,5.990,1.100,0.0
259.08958,-35.74944,6.120,0.480,43.5
258.66208,14.39028,3.480,1.440,0.0
258.66333,14.39000,5.390,0.000,0.0
259.80167,-59.69444,5.910,1.370,0.0
259.26542,-32.66278,5.550,0.500,0.0
258.75792,24.83917,3.140,0.080,22.7
260.52458,-70.12333,5.410,-0.040,0.0
259.05917,2.18611,6.170,0.220,0.0
259.17833,-6.24500,6.090,1.100,0.0
259.13208,1.21056,5.880,0.060,500.0
259.15292,-0.44528,4.730,1.140,100.0
259.76333,-46.63389,5.480,0.800,7.6
260.49750,-67.77056,4.780,1.210,71.4
258.76167,36.80917,3.160,1.440,40.0
258.92333,23.74278,5.960,1.310,0.0
259.70000,-44.12972,5.760,-0.050,0.0
258.13583,62.87444,5.560,0.210,71.4
259.58500,-32.55333,6.360,0.150,0.0
259.87625,-50.06333,6.270,0.410,0.0
259.50292,-24.28694,5.200,1.100,76.9
259.50208,-24.28417,6.800,0.510,76.9
259.73833,-34.98972,5.910,1.040,7.1
259.85208,-44.22306,6.650,0.200,0.0
259.58000,-16.31194,6.430,1.660,0.0
262.86375,-80.85917,5.880,1.670,0.0
259.39958,23.09083,6.450,0.000,0.0
259.33125,33.10000,4.820,-0.170,111.1
259.52083,17.31806,6.000,0.010,0.0
259.65417,10.86444,5.030,1.550,0.0
259.72000,6.08528,6.510,0.390,0.0
259.97208,-17.75639,6.020,0.040,83.3
259.41792,37.29167,4.650,0.050,55.6
259.20250,49.69111,7.480,0.000,0.0
260.72917,-58.01028,5.880,1.070,0.0
259.99792,-5.91722,6.320,0.850,58.8
261.00458,-62.86417,5.700,-0.140,0.0
260.14250,-19.33278,6.520,0.580,0.0
260.77875,-56.52528,5.800,1.000,0.0
259.70208,28.82306,5.650,0.980,62.5
259.59708,38.81139,5.940,1.000,0.0
260.25083,-21.11278,4.390,0.390,16.4
260.20708,-12.84694,4.330,0.030,35.7
261.07792,-60.67361,5.770,-0.080,0.0
259.12250,60.67056,6.320,1.090,333.3
260.21958,-10.69611,6.460,0.330,0.0
260.66417,-37.80500,6.410,0.640,0.0
260.81708,-47.46833,5.250,-0.110,0.0
260.07875,18.05722,5.000,1.620,166.7
260.50250,-24.99944,3.270,-0.220,0.0
260.65833,-35.91000,6.470,0.540,0.0
260.04083,25.53750,5.380,0.030,90.9
260.72875,-37.22056,5.930,1.080,0.0
260.22583,24.49944,5.120,-0.030,100.0
260.16500,32.46778,5.390,0.620,14.5
260.84000,-28.14306,5.350,1.550,35.7
261.05417,-44.16250,5.120,-0.060,0.0
261.32500,-55.53000,2.850,1.460,29.4
261.34833,-56.37750,3.340,-0.130,0.0
260.38917,16.73083,6.350,1.610,0.0
260.08792,46.24083,5.590,1.570,0.0
260.71375,-2.38833,6.290,0.680,0.0
260.38000,28.75806,6.350,0.700,0.0
260.14000,48.18833,6.430,0.430,142.9
261.50000,-50.63361,5.230,1.060,33.3
260.43167,39.97444,5.510,0.680,47.6
261.26125,-34.69639,6.160,0.020,0.0
262.03208,-63.03639,6.240,-0.090,0.0
261.17500,-21.44167,5.850,0.930,76.9
261.15458,-18.44583,6.210,0.030,0.0
261.27583,-24.24361,6.190,1.100,0.0
261.73458,-51.94917,6.190,-0.030,0.0
260.99000,8.85278,5.770,1.250,0.0
261.71458,-45.84361,5.290,-0.070,111.1
261.80167,-50.63028,5.920,0.080,0.0
260.43917,53.42056,5.670,1.470,0.0
261.02750,22.96028,5.740,0.210,0.0
261.13125,16.30111,5.710,0.070,0.0
261.14083,15.60611,6.350,-0.020,0.0
261.99000,-52.29722,5.750,1.170,0.0
260.91958,37.14667,5.470,0.000,0.0
260.92083,37.14583,4.520,-0.030,0.0
261.59250,-24.17528,4.170,0.280,22.2
262.16125,-55.16972,5.940,1.110,0.0
261.00917,38.58278,6.490,0.730,0.0
261.49125,-1.65167,6.440,0.460,0.0
261.73000,-25.94333,6.440,-0.060,0.0
261.11292,36.95194,6.280,0.880,0.0
261.83875,-29.86694,4.290,0.400,47.6
261.65792,-5.08667,4.540,0.390,31.2
261.90625,-29.72444,6.000,0.000,0.0
261.47667,16.91750,5.980,1.620,0.0
261.75875,-12.51250,6.210,0.510,0.0
261.57917,7.59556,6.060,0.580,0.0
261.62875,4.14028,4.340,1.500,125.0
261.50375,26.87889,6.410,0.100,0.0
262.77458,-60.68389,3.620,-0.100,0.0
262.23375,-36.77833,6.020,1.110,0.0
261.70458,20.08083,5.540,-0.130,0.0
262.35708,-38.51667,6.390,0.090,0.0
262.00958,-8.20833,6.370,0.580,0.0
262.84583,-56.92056,5.950,-0.080,0.0
261.69250,34.69583,5.940,-0.010,0.0
262.20708,0.33056,5.440,0.220,83.3
262.69083,-37.29583,2.690,-0.220,0.0
261.68417,48.26000,5.850,0.120,71.4
262.96042,-49.87611,2.950,-0.170,142.9
261.42208,60.04833,5.650,0.030,0.0
262.44750,-5.91972,6.370,0.930,125.0
262.95458,-46.03639,6.030,0.830,0.0
261.52042,58.65194,6.510,0.140,0.0
262.59917,-1.06250,5.310,0.720,18.5
262.94750,-33.70278,6.440,1.190,0.0
261.25083,67.30639,6.430,0.760,12.8
262.85417,-23.96278,4.810,0.000,25.0
262.93500,-26.26972,6.050,-0.060,0.0
262.59333,11.92500,6.390,0.060,0.0
263.10208,-34.27972,6.170,0.350,0.0
263.28083,-41.17361,5.840,0.060,0.0
262.83875,2.72444,5.590,0.840,0.0
263.89542,-59.84611,6.280,-0.080,0.0
262.68458,26.11056,4.410,1.440,62.5
263.40208,-37.10389,1.630,-0.220,0.0
262.73083,31.15833,5.610,0.950,0.0
259.90417,80.13639,5.720,1.500,0.0
263.83333,-53.35278,6.100,0.020,0.0
262.66792,38.88222,6.430,0.490,0.0
263.06250,11.93028,6.420,-0.010,0.0
262.95667,28.40750,5.620,0.000,0.0
263.37458,-5.74472,5.620,0.180,0.0
263.67708,-32.58167,5.700,0.040,0.0
262.60833,52.30139,2.790,0.980,76.9
263.91500,-46.50556,4.590,-0.030,0.0
263.00458,34.27083,6.560,0.650,18.2
263.92917,-37.44000,6.480,0.010,0.0
262.68250,57.87639,6.400,0.000,0.0
263.34500,19.25667,5.640,0.480,31.2
263.41417,16.31750,5.690,1.010,33.3
263.42833,14.84167,6.480,1.600,0.0
263.69333,-11.24194,5.550,0.020,0.0
263.82708,-22.04389,6.570,0.010,0.0
264.13667,-38.63528,4.290,1.090,55.6
264.36333,-50.06000,5.930,1.100,0.0
263.65292,9.58667,5.810,0.020,0.0
264.52333,-54.50028,5.250,0.200,17.5
263.28042,41.24361,5.740,1.090,66.7
263.61333,16.50389,6.400,0.000,0.0
270.39208,-85.21472,6.450,0.440,0.0
264.33000,-42.99778,1.870,0.400,37.0
263.04417,55.18417,4.880,0.260,28.6
263.06667,55.17306,4.870,0.280,28.6
263.73375,12.56000,2.080,0.150,14.9
264.36167,-38.06556,6.260,1.250,0.0
264.53542,-42.88056,6.100,-0.060,0.0
263.99833,20.99611,6.100,0.190,0.0
263.38208,57.55889,6.170,0.590,0.0
264.39667,-15.39861,3.540,0.260,33.3
264.40083,-15.57111,5.940,0.370,0.0
263.92667,37.30167,6.100,0.980,0.0
264.03292,28.18472,6.380,0.000,0.0
266.08208,-72.22083,6.490,0.480,31.2
262.99125,68.13500,5.050,1.080,50.0
264.46125,-8.11889,4.620,0.110,0.0
264.53958,-10.92639,5.750,1.230,0.0
265.09833,-49.41556,4.770,0.400,22.7
264.15292,30.78528,6.020,0.160,0.0
264.37958,24.31000,5.770,0.110,0.0
265.31792,-46.92194,5.790,-0.010,0.0
263.74792,61.87500,5.230,0.610,14.5
264.15667,48.58556,5.370,1.150,58.8
264.78542,2.02806,6.260,1.030,0.0
265.51625,-50.51056,6.240,1.760,0.0
264.74083,13.32917,6.120,0.560,0.0
265.04917,-2.15250,6.190,1.670,0.0
264.70708,32.73944,6.370,0.000,0.0
265.62208,-39.03000,2.410,-0.220,0.0
265.35375,-12.87528,4.260,0.080,166.7
266.43333,-64.72389,3.620,1.190,40.0
265.71250,-36.94583,5.540,1.550,0.0
264.98958,31.20250,6.030,1.580,0.0
266.03625,-51.83417,5.150,0.700,13.0
266.23250,-57.54528,6.010,0.900,0.0
265.77875,-33.05111,6.400,1.810,0.0
264.86625,46.00639,3.800,-0.180,200.0
265.29583,15.17806,6.340,0.030,0.0
265.38458,6.31278,5.950,1.260,0.0
265.17167,31.28750,6.280,1.050,0.0
265.27292,24.51333,6.360,1.200,500.0
265.82417,-27.88417,6.360,0.470,0.0
265.49458,15.95194,5.520,0.380,27.8
265.85750,-21.68333,4.870,0.470,16.7
264.23792,68.75806,4.800,0.430,22.2
266.17500,-42.72889,5.870,0.160,0.0
264.16542,69.57083,6.420,0.580,55.6
265.15667,43.47083,6.590,0.000,0.0
265.95250,-13.50861,6.390,0.370,0.0
265.94583,-7.07944,6.300,0.380,0.0
265.61833,24.56417,5.520,1.460,50.0
265.86833,4.56722,2.770,1.160,30.3
265.84167,14.29500,6.240,0.420,0.0
265.15083,57.31028,6.770,0.920,0.0
264.28667,72.45583,5.860,1.010,0.0
265.34083,51.81806,5.990,1.050,0.0
265.84000,24.32778,5.710,0.650,166.7
266.14167,2.57944,6.170,0.070,0.0
266.14750,2.57889,6.560,0.000,0.0
266.07208,14.41028,6.190,0.210,0.0
265.77333,44.08444,6.340,1.540,0.0
266.78042,-38.11167,6.430,-0.020,111.1
267.15875,-55.40167,6.110,0.280,0.0
266.89625,-40.12694,3.030,0.510,52.6
266.89000,-27.83083,4.540,0.800,28.6
266.94000,-22.47806,6.180,1.490,0.0
265.99708,53.80167,5.750,0.010,0.0
266.41792,31.50472,6.230,0.000,0.0
266.90333,-14.72583,5.940,0.050,0.0
267.11583,-26.97500,6.350,0.120,0.0
267.61750,-53.61222,5.920,-0.080,0.0
266.61458,27.72056,3.420,0.750,9.3
267.89792,-60.16444,5.780,1.000,0.0
266.47375,38.88139,6.520,1.000,0.0
266.49375,39.32250,6.680,1.390,0.0
266.78333,17.69722,5.720,0.010,250.0
267.29375,-31.70333,4.830,-0.040,0.0
266.97333,2.70722,3.750,0.040,25.6
267.46458,-37.04333,3.210,1.170,25.0
267.54667,-40.09056,4.810,0.260,0.0
267.79583,-53.13056,6.090,0.000,0.0
267.08417,3.80417,6.220,0.160,0.0
268.32667,-65.48917,6.490,1.080,0.0
269.42417,-76.17750,6.070,1.200,0.0
265.48458,72.14889,4.580,0.420,18.5
265.49167,72.15694,5.790,0.530,18.5
267.10333,20.56556,5.690,0.940,0.0
267.32875,1.96111,6.470,1.240,0.0
267.93542,-45.60056,6.110,0.950,0.0
266.78375,47.61222,6.430,0.110,0.0
267.19958,19.25528,6.120,0.020,0.0
267.88667,-40.77250,5.960,1.590,0.0
267.20500,25.62278,5.120,1.160,62.5
267.80208,-30.55722,6.660,0.040,0.0
271.36125,-81.48639,6.350,1.500,0.0
268.05667,-34.79917,5.900,-0.100,0.0
268.08208,-34.41667,5.840,1.130,0.0
268.21958,-41.99667,6.200,0.540,37.0
267.68125,11.94667,6.170,1.250,0.0
268.20500,-34.11417,6.060,1.230,0.0
268.23292,-35.01861,6.450,0.020,0.0
268.24125,-35.62417,6.030,0.340,0.0
267.59542,29.32222,5.500,1.050,0.0
267.70167,22.31639,5.980,0.000,0.0
267.26792,50.78111,5.020,0.020,0.0
268.33167,-34.73056,6.170,-0.030,200.0
268.34708,-34.89528,5.600,1.140,333.3
267.99792,-1.23667,6.350,1.120,0.0
268.43958,-34.78583,6.380,0.000,0.0
268.16167,-6.14361,6.210,1.400,0.0
268.47875,-34.75250,5.960,-0.010,0.0
268.49208,-34.83167,6.420,0.010,0.0
267.51375,48.39417,6.680,-0.110,0.0
267.99375,15.32583,6.460,0.000,250.0
268.26500,-10.89972,6.180,1.110,0.0
268.14750,1.30500,5.950,1.580,0.0
268.61333,-34.46639,5.960,-0.010,0.0
267.80833,40.07250,6.460,0.000,0.0
268.30917,6.10139,5.770,0.420,26.3
268.78292,-36.47583,6.060,0.080,0.0
268.72500,-24.88722,6.200,0.040,0.0
268.01958,39.98222,6.040,1.330,66.7
268.00417,46.64333,6.380,1.090,0.0
269.19750,-44.34222,4.860,1.210,58.8
268.55917,11.13056,6.380,0.450,142.9
268.32542,40.00806,5.160,1.180,71.4
269.23250,-40.30556,6.430,1.430,0.0
268.97917,-18.80222,6.520,0.050,0.0
269.17458,-28.06528,5.800,0.210,0.0
269.07917,-15.81250,5.890,0.050,0.0
269.44875,-41.71611,4.880,1.650,0.0
269.49083,-39.13694,6.290,0.010,0.0
269.07667,0.67028,5.820,0.090,0.0
268.85500,26.05000,5.460,0.340,0.0
269.19875,-4.08194,5.470,1.160,0.0
268.96167,22.46417,5.580,1.240,0.0
268.38208,56.87278,3.750,1.180,28.6
269.26792,0.06639,5.970,0.100,250.0
269.23333,6.48778,6.290,0.000,0.0
269.73167,-36.85833,5.740,0.900,0.0
269.66292,-28.75917,6.010,-0.080,0.0
269.77167,-30.25306,5.160,1.770,83.3
269.77292,-30.25333,7.040,1.060,83.3
269.06333,37.25056,3.860,1.350,500.0
269.36208,11.04417,6.360,0.110,0.0
269.30958,23.99583,6.300,0.630,0.0
269.75667,-9.77361,3.340,0.990,47.6
268.84875,55.97139,6.100,0.320,0.0
269.94833,-23.81611,4.760,-0.040,100.0
267.36250,76.96278,5.040,0.490,31.2
269.20167,45.35083,6.020,1.640,0.0
269.44125,29.24778,3.700,0.940,47.6
270.00042,-20.33917,6.210,1.400,0.0
269.15167,51.48889,2.230,1.520,40.0
269.90292,-4.82139,5.870,1.560,0.0
269.62583,30.18944,4.410,0.390,142.9
270.45125,-36.37778,6.300,-0.030,0.0
270.06458,0.62944,6.370,0.150,0.0
270.12083,-3.69028,4.620,0.380,20.8
269.67625,36.28778,6.000,0.940,0.0
270.06583,4.36861,4.640,-0.030,0.0
270.01417,16.75083,4.670,1.260,250.0
270.16125,2.93167,3.970,0.020,0.0
270.34625,-17.15694,6.280,1.800,0.0
270.47667,-22.78056,5.770,0.000,0.0
267.54375,78.30667,6.240,1.440,0.0
269.71792,45.47611,6.480,-0.080,0.0
270.22042,6.26833,6.340,-0.080,0.0
270.11542,19.50583,6.500,-0.060,0.0
283.69542,-87.60583,5.280,1.280,0.0
270.23833,15.09333,6.260,0.690,0.0
270.43833,1.30528,4.450,0.020,47.6
270.71292,-24.28222,5.340,0.520,142.9
268.79667,72.00500,5.450,0.300,0.0
270.15167,33.21389,5.990,1.510,0.0
270.75708,-22.71833,6.740,-0.050,0.0
269.98417,45.50139,5.670,1.570,38.5
270.37458,21.59528,5.180,0.950,0.0
270.37667,21.59556,4.960,0.120,0.0
272.81542,-75.89139,5.860,1.240,62.5
270.69292,-5.35861,6.760,0.160,0.0
270.77083,-8.18028,5.940,0.000,17.2
270.77042,-8.18056,5.240,0.380,17.2
268.61083,75.17083,6.360,0.980,0.0
270.96833,-24.36056,5.970,0.000,0.0
270.39958,33.31139,6.150,1.550,0.0
270.59625,20.83361,5.280,-0.090,250.0
271.21000,-35.90139,6.000,1.160,0.0
271.95125,-64.55000,6.410,1.260,0.0
270.62542,22.92306,6.210,-0.100,0.0
271.25542,-29.58000,4.690,0.780,0.0
271.65792,-50.09167,3.660,-0.080,0.0
270.81125,19.61306,6.500,0.010,0.0
272.14500,-63.66833,4.350,0.220,27.8
271.45208,-30.42417,2.990,1.000,40.0
271.15542,1.91917,6.140,0.000,0.0
271.59875,-36.01972,5.950,0.620,16.9
271.70750,-43.42472,5.770,0.220,47.6
271.70750,-43.42472,5.770,0.000,47.6
273.14375,-73.67167,5.850,0.460,32.3
271.36375,2.49944,4.030,0.860,5.0
270.78750,48.46444,6.210,0.030,0.0
271.16750,23.94250,6.340,0.300,0.0
271.53083,-8.32389,5.850,0.210,0.0
271.56333,-4.75139,5.770,0.960,0.0
271.53083,-0.44667,6.340,1.060,0.0
271.43042,12.00389,7.040,0.300,111.1
272.12542,-45.76722,6.150,-0.080,0.0
272.49000,-59.04000,6.380,1.550,0.0
272.60875,-62.00222,5.490,0.580,18.9
271.79750,-21.44389,6.280,0.120,0.0
271.37583,21.64694,6.150,1.230,0.0
271.18000,40.08417,6.520,0.460,0.0
271.50792,22.21889,5.060,1.580,71.4
272.02083,-28.45722,4.570,0.940,43.5
271.25333,41.94667,6.340,0.260,0.0
271.45667,32.23056,5.710,1.160,0.0
271.95167,-17.15417,5.520,1.110,0.0
271.82667,8.73389,4.640,0.960,47.6
271.83750,9.56389,3.730,0.120,21.3
272.34333,-36.67250,6.580,-0.030,0.0
272.22542,-25.47250,6.610,0.020,0.0
273.60042,-70.75139,6.730,-0.030,0.0
271.75625,30.56194,5.040,0.520,16.7
271.95167,13.07111,6.630,0.070,0.0
272.49958,-32.71972,6.430,1.020,0.0
272.76875,-47.51306,6.070,1.200,0.0
271.88583,28.76250,3.830,-0.030,200.0
272.52375,-30.72861,5.530,0.970,250.0
271.95625,26.10139,5.860,0.120,83.3
271.95625,26.09750,5.900,0.140,83.3
272.80750,-45.95444,4.530,1.010,43.5
272.14042,14.28472,6.370,0.170,0.0
272.43083,-13.93444,6.390,1.420,0.0
272.77333,-41.35917,5.860,0.290,0.0
272.18958,20.81444,4.360,-0.160,0.0
272.73000,-33.79972,6.160,-0.140,0.0
263.05375,86.58639,4.360,0.020,250.0
271.72292,50.82278,6.290,1.040,0.0
271.87000,43.46167,5.000,0.910,83.3
271.77625,49.71056,6.320,0.000,125.0
272.00917,36.40139,5.480,1.170,111.1
272.22042,20.04528,5.100,0.150,66.7
272.39083,3.99333,5.730,0.370,33.3
273.56750,-63.68944,6.470,1.410,0.0
272.47500,3.11972,5.690,0.470,24.4
272.81167,-19.84222,6.360,0.160,125.0
272.29250,30.46944,6.380,1.190,0.0
272.66792,3.32417,5.510,1.190,0.0
272.93083,-23.70111,4.980,1.050,71.4
272.99250,-28.90139,6.510,-0.010,0.0
272.53625,16.47667,6.090,0.000,250.0
273.30250,-41.33611,5.470,-0.170,0.0
273.92042,-63.05556,5.600,0.920,0.0
272.40625,38.45750,6.400,0.870,10.9
272.49583,36.46639,5.580,0.910,0.0
274.50375,-68.22917,6.330,-0.040,0.0
270.01417,80.00083,6.040,0.510,40.0
270.03833,80.00417,5.680,0.500,40.0
262.70000,86.96806,5.790,0.250,0.0
273.44083,-21.05889,3.860,0.230,83.3
273.29167,-4.01167,6.590,0.270,0.0
272.93792,33.44694,5.880,0.010,0.0
272.97583,31.40528,4.970,1.650,142.9
273.56625,-21.71306,5.440,1.520,0.0
272.63167,54.28667,5.950,0.940,52.6
273.96958,-44.20667,5.460,0.960,0.0
274.28125,-56.02333,5.330,-0.050,0.0
273.31875,21.88028,6.120,1.470,0.0
274.25375,-51.06833,6.060,-0.060,0.0
273.80375,-20.72833,5.380,0.070,0.0
273.80375,-20.38806,5.950,0.020,0.0
273.17750,41.14694,6.360,1.030,0.0
273.87833,-18.66139,6.070,0.200,0.0
273.27000,38.77361,6.040,-0.080,0.0
272.77958,60.40944,6.490,0.000,0.0
274.91750,-63.88694,6.180,0.580,58.8
275.90042,-75.04417,5.470,0.020,0.0
273.99167,-3.61750,6.360,0.200,0.0
273.68333,29.20722,6.560,0.540,71.4
274.40667,-36.76167,3.110,1.560,22.2
274.40042,-34.10722,6.160,-0.110,0.0
274.02333,2.37778,6.010,1.590,0.0
274.35000,-28.65250,6.190,0.180,0.0
274.34875,-28.28917,6.400,0.540,0.0
277.33125,-80.23278,5.950,1.160,0.0
274.29833,-17.37389,5.750,1.580,0.0
274.66667,-42.28833,6.300,-0.110,0.0
274.22125,-3.00722,6.000,0.890,200.0
274.36875,-18.46333,6.540,0.110,0.0
274.51333,-27.04250,4.650,1.660,30.3
274.35083,-9.75861,6.310,0.380,0.0
274.27000,1.00583,6.630,0.310,0.0
273.91167,42.15944,5.590,-0.100,0.0
274.67375,-25.60472,6.510,1.340,0.0
273.88583,45.20944,6.290,0.620,22.7
274.68042,-18.61944,6.840,0.310,50.0
273.67125,56.58833,6.370,0.340,0.0
273.47417,64.39722,5.030,0.380,21.3
274.51208,13.77694,6.300,-0.030,0.0
274.53208,18.13139,5.990,0.030,0.0
274.27833,40.93667,6.110,0.990,100.0
274.53208,23.29667,6.630,0.000,0.0
275.80667,-61.49389,4.360,1.480,62.5
275.23042,-37.48750,6.450,1.310,0.0
274.78958,7.25972,5.390,1.070,0.0
275.03667,-15.83167,5.390,1.470,0.0
275.24875,-29.82806,2.700,1.380,21.3
274.79458,24.44611,5.270,1.530,0.0
275.38083,-24.91500,6.250,1.840,0.0
275.57750,-38.65694,5.100,1.490,90.9
275.34625,-18.86000,5.750,0.940,0.0
275.50083,-28.43000,6.160,0.260,0.0
273.82083,68.75583,5.950,1.060,0.0
275.21708,3.37722,4.860,0.910,52.6
274.96708,29.66611,5.990,1.290,0.0
275.07458,21.96139,4.950,1.590,62.5
275.32750,-2.89889,3.260,0.940,17.2
275.72125,-36.66944,5.340,-0.140,0.0
276.38125,-63.02139,6.140,0.200,0.0
274.96542,36.06444,4.330,1.170,90.9
275.36875,5.43583,6.130,-0.040,0.0
275.87042,-36.23833,5.550,1.020,0.0
276.07583,-44.11028,5.250,-0.190,0.0
275.23792,29.85889,5.630,0.210,76.9
275.25417,28.87000,5.120,0.200,47.6
275.75917,-10.21861,6.330,0.140,0.0
276.04292,-34.38472,1.850,-0.030,43.5
274.98375,51.34778,6.300,1.100,27.0
275.80083,-12.01472,5.730,0.010,0.0
275.53625,23.28528,5.410,1.600,0.0
275.64708,12.02889,5.890,0.040,0.0
275.91458,-8.93417,4.680,0.950,66.7
275.70417,17.82667,5.250,1.270,43.5
275.27958,49.72556,6.400,1.070,0.0
275.76208,16.68806,6.220,1.200,0.0
276.25625,-30.75667,5.600,1.140,0.0
276.34042,-35.99167,6.150,1.000,0.0
276.01458,-3.58333,6.380,0.340,0.0
275.38625,49.12167,5.050,1.660,0.0
276.17542,-7.07528,6.310,1.160,0.0
276.47750,-33.94528,6.300,-0.080,0.0
276.72458,-48.11694,5.460,0.840,38.5
275.92458,21.76972,3.840,1.180,40.0
276.33750,-20.54167,4.810,1.310,76.9
276.74333,-45.96833,3.510,-0.170,0.0
276.23750,-1.57944,6.150,0.370,90.9
278.23042,-73.96556,5.890,0.980,0.0
276.28667,5.08472,6.740,0.020,0.0
275.98917,38.73917,6.360,0.000,0.0
276.41167,8.03194,5.650,0.920,0.0
276.05750,39.50722,5.120,0.030,250.0
276.24375,27.39528,6.270,0.050,250.0
277.20792,-49.07083,4.130,1.020,37.0
276.48083,14.96667,6.370,0.010,0.0
276.95625,-29.81639,5.920,0.520,0.0
277.48625,-57.52306,5.760,0.980,0.0
276.93250,-26.63472,6.310,0.260,111.1
277.11292,-38.99556,5.640,0.130,0.0
275.94917,53.30083,6.320,0.160,0.0
280.55875,-81.80778,6.270,-0.130,0.0
276.99250,-25.42167,2.810,1.040,18.9
277.02583,-26.75722,6.270,0.160,0.0
277.30375,-43.84583,6.360,0.900,0.0
277.84333,-62.27833,4.640,-0.110,0.0
276.49500,29.82889,5.830,0.060,0.0
276.80208,0.19611,5.210,0.500,62.5
276.98542,-17.80000,6.200,0.010,0.0
275.18958,71.33778,4.220,-0.100,83.3
277.32000,-38.85111,6.630,-0.020,0.0
277.48250,-47.22028,5.700,1.260,0.0
275.97708,58.80056,4.980,0.080,28.6
276.67042,26.44944,6.530,-0.110,0.0
276.95958,3.74861,6.070,1.620,0.0
277.23917,-26.58167,6.500,0.110,0.0
275.26417,72.73278,3.570,0.490,8.3
276.99500,6.19417,5.730,-0.030,0.0
277.34167,-25.25639,6.590,0.070,0.0
277.29958,-14.56583,4.700,0.060,40.0
277.76250,-41.91361,6.040,0.140,0.0
277.44500,-14.58167,5.960,-0.040,0.0
277.54958,-18.72889,5.660,1.060,90.9
277.93917,-45.91500,4.960,-0.110,0.0
277.42083,-1.98528,5.390,0.960,76.9
277.77000,-32.98917,5.340,0.160,43.5
277.98417,-43.50778,5.720,1.340,0.0
278.00833,-45.75722,5.070,-0.140,0.0
278.37292,-58.70917,6.440,0.680,0.0
277.55958,-5.72417,6.280,0.950,0.0
277.52125,4.06528,6.690,0.110,0.0
278.08917,-39.70389,5.160,0.080,45.5
277.39875,23.86611,5.900,-0.100,0.0
277.85958,-18.40278,5.140,0.000,58.8
276.49625,65.56361,4.820,1.190,47.6
277.85708,-10.79583,5.720,0.240,0.0
277.97208,-19.12500,6.680,1.130,0.0
278.25375,-39.89222,6.220,0.420,0.0
276.92625,59.54917,6.430,0.000,0.0
277.67333,20.81528,6.500,0.790,34.5
278.37583,-42.31250,4.640,1.010,0.0
278.34708,-38.72028,6.320,0.000,0.0
278.34625,-38.72611,5.650,-0.060,0.0
278.63000,-52.89194,6.220,1.250,0.0
277.76833,16.92861,5.770,0.040,0.0
278.08667,-14.64417,6.370,0.220,0.0
277.98750,-1.00306,5.940,0.160,0.0
278.02917,3.65972,6.430,-0.040,0.0
278.18042,-14.86556,5.500,1.970,0.0
278.49083,-33.01667,5.280,-0.110,0.0
278.47292,-24.03250,5.490,1.790,0.0
278.41250,-14.85361,5.760,0.040,0.0
278.34542,-5.91139,6.360,0.020,0.0
282.99125,-83.31639,7.160,1.260,0.0
278.63667,-24.22250,6.510,0.540,0.0
278.19250,23.61694,5.840,1.460,0.0
278.34708,8.26833,6.420,-0.030,0.0
278.20792,30.55417,5.480,-0.100,111.1
278.83875,-20.84083,6.480,0.280,0.0
278.76000,-10.97722,5.140,0.920,83.3
278.34625,30.89250,6.590,-0.120,0.0
278.99875,-29.69917,6.370,1.270,0.0
278.80167,-8.24417,3.850,1.330,62.5
278.04750,52.11556,6.560,-0.070,0.0
278.58167,20.46639,6.570,0.110,0.0
278.69792,10.89167,6.400,0.080,0.0
278.80250,18.20333,5.780,0.000,0.0
278.14375,57.04556,4.770,0.610,76.9
277.81167,65.43611,6.590,0.300,0.0
278.87667,23.60556,5.610,1.000,166.7
278.97167,16.97556,6.210,0.530,50.0
280.75875,-71.42806,4.010,1.140,28.6
278.48625,52.35361,5.360,1.090,250.0
278.80625,34.45778,6.100,-0.110,0.0
279.11583,9.12250,5.390,0.370,30.3
279.80958,-47.90972,5.860,0.230,0.0
279.16292,6.67194,5.450,0.370,31.2
279.47667,-21.39778,5.940,0.190,0.0
279.51917,-14.00472,6.470,0.210,0.0
279.62792,-23.50500,5.810,0.020,0.0
279.89583,-43.18611,5.370,1.680,250.0
279.30250,11.42167,6.420,-0.020,0.0
279.40000,-0.30944,5.750,0.070,0.0
281.95583,-77.86722,6.390,0.600,0.0
279.28750,16.19833,6.290,0.900,0.0
280.59375,-64.64306,6.370,0.150,0.0
279.15500,33.46889,5.420,-0.100,142.9
279.72250,-21.05194,5.860,0.680,13.9
279.59875,-3.19361,6.490,0.550,37.0
279.57958,-1.11333,6.660,0.420,0.0
279.23458,38.78361,0.030,0.000,8.1
279.58750,8.83389,6.400,1.320,90.9
279.19000,43.22194,6.200,0.240,0.0
280.90500,-64.55111,5.780,0.960,0.0
280.37750,-48.09500,6.490,1.220,0.0
277.43708,77.54694,5.640,1.180,71.4
280.00208,-7.79056,5.840,1.550,0.0
279.90375,5.26417,6.380,0.780,0.0
279.52708,39.66806,6.040,1.650,0.0
279.96500,7.35833,6.280,0.960,0.0
280.46500,-23.83333,6.230,0.230,0.0
281.36208,-64.87139,4.790,0.200,28.6
279.05542,65.48861,6.060,0.280,111.1
280.42708,-14.56417,6.420,0.810,0.0
281.29792,-61.09500,6.040,1.460,0.0
280.00833,30.84944,6.360,0.000,0.0
279.88792,40.93500,6.250,-0.060,0.0
279.38958,62.52667,5.740,-0.060,0.0
280.05083,38.36722,6.450,0.210,0.0
280.56833,-9.05250,4.720,0.350,40.0
280.94542,-38.32361,5.130,0.090,41.7
281.34875,-56.88167,6.220,1.380,0.0
280.73000,-19.28389,6.350,1.750,0.0
280.65042,-7.07333,6.150,1.000,0.0
276.03833,83.17528,6.170,0.050,0.0
281.03208,-36.71861,6.320,0.980,0.0
282.43125,-72.99472,6.060,0.000,0.0
279.97000,52.19611,6.000,-0.070,0.0
281.08083,-35.64194,4.870,-0.180,0.0
280.42208,31.61778,6.410,-0.040,0.0
281.23833,-39.68639,5.430,0.870,83.3
280.88042,-8.27528,4.900,1.120,62.5
280.53375,34.74667,6.470,-0.130,0.0
280.96417,-6.81861,6.310,0.480,0.0
281.20667,-25.01111,5.830,0.050,0.0
282.15750,-65.07778,5.730,0.240,0.0
281.74625,-50.09444,6.540,0.280,0.0
281.32792,-21.00139,6.360,0.450,0.0
281.41417,-26.99083,3.170,-0.110,0.0
281.20792,2.06000,5.020,-0.060,200.0
280.81958,39.30028,6.450,1.590,0.0
280.23458,62.74972,6.090,0.980,0.0
280.90042,36.55667,6.010,1.040,0.0
280.96500,31.92667,5.700,0.340,38.5
281.50500,-19.60639,6.420,1.650,0.0
281.58583,-22.39222,5.370,1.640,0.0
281.16750,23.58972,6.310,0.400,52.6
281.36833,5.49972,5.830,0.040,166.7
280.65792,55.53944,5.040,-0.090,90.9
281.93583,-40.40611,5.240,0.780,43.5
281.08500,39.67000,5.060,0.160,47.6
281.08458,39.67111,6.020,0.000,47.6
281.09542,39.61306,5.140,0.190,47.6
281.09542,39.61278,5.370,0.000,47.6
281.68042,-10.12500,5.710,0.590,0.0
281.19333,37.60500,4.360,0.190,32.3
281.20083,37.59444,5.730,0.280,32.3
281.39875,21.98500,6.510,0.020,0.0
281.61875,-0.96167,5.900,0.130,111.1
280.87083,53.87194,6.110,0.120,0.0
281.41542,20.54639,4.190,0.460,19.2
282.21042,-43.68000,5.490,0.130,0.0
281.79375,-4.74778,4.220,1.100,52.6
281.51875,26.66222,4.830,1.200,43.5
282.36417,-45.81028,5.810,0.900,0.0
281.87083,-5.70500,5.200,1.470,0.0
281.67250,18.70583,6.170,1.590,0.0
282.39583,-43.43389,5.610,-0.080,0.0
281.75542,18.18139,4.360,0.130,31.2
282.32167,-34.74861,6.620,1.080,0.0
281.23083,54.89667,6.230,0.820,0.0
282.18875,-18.60139,6.470,0.000,0.0
281.55417,41.44167,6.070,-0.130,0.0
283.05417,-62.18750,4.220,-0.140,0.0
281.07583,61.04806,5.990,0.960,166.7
282.01125,4.24139,6.210,1.510,0.0
282.39792,-19.14222,6.750,0.200,0.0
282.41708,-20.32472,5.240,1.410,29.4
282.06833,23.51417,6.150,0.490,0.0
281.74583,46.31500,6.520,0.070,0.0
281.98958,31.75694,6.060,-0.130,0.0
280.79250,70.79278,6.440,0.000,0.0
282.42083,-5.91278,5.990,1.600,0.0
281.67958,52.98806,5.880,-0.090,0.0
282.40458,0.83583,6.250,0.040,0.0
282.22250,19.32861,5.880,0.030,0.0
283.16500,-52.10750,5.170,0.940,71.4
282.71042,-22.16222,6.610,0.380,0.0
282.58333,-7.90750,6.800,3.090,0.0
281.91667,49.07500,6.400,0.000,0.0
282.31000,25.04639,6.590,0.000,0.0
283.11292,-46.59528,5.540,1.630,111.1
283.30042,-51.93111,6.310,-0.090,0.0
282.74375,-9.77417,5.830,0.610,0.0
283.26042,-48.36000,6.190,0.140,0.0
282.06708,48.76750,6.120,0.210,0.0
283.24833,-46.58583,6.190,0.030,0.0
282.43333,31.62917,6.640,0.020,0.0
282.69000,10.97639,6.550,0.000,200.0
282.44125,32.81278,5.910,-0.160,0.0
282.84208,-3.31778,6.100,0.300,0.0
282.47042,32.55083,5.250,0.080,50.0
283.11875,-26.65028,6.290,0.940,0.0
283.15417,-29.37944,6.130,1.350,0.0
283.17375,-30.73417,6.630,-0.050,0.0
282.52000,33.36278,3.450,0.000,0.0
284.23750,-67.23361,4.440,0.710,100.0
283.63458,-49.87861,6.600,0.080,0.0
283.00792,13.96556,6.140,0.000,0.0
283.25792,-9.57611,6.340,0.200,0.0
284.22792,-62.80111,6.480,1.530,0.0
282.89958,28.78361,6.180,1.180,0.0
283.06833,21.42528,5.480,-0.070,142.9
283.50042,-21.35972,5.690,1.230,0.0
282.90208,36.53861,6.090,-0.110,0.0
283.54250,-22.74500,4.830,1.410,33.3
281.44458,74.08556,5.270,0.920,50.0
283.02958,41.38333,6.280,-0.090,0.0
283.67958,-15.60306,5.100,0.170,0.0
283.77958,-22.67139,4.990,1.330,23.8
283.81625,-26.29667,2.020,-0.220,0.0
284.07042,-42.71056,5.360,1.000,100.0
282.89583,52.97500,5.510,0.840,27.0
281.59250,75.43389,5.350,0.050,125.0
282.80042,59.38833,4.660,1.190,166.7
283.87917,-16.37667,5.790,0.360,0.0
284.65167,-60.20056,5.140,1.370,52.6
284.00250,-23.17361,5.930,-0.020,0.0
284.16875,-37.34333,5.380,-0.140,0.0
285.01458,-66.65333,6.010,0.970,0.0
283.43167,36.97167,5.580,-0.150,0.0
283.55500,27.90944,5.620,1.350,0.0
283.68708,22.64500,4.590,0.780,76.9
284.61542,-52.93861,4.870,-0.050,0.0
283.86458,6.61528,5.570,1.040,90.9
284.39458,-39.82333,6.310,0.200,0.0
283.30667,50.70833,4.920,0.900,41.7
283.55958,41.22556,7.300,0.000,0.0
283.62583,36.89889,4.300,1.680,0.0
283.71875,33.96861,6.020,0.910,0.0
284.05500,4.20361,4.620,0.170,33.3
284.06083,4.20194,4.980,0.200,33.3
284.09458,-1.80000,6.220,-0.050,0.0
284.10667,2.47111,6.150,0.970,0.0
284.33542,-20.65639,5.080,0.130,0.0
283.71750,41.60278,5.440,1.030,0.0
284.01625,17.99500,6.630,-0.040,0.0
284.02583,18.10528,5.690,1.090,250.0
284.26542,-5.84611,4.830,1.080,25.6
284.43250,-21.10667,3.510,1.180,90.9
284.58875,-31.03611,6.120,1.350,0.0
284.68083,-37.10750,4.870,0.410,31.2
283.44292,57.48694,6.220,1.230,0.0
283.69625,48.85972,5.770,0.430,58.8
284.58542,-24.87667,6.620,0.080,0.0
284.79625,-39.53472,6.490,-0.040,0.0
283.83375,43.94611,4.040,1.590,0.0
284.31917,2.53528,5.570,0.000,0.0
284.60250,-22.52944,6.140,0.090,0.0
281.40875,79.94250,6.390,0.280,0.0
285.87375,-68.75528,5.880,0.560,0.0
284.25667,32.90139,5.220,0.590,17.5
284.59917,6.24028,6.210,0.460,0.0
284.86167,-18.56694,6.370,0.990,0.0
284.56125,17.36083,5.380,0.800,0.0
284.84917,-12.84056,5.530,-0.040,166.7
284.69542,13.90667,5.890,0.250,0.0
285.10333,-24.94222,6.360,1.250,0.0
285.26333,-37.06083,6.690,0.000,0.0
285.26792,-37.06194,6.400,-0.030,0.0
284.68792,19.79417,6.500,-0.040,0.0
284.77375,13.62250,5.230,0.530,25.6
284.82292,10.14083,6.750,0.250,0.0
284.50792,38.26611,5.890,-0.170,0.0
284.18750,57.81500,5.660,1.150,55.6
284.90583,15.06833,4.020,1.080,35.7
285.53625,-41.91000,6.230,0.000,0.0
284.73583,32.68944,3.240,-0.050,47.6
284.69417,40.67917,6.220,-0.160,0.0
283.59958,71.29722,4.820,1.150,71.4
284.93958,26.23056,5.270,1.240,0.0
285.40750,-22.69556,6.240,1.660,0.0
284.99208,22.81472,6.290,1.750,0.0
284.36833,58.22528,6.460,0.080,0.0
284.80125,39.21778,6.410,-0.170,0.0
285.38958,-15.28250,6.320,1.000,0.0
284.10667,65.25806,5.630,0.950,0.0
285.77875,-42.09528,4.750,-0.020,32.3
285.98917,-51.01861,5.930,1.240,0.0
284.32250,62.39667,6.450,0.930,0.0
285.00375,32.14556,4.930,1.470,0.0
285.42000,-5.73889,4.020,1.090,47.6
285.65292,-29.88028,2.600,0.080,40.0
285.61542,-24.84694,5.650,1.230,0.0
284.74833,50.80944,6.300,0.980,0.0
285.82375,-38.25333,5.740,0.320,0.0
285.27292,19.30972,6.390,0.000,0.0
283.38833,75.78750,6.220,0.000,0.0
285.34417,20.83361,6.690,0.020,0.0
285.07917,40.68417,6.650,0.000,0.0
285.32250,26.29139,5.690,-0.080,111.1
285.76583,-19.24528,6.050,1.290,0.0
285.23000,33.80222,6.010,0.970,0.0
285.77917,-19.10333,6.370,0.480,0.0
285.39542,25.02583,6.720,0.000,0.0
285.45625,22.26389,6.400,0.160,0.0
285.59000,8.37417,6.300,1.670,0.0
285.72708,-3.69889,5.420,0.000,0.0
285.05708,50.53361,5.380,-0.180,0.0
286.10458,-31.04694,5.500,0.030,0.0
285.45125,33.62139,6.390,-0.120,0.0
286.58292,-52.34083,5.160,0.530,45.5
285.88417,1.81889,5.830,0.180,0.0
285.36000,46.93472,5.010,0.190,27.8
285.71917,19.66111,6.090,1.340,0.0
286.17083,-21.74167,3.770,1.010,22.7
285.18083,55.65833,5.480,0.860,0.0
286.04458,3.33056,6.730,0.130,0.0
286.10083,-5.68500,6.900,4.190,0.0
287.46958,-68.42472,5.330,0.910,33.3
285.92708,21.26778,6.520,0.320,0.0
286.73167,-48.29917,5.970,-0.020,0.0
284.71917,69.53111,6.520,-0.150,0.0
286.24000,-4.03139,5.420,1.120,500.0
286.60458,-37.06333,4.930,0.520,18.5
286.60458,-37.06333,4.990,0.520,18.5
317.19250,-88.95639,5.470,0.270,0.0
285.52917,52.26111,6.310,1.000,200.0
286.42167,-15.66028,5.970,-0.020,0.0
286.32750,-1.51278,6.530,0.350,0.0
286.71875,-37.81028,6.160,0.720,15.9
287.21708,-55.72028,6.490,1.100,0.0
286.73500,-27.67056,3.320,1.190,22.7
286.35250,13.86333,2.990,0.010,22.2
286.56208,-4.88250,3.440,-0.090,31.2
286.24125,31.74444,5.560,1.540,55.6
286.24292,30.73333,6.060,1.550,0.0
286.71792,-16.22889,6.030,-0.040,0.0
286.87875,-28.63694,6.040,1.610,0.0
286.78542,-18.73778,6.290,-0.040,0.0
287.08708,-40.49667,4.590,1.090,62.5
286.59250,8.23000,6.090,1.600,0.0
286.44625,29.92167,6.310,1.650,0.0
286.78792,0.64167,6.560,0.050,0.0
287.06083,-24.65694,6.300,0.040,0.0
284.48833,77.05083,6.540,0.380,0.0
286.74417,11.07139,5.090,-0.070,62.5
287.06958,-19.29000,5.540,-0.110,0.0
286.66000,24.25083,5.770,0.090,0.0
286.23000,53.39667,5.380,-0.010,43.5
286.29125,49.92333,6.430,0.000,0.0
286.65708,28.62861,5.550,0.290,40.0
287.36792,-37.90444,4.110,0.040,27.8
287.41542,-39.82806,6.460,1.060,0.0
287.40167,-36.16472,6.560,-0.020,0.0
287.49083,-41.89250,5.880,-0.080,0.0
286.57083,41.41389,6.490,-0.150,0.0
287.50708,-39.34083,4.110,1.200,62.5
286.98875,16.85333,6.070,0.700,16.9
286.85667,32.50167,5.230,0.340,58.8
286.82542,36.10028,5.280,-0.110,0.0
287.01500,21.69889,6.230,0.400,125.0
287.44083,-21.02361,2.890,0.350,38.5
287.45042,-19.80361,6.130,1.160,250.0
287.24958,6.07333,5.220,0.350,31.2
287.16750,16.85139,6.480,0.520,55.6
287.75750,-39.00500,6.360,0.010,0.0
287.46500,-0.42806,6.340,-0.040,0.0
287.82875,-29.50222,6.300,-0.040,0.0
288.19208,-50.48639,6.130,0.950,0.0
287.26833,34.60056,6.740,0.630,40.0
288.04083,-37.58278,6.570,1.020,0.0
289.11875,-69.19056,6.270,0.170,0.0
287.10750,52.42556,5.810,1.090,500.0
288.11667,-21.65806,6.410,1.130,0.0
288.30708,-25.90667,5.800,1.380,0.0
289.30000,-66.66139,5.530,0.180,0.0
288.16958,-7.93944,5.340,0.130,0.0
287.87875,26.73583,6.360,0.410,0.0
288.66542,-45.19333,5.920,0.900,45.5
288.31458,-12.28250,5.510,1.440,0.0
287.94167,31.28333,5.980,-0.070,0.0
287.84625,40.42917,6.180,0.090,0.0
288.14333,16.84639,6.730,-0.010,142.9
288.15292,21.55444,5.930,0.030,0.0
288.42792,2.29361,5.150,-0.070,111.1
288.43375,5.51583,6.490,0.090,0.0
289.09042,-45.46639,5.400,1.350,100.0
287.44083,65.97861,6.250,0.000,0.0
288.88833,-24.17917,6.250,0.540,43.5
288.88500,-25.25667,4.850,0.560,200.0
288.01917,49.85417,6.750,0.650,22.7
288.02083,49.85611,6.570,0.650,22.7
287.91875,56.85917,5.120,1.010,83.3
289.13667,-33.52167,6.250,0.020,0.0
289.53917,-53.38667,6.380,0.490,0.0
288.43958,39.14611,4.390,-0.150,500.0
288.76083,20.20333,6.000,0.880,0.0
288.83375,15.08361,5.570,1.070,0.0
288.82250,21.23222,5.640,0.110,0.0
288.85333,30.52639,5.850,1.670,0.0
289.12917,4.83472,5.590,0.080,62.5
289.40875,-18.95306,4.960,1.020,166.7
288.98750,27.45556,6.540,-0.060,500.0
289.05417,21.39028,4.770,-0.050,58.8
289.11167,14.54472,5.630,-0.020,47.6
288.99750,27.92694,6.160,0.610,0.0
288.48000,57.70500,4.990,1.160,40.0
288.13875,67.66167,3.070,1.000,31.2
288.83042,50.07083,6.270,0.000,0.0
287.29083,76.56056,5.130,0.310,20.4
289.45083,2.03167,6.190,0.020,0.0
289.09208,38.13361,4.360,1.260,76.9
289.45417,11.59528,5.280,0.200,71.4
289.91667,-35.42139,5.590,-0.130,0.0
289.75042,-15.53639,6.060,1.430,24.4
289.43167,23.02556,5.430,0.020,142.9
289.63542,1.08528,5.100,1.150,333.3
291.02250,-68.37111,6.340,1.230,0.0
289.71208,0.33917,6.410,1.050,100.0
289.21417,46.99917,6.000,0.440,55.6
290.10917,-31.81778,6.580,1.670,0.0
289.50333,31.02222,6.680,0.080,0.0
289.71958,9.61806,6.320,1.050,0.0
289.70208,19.61056,6.580,0.030,0.0
290.15875,-22.40250,5.580,0.270,0.0
289.27583,53.36861,3.770,0.960,41.7
290.71292,-54.42361,5.050,0.020,50.0
290.37458,-34.98389,6.480,0.630,0.0
289.91375,12.37472,5.530,0.260,250.0
289.97083,11.53500,6.020,0.080,0.0
290.13708,-5.41583,5.010,0.920,33.3
290.54000,-42.01611,6.340,1.140,0.0
289.76583,33.38889,6.600,-0.190,0.0
290.14875,-0.89222,5.490,-0.040,125.0
290.65958,-44.45889,4.010,-0.100,0.0
289.75500,37.44528,6.220,-0.030,0.0
290.40458,-19.23417,6.260,-0.100,0.0
290.41833,-17.84722,3.930,0.220,23.8
289.65708,49.56972,6.310,1.120,333.3
290.43167,-15.95500,4.610,0.100,0.0
290.80500,-44.79972,4.290,0.340,33.3
290.46208,-18.30833,5.870,1.060,0.0
289.91208,37.33056,6.310,0.680,26.3
290.13792,35.18611,6.310,-0.120,0.0
290.58625,-8.20111,6.310,-0.100,0.0
290.97167,-40.61611,3.970,-0.100,0.0
290.58958,-0.25250,5.830,1.090,0.0
291.08917,-43.72306,6.170,1.600,0.0
289.90208,54.37611,6.260,0.030,0.0
288.88750,73.35556,4.450,1.250,66.7
290.76917,-7.40028,6.320,1.450,0.0
290.70167,9.91306,6.350,0.440,0.0
291.12542,-27.86556,6.040,-0.130,0.0
290.06708,57.64528,5.910,1.580,0.0
290.78417,14.92111,6.640,0.270,0.0
290.71208,26.26250,5.180,-0.120,0.0
290.63917,33.51806,6.060,1.030,0.0
291.26708,-29.30917,5.930,1.260,0.0
289.94208,64.39083,6.520,-0.040,0.0
291.31875,-24.50861,5.030,0.230,28.6
291.37375,-23.96222,5.430,1.430,0.0
290.94542,20.26444,6.400,0.010,0.0
290.35583,57.76694,6.430,0.000,0.0
291.25667,-4.88417,6.520,0.330,0.0
291.34000,-13.89694,5.690,1.430,0.0
290.89167,33.22222,6.370,0.810,17.5
291.09208,16.93778,6.250,0.080,0.0
291.95042,-54.32528,5.690,1.400,0.0
290.16708,65.71472,4.590,0.020,50.0
291.03167,29.62139,4.970,-0.100,0.0
291.24250,11.94444,5.160,0.770,16.9
291.09333,28.08778,6.530,-0.080,0.0
291.58000,-21.77667,5.590,1.220,0.0
291.02542,36.45194,6.360,0.000,0.0
291.37458,3.11472,3.360,0.320,13.9
291.54625,-15.05306,5.720,0.020,0.0
291.60250,-14.55111,6.700,0.050,0.0
291.73542,-29.74333,5.670,0.000,0.0
290.84917,50.27139,6.510,-0.080,0.0
290.98542,43.38806,5.840,0.920,0.0
292.79542,-68.43389,5.960,1.640,0.0
291.34333,20.27139,6.310,-0.020,0.0
291.36917,19.79861,5.160,0.980,38.5
291.35750,24.91278,6.190,0.510,37.0
291.62958,0.33861,4.660,0.600,0.0
292.46917,-55.44139,6.130,0.980,0.0
291.60042,13.02389,5.740,0.470,31.2
291.55500,20.09778,5.630,-0.010,0.0
291.61958,19.89139,5.810,1.550,0.0
292.34958,-43.44583,5.710,0.220,76.9
292.64375,-55.11000,6.300,0.450,0.0
259.23667,89.03778,6.380,1.570,0.0
291.53792,36.31778,5.150,-0.120,0.0
291.89125,14.28250,6.320,-0.060,0.0
292.08667,2.93028,5.850,0.010,0.0
292.46750,-26.98556,5.520,1.120,22.2
292.56125,-32.09222,6.600,0.390,0.0
292.25417,1.95028,5.800,0.080,0.0
291.44458,58.02722,6.600,-0.150,0.0
292.33958,-7.04389,6.610,1.100,76.9
291.90208,37.94111,6.340,-0.140,0.0
292.32500,0.24611,6.250,1.320,0.0
292.17625,24.66500,4.440,1.500,71.4
292.23750,24.76861,5.810,1.030,250.0
292.34208,14.59583,5.560,1.050,0.0
291.85792,52.32056,5.750,0.000,0.0
292.33708,20.27972,6.330,-0.100,0.0
292.72500,-21.31222,6.130,0.120,0.0
293.22417,-53.18583,5.750,0.300,0.0
292.54375,2.90417,6.090,1.820,0.0
291.61042,62.55722,6.380,1.390,0.0
292.66583,-2.78889,5.030,1.750,34.5
292.63792,3.44444,6.050,0.010,0.0
293.34000,-45.27194,5.610,-0.040,0.0
292.68042,27.95972,3.080,1.130,58.8
292.68875,27.96528,5.110,-0.100,58.8
292.69542,36.22861,6.250,-0.040,200.0
292.42625,51.72972,3.790,0.140,200.0
292.84083,26.61722,5.870,0.930,0.0
293.53542,-40.03472,5.890,0.090,0.0
290.41750,79.60278,6.050,0.070,0.0
293.80417,-48.09917,4.900,1.090,500.0
288.78250,83.46278,6.530,0.100,0.0
292.94292,34.45306,4.740,-0.140,0.0
292.83042,50.30667,5.530,1.250,0.0
292.80667,55.73194,6.370,1.160,0.0
293.52250,7.37889,4.450,1.170,22.2
293.78042,-10.56028,5.120,1.130,142.9
294.00708,-24.71917,5.650,0.190,55.6
293.87417,-7.46028,6.340,1.120,0.0
293.89000,-12.25278,6.270,1.090,0.0
294.60792,-57.98333,6.180,0.970,66.7
294.96708,-66.68556,6.390,0.020,0.0
293.40167,38.76222,6.610,0.030,0.0
293.64542,19.77333,5.000,-0.090,0.0
293.85500,2.91333,6.380,0.410,0.0
294.10875,-18.85278,6.110,0.270,0.0
294.17667,-24.88361,4.600,-0.070,500.0
293.71208,29.46306,5.380,0.550,47.6
293.42333,49.26250,5.960,1.640,0.0
294.26375,-18.23111,5.640,1.260,100.0
293.67167,42.41278,5.350,0.050,0.0
294.03333,11.15000,6.680,0.000,0.0
294.22292,-7.02750,4.950,0.000,0.0
294.18042,-1.28639,4.360,-0.080,250.0
293.29208,60.15861,6.290,1.570,0.0
294.06583,14.39167,6.380,1.040,0.0
292.75083,70.98944,6.070,1.410,0.0
293.58250,51.23667,5.730,0.480,27.0
294.03458,22.58583,6.320,-0.070,0.0
293.66625,48.16472,6.670,0.240,0.0
294.39333,-14.30167,5.470,0.500,21.3
295.40625,-65.85417,6.090,1.550,0.0
294.21875,11.27333,5.980,0.880,0.0
293.95125,36.94444,6.050,-0.110,0.0
294.15708,20.33278,7.140,1.320,0.0
295.07625,-54.41750,6.260,1.000,0.0
294.44708,-4.64750,5.460,0.430,37.0
294.92500,-45.27806,6.250,0.280,0.0
293.09000,69.66111,4.680,0.790,5.6
294.32250,16.46278,5.660,1.020,0.0
294.98208,-39.43333,6.610,0.230,0.0
293.98292,50.23861,6.520,1.060,0.0
294.28917,29.33361,6.430,-0.090,0.0
294.23583,38.38389,6.500,-0.150,0.0
294.15792,44.69500,5.170,0.930,52.6
294.11042,50.22111,4.480,0.380,17.9
294.95583,-23.42778,6.340,0.030,0.0
294.70417,3.38167,6.350,0.040,0.0
294.57292,20.78278,6.480,1.080,0.0
295.02958,-23.42861,5.970,1.040,0.0
294.79833,5.39778,5.170,0.030,0.0
294.85583,16.57139,6.380,2.070,0.0
295.18083,-16.29333,6.200,1.130,27.0
294.48625,49.28444,6.470,0.990,166.7
294.84417,30.15333,4.690,0.970,142.9
295.02417,18.01389,4.370,0.780,0.0
295.18042,-0.62111,5.670,0.110,55.6
294.93750,33.97917,6.100,0.080,0.0
295.11792,20.47667,6.500,0.390,0.0
294.86042,42.81833,5.400,-0.080,52.6
294.67167,54.97389,5.820,0.440,27.8
295.16542,23.71750,6.640,0.010,0.0
295.27292,13.81556,6.010,-0.080,0.0
294.89333,45.95806,6.200,0.900,0.0
295.26208,17.47611,4.370,1.050,90.9
295.62958,-16.12389,5.060,0.330,25.0
295.31208,22.45278,6.360,1.530,0.0
295.90667,-37.53889,6.160,0.010,0.0
295.17167,43.07778,6.160,1.560,0.0
295.55333,12.19333,6.340,-0.030,0.0
299.00625,-81.34972,6.390,1.400,0.0
295.20917,45.52500,5.060,0.400,47.6
295.88958,-15.47000,5.490,0.460,22.2
295.64167,11.82667,5.270,0.570,166.7
297.35542,-72.50333,5.410,0.220,30.3
295.48958,40.25389,6.230,0.180,166.7
295.05417,60.50722,6.510,0.220,38.5
295.70458,29.33167,6.490,0.330,0.0
295.68583,32.42667,5.940,0.110,0.0
295.45375,50.52528,5.960,0.640,25.6
295.46667,50.51750,6.200,0.660,25.6
295.78958,30.67861,6.050,0.000,0.0
295.92875,25.77194,5.490,0.930,43.5
296.50500,-31.90861,5.520,0.020,0.0
295.98292,27.13556,6.280,1.100,0.0
295.51708,55.46333,6.480,1.610,0.0
297.00500,-56.36250,5.350,0.200,0.0
296.14208,13.30278,6.260,-0.030,0.0
295.96417,34.16250,6.050,-0.060,0.0
297.47208,-66.81278,6.450,1.480,0.0
295.93750,41.77306,5.840,1.570,71.4
296.59042,-19.76111,4.860,0.930,40.0
296.46750,-2.88333,6.480,0.050,0.0
296.06917,37.35444,4.890,0.950,47.6
296.20292,29.26472,6.820,0.640,0.0
296.41625,7.61333,5.910,0.180,37.0
296.15917,34.41389,6.570,0.000,0.0
297.22958,-52.88806,6.250,1.130,0.0
295.81083,58.01639,6.220,0.560,22.2
296.20417,40.71667,6.340,1.640,0.0
297.75542,-65.60500,6.050,0.300,0.0
296.56500,10.61333,2.720,1.520,62.5
295.91500,57.04250,6.270,0.880,0.0
297.59042,-61.06139,6.210,-0.140,0.0
296.24375,45.13083,2.870,-0.030,33.3
296.41500,36.09111,6.430,-0.030,55.6
296.46417,35.01278,6.090,1.060,0.0
297.68667,-59.19306,5.420,0.080,76.9
297.01250,-13.70333,6.110,0.200,0.0
296.66458,25.13389,6.620,0.270,0.0
296.60667,33.72778,4.990,0.470,20.4
296.64583,32.88861,6.180,1.130,62.5
296.84708,18.53417,3.820,1.410,0.0
297.55750,-47.55722,5.940,1.700,0.0
297.29833,-28.78889,6.050,0.400,0.0
296.95250,25.38389,5.950,0.990,0.0
297.25917,-10.87083,6.040,1.240,0.0
297.12667,10.69417,6.440,0.960,0.0
296.86583,38.40750,5.770,-0.060,0.0
297.17542,11.81583,5.720,0.000,333.3
296.07708,69.33694,5.920,0.050,0.0
297.24458,19.14222,5.000,0.100,100.0
296.86167,47.90778,6.120,1.640,0.0
298.15667,-54.97111,5.740,0.920,0.0
298.16250,-54.97667,6.500,0.100,0.0
297.18292,35.31139,6.530,0.440,58.8
297.21083,33.43722,6.440,0.200,0.0
297.96083,-39.87444,5.330,-0.060,50.0
297.69500,-10.76361,5.390,0.380,0.0
297.57292,7.90250,6.510,-0.100,0.0
297.36458,38.71000,6.110,0.900,0.0
297.47750,28.44056,6.380,-0.060,0.0
297.69583,8.86833,0.770,0.220,5.1
298.66833,-61.17083,6.240,0.160,0.0
297.79625,-2.46083,6.130,1.570,0.0
297.75667,10.41556,5.110,0.550,20.8
298.05000,-19.04500,5.920,0.980,47.6
297.82375,9.63028,6.250,0.100,0.0
296.68625,68.43833,6.340,0.280,0.0
297.64125,32.91417,4.230,1.820,83.3
297.76708,22.61000,4.950,-0.140,0.0
297.64167,38.72250,5.120,1.690,0.0
297.65542,40.59972,5.690,-0.040,0.0
297.69583,37.82639,6.060,1.700,200.0
298.01458,11.62889,6.130,0.650,45.5
298.11833,1.00556,3.900,0.890,100.0
298.27667,-14.60306,6.480,0.140,0.0
298.06500,10.35139,6.540,-0.010,0.0
298.00667,24.99222,5.570,0.710,166.7
298.09083,18.67194,6.230,0.010,0.0
298.32792,-3.11444,5.650,0.200,333.3
297.65708,52.98806,5.030,1.280,71.4
297.83083,47.37722,6.200,0.360,0.0
298.57375,-23.94111,6.180,1.020,13.3
299.67208,-69.16389,5.750,0.230,31.2
298.34417,4.40056,6.530,0.020,0.0
298.81542,-41.86833,4.130,1.080,28.6
297.04333,70.26778,3.830,0.890,62.5
298.06792,36.43222,6.100,1.430,0.0
298.53417,-8.57417,5.790,1.640,0.0
298.77125,-33.04639,6.460,1.480,0.0
299.24042,-57.92556,6.530,1.530,0.0
299.27583,-58.90139,5.260,-0.010,45.5
299.72083,-68.76222,6.390,0.160,0.0
297.99625,47.02750,5.620,-0.070,111.1
300.14792,-72.91056,3.960,-0.030,62.5
298.03000,47.93194,5.910,-0.180,0.0
298.36542,24.07972,4.580,-0.060,111.1
298.65667,-8.22722,5.710,-0.080,100.0
298.65875,-8.23722,6.490,-0.040,100.0
298.56208,8.46139,4.710,1.050,43.5
298.68667,0.27361,5.610,0.100,0.0
298.96000,-26.29944,4.700,0.750,16.1
298.66792,7.14028,6.150,0.030,0.0
298.83167,-6.73417,6.510,0.390,100.0
298.25500,47.80750,6.290,-0.110,0.0
298.62958,24.31944,5.520,-0.020,66.7
298.82833,6.40667,3.710,0.860,14.3
300.09583,-66.94944,5.760,1.040,27.0
299.23667,-27.17000,4.520,1.460,71.4
299.42208,-38.05833,6.550,0.390,0.0
298.70125,36.99611,5.760,0.750,0.0
298.77708,30.19528,6.570,-0.080,0.0
298.32250,57.52361,5.140,-0.130,0.0
299.00542,16.63472,5.360,0.670,111.1
299.05958,11.42389,5.280,-0.010,43.5
298.39750,59.70889,6.060,0.020,0.0
300.46833,-66.94417,5.310,1.220,40.0
298.96542,38.48667,4.940,-0.080,0.0
299.48750,-15.49139,5.020,0.050,31.2
299.07667,35.08333,3.890,1.020,66.7
299.25083,20.99806,6.480,0.070,0.0
299.73500,-30.53806,6.280,1.050,0.0
299.73833,-26.19556,4.830,0.900,71.4
298.90750,52.43889,4.920,0.120,200.0
299.18417,36.25083,6.020,-0.150,0.0
300.10542,-49.35111,6.170,1.060,0.0
299.43917,16.78917,5.530,-0.050,0.0
299.93417,-35.27639,4.370,-0.150,0.0
299.96375,-34.69778,5.300,0.170,30.3
300.43625,-59.37611,5.130,1.530,200.0
298.84208,58.25028,6.090,1.020,0.0
300.11042,-43.04333,6.140,1.640,0.0
299.30792,40.36806,5.450,-0.100,0.0
300.06625,-37.70222,5.950,1.000,0.0
300.20125,-45.11306,5.810,0.280,58.8
300.08458,-33.70389,5.660,0.490,20.4
299.18792,50.90250,6.430,-0.010,0.0
298.98083,58.84611,4.960,1.590,250.0
299.07917,56.68694,6.120,0.000,0.0
299.68917,19.49222,3.470,1.570,76.9
299.84458,1.37778,6.170,1.130,0.0
299.94750,-9.95833,5.880,0.580,25.0
299.48417,42.26083,6.430,0.000,333.3
300.36000,-40.81417,6.290,0.110,0.0
299.65833,30.98361,5.490,-0.060,27.8
299.79375,23.10139,5.670,0.000,52.6
299.64333,38.10556,6.320,-0.090,250.0
300.34958,-22.73722,6.010,0.970,0.0
301.38667,-67.32083,6.070,0.640,18.5
300.01375,17.51667,5.370,1.670,0.0
299.83542,45.77222,5.920,0.160,0.0
299.98000,37.04278,5.190,-0.170,0.0
300.24542,8.55806,5.910,1.520,0.0
300.49417,-13.63694,5.710,0.080,50.0
300.66458,-27.70972,4.580,1.650,35.7
299.81417,52.05583,6.150,-0.190,0.0
300.88958,-37.94083,4.770,1.410,50.0
300.27542,27.75361,4.640,0.180,33.3
299.61958,63.53417,5.960,0.090,0.0
300.31375,37.09889,6.200,1.310,0.0
300.43625,24.80028,5.880,-0.120,0.0
300.50583,24.93806,5.220,0.360,250.0
300.93458,-22.59556,6.450,0.500,0.0
301.08167,-32.05639,4.990,1.210,142.9
300.34000,50.10472,5.050,1.110,71.4
301.00500,-7.46972,6.720,0.350,0.0
300.81833,18.50056,5.960,1.420,0.0
302.08542,-66.35472,6.450,1.580,0.0
300.87500,16.03139,5.670,-0.100,125.0
302.18167,-66.18194,3.560,0.760,5.9
299.67458,70.36694,6.330,0.880,0.0
301.09667,-0.70944,5.680,1.300,250.0
301.38375,-33.00000,6.530,-0.080,0.0
301.03458,7.27806,5.520,1.060,200.0
300.90583,29.89667,5.710,0.730,21.3
301.27250,-11.59944,6.340,0.520,0.0
301.02583,17.07000,5.800,0.610,16.7
301.84667,-52.88083,4.940,1.620,71.4
301.89625,-55.01639,6.260,0.530,0.0
301.36000,-12.66528,6.550,0.040,0.0
300.36875,64.82111,5.270,1.560,166.7
301.24417,23.21028,6.450,0.000,0.0
301.15042,32.21861,5.640,0.540,0.0
301.28958,19.99111,5.100,1.060,31.2
301.36042,15.50028,6.340,1.640,0.0
301.55083,-4.07833,6.470,1.160,0.0
300.58458,64.63444,6.570,0.000,0.0
301.29083,38.47833,6.190,0.640,24.4
301.12000,48.22972,6.160,0.040,0.0
300.70458,67.87361,4.510,1.320,58.8
299.90250,76.48139,6.200,1.610,0.0
301.27792,51.83944,6.140,1.600,0.0
301.72250,23.61444,5.070,-0.180,0.0
301.59083,35.97250,5.360,0.850,31.2
302.00750,-0.67833,5.990,1.020,0.0
302.78000,-57.52389,6.370,0.060,0.0
301.33958,56.34139,6.210,0.430,0.0
301.95958,9.39972,6.430,0.460,66.7
302.13042,-10.06278,6.180,0.060,0.0
301.18583,63.89056,6.260,0.100,43.5
302.02708,16.66417,6.420,1.910,0.0
301.55750,53.16583,5.850,0.390,37.0
306.22667,-83.31056,6.170,0.200,0.0
301.92250,34.42306,6.110,0.160,0.0
302.15958,10.72583,6.310,-0.120,0.0
301.38667,61.99556,5.390,1.180,27.0
301.79792,50.22917,6.540,0.130,0.0
302.79958,-36.10111,5.320,0.870,5.6
301.22208,68.02722,6.280,1.650,0.0
302.48583,20.91528,6.480,0.380,34.5
303.09958,-42.78056,6.220,1.230,0.0
303.61208,-63.41583,6.090,0.310,0.0
302.35667,36.83972,4.930,-0.130,0.0
302.79208,-8.84222,6.490,-0.150,0.0
302.82625,-0.82139,3.230,-0.070,83.3
302.63958,26.90417,5.520,0.080,500.0
302.99125,-12.39250,6.340,1.210,0.0
302.76458,21.13472,6.220,0.900,0.0
303.57917,-52.44556,5.650,1.500,50.0
303.10792,-12.61750,5.850,0.480,27.0
302.83792,21.87556,6.260,-0.020,0.0
303.14667,0.86750,6.270,0.020,111.1
302.95000,26.80889,5.490,1.410,0.0
303.00292,26.47889,5.920,-0.110,0.0
303.30792,-1.00944,5.470,1.430,35.7
303.01583,47.73694,6.920,-0.120,0.0
303.82250,-27.03278,5.730,0.880,8.1
303.41917,24.23889,6.560,0.290,90.9
303.56917,15.19750,4.950,0.080,43.5
303.96083,-30.00528,6.300,1.510,0.0
303.13250,51.46361,6.010,1.140,0.0
302.89542,62.07861,5.750,0.470,32.3
304.09875,-36.45444,6.390,1.540,0.0
304.11042,-35.19778,6.530,0.370,0.0
303.32500,46.81583,4.830,0.090,83.3
303.56042,28.69472,5.180,0.180,100.0
304.76250,-63.23111,6.270,1.040,0.0
303.42833,43.37917,6.140,1.500,0.0
303.52083,36.60528,6.450,0.000,0.0
303.40792,46.74139,3.790,1.280,142.9
303.63333,36.80639,4.970,0.140,27.8
303.59000,42.10361,6.710,-0.040,0.0
304.09500,-12.33694,6.320,0.010,0.0
303.81625,25.59194,4.780,-0.180,0.0
303.34958,56.56778,4.300,0.110,47.6
303.87583,23.50861,5.150,1.040,250.0
303.36542,60.64056,5.790,1.470,0.0
303.84875,33.72944,5.660,0.910,0.0
303.94208,27.81417,4.520,1.260,125.0
304.73333,-47.71083,6.310,1.670,0.0
304.08208,21.59861,6.130,1.040,0.0
304.41208,-12.50833,4.240,1.070,166.7
304.50583,-21.81000,5.870,1.000,25.0
304.82458,-47.58028,6.130,0.460,38.5
302.22208,77.71139,4.390,-0.050,0.0
303.86792,47.71444,3.980,1.520,71.4
304.01417,38.89778,6.270,0.010,0.0
304.19625,24.67111,5.320,0.950,0.0
304.51375,-12.54472,3.570,0.940,29.4
303.93083,50.23278,6.310,0.000,0.0
304.00250,45.57944,5.910,0.380,0.0
304.11750,37.05639,6.480,-0.090,0.0
305.13458,-55.05083,6.270,1.590,0.0
304.23042,40.36500,5.240,1.650,250.0
304.38125,29.14806,6.220,1.010,111.1
304.84833,-19.11861,5.280,1.400,40.0
304.37125,42.72194,6.290,1.640,0.0
304.44667,38.03306,4.810,0.420,250.0
305.11708,-29.19722,6.300,0.170,0.0
305.21625,-35.67361,6.460,1.310,0.0
305.42083,-49.99944,6.270,0.550,22.2
304.52917,40.73222,5.840,0.100,142.9
304.93042,-1.07861,6.060,1.090,0.0
304.61917,37.00000,5.580,0.060,0.0
304.66292,34.98278,5.170,0.650,142.9
304.87167,13.21694,6.210,1.630,0.0
305.10875,-6.36167,6.630,1.550,0.0
305.16583,-12.75917,4.760,-0.050,47.6
305.00083,13.54806,5.950,0.310,0.0
305.19417,-14.78500,6.100,-0.020,100.0
305.25292,-14.78139,3.080,0.790,100.0
304.70667,46.32278,6.450,-0.130,0.0
305.08542,14.56917,6.130,0.910,0.0
305.61458,-42.04972,5.590,0.000,28.6
305.08917,17.79306,5.800,1.490,0.0
304.60333,55.39722,5.760,0.110,333.3
304.95125,37.13250,6.570,0.000,0.0
304.38042,66.85389,5.930,0.580,14.9
305.06333,39.40333,6.230,0.060,333.3
308.32292,-80.96500,5.770,1.140,0.0
304.98375,46.83750,6.500,-0.060,0.0
305.97167,-42.42278,5.640,0.200,62.5
305.75333,-9.65472,6.300,0.910,0.0
305.51417,24.44611,5.540,-0.060,0.0
306.41208,-56.73500,1.940,-0.200,0.0
305.12667,53.59611,6.180,1.560,0.0
304.90292,62.25750,5.720,-0.050,0.0
305.71792,14.55139,6.170,0.510,29.4
305.79458,5.34306,5.310,0.970,500.0
305.51250,41.13139,6.390,1.070,0.0
305.55708,40.25667,2.200,0.680,333.3
305.65583,31.26500,6.090,1.350,0.0
305.52250,45.79500,5.580,1.080,0.0
306.44958,-40.79639,6.090,1.360,0.0
305.68875,41.02611,5.930,1.600,0.0
306.36167,-28.66333,5.850,1.100,26.3
305.73125,42.98333,6.200,0.950,71.4
306.15625,1.06861,6.150,-0.040,0.0
305.02500,68.88028,5.550,1.590,0.0
305.29750,63.98028,5.690,1.560,0.0
305.96542,32.19000,4.430,1.330,71.4
305.93500,37.47639,5.900,-0.200,0.0
306.72083,-37.40306,6.250,0.970,23.8
306.42708,-2.80028,6.110,1.190,0.0
306.43333,10.05639,6.330,1.560,0.0
306.41875,21.40972,5.660,0.930,0.0
309.57750,-81.28889,5.910,1.710,0.0
306.50500,19.86500,6.410,1.020,0.0
306.83000,-18.21167,5.250,-0.070,0.0
306.13500,53.55194,6.510,0.010,0.0
306.59667,17.31556,6.220,1.010,0.0
307.19458,-35.59583,6.100,-0.110,0.0
306.27125,59.60000,6.440,0.090,200.0
307.18167,-15.74167,6.410,0.990,0.0
307.03125,8.43750,6.250,1.080,0.0
307.10375,-3.35778,6.130,-0.060,0.0
307.21500,-17.81361,4.780,0.380,21.3
306.78208,34.32889,6.390,0.480,0.0
307.07000,2.93694,6.210,0.900,0.0
307.38042,-22.39167,6.160,1.550,0.0
306.89292,38.44028,5.620,0.060,47.6
306.59792,56.63889,6.360,0.000,0.0
306.75958,49.38333,5.690,0.260,83.3
307.46875,-18.58667,6.740,0.220,0.0
307.47458,-18.58333,5.940,0.080,0.0
307.41250,-2.88556,4.910,1.150,47.6
307.73667,-29.11250,6.390,0.210,0.0
307.33792,20.08778,6.550,0.230,0.0
307.34875,30.36861,4.010,0.400,71.4
307.33500,36.45472,5.880,0.520,0.0
307.57500,10.89583,6.080,-0.030,0.0
307.76792,-15.05639,6.120,0.790,0.0
308.96542,-69.61111,6.110,1.290,0.0
307.74208,20.60583,6.180,0.150,0.0
307.80417,11.26056,7.110,0.030,0.0
307.49958,45.92861,6.410,1.130,142.9
308.21833,-24.94389,6.360,-0.010,0.0
307.36292,56.06806,5.910,-0.040,0.0
307.51458,48.95167,4.950,-0.090,0.0
308.09875,-9.85333,5.650,0.690,30.3
308.47958,-44.51611,5.110,1.010,142.9
307.74667,36.93583,6.190,1.010,0.0
308.89500,-60.58167,4.760,0.280,38.5
307.99250,25.80444,6.340,0.260,111.1
307.39542,62.99417,4.220,0.200,26.3
307.82833,49.22028,5.440,1.550,0.0
308.30333,11.30333,4.030,-0.130,40.0
308.73125,-38.08972,6.440,0.260,0.0
307.83792,52.30972,6.180,1.010,0.0
308.54875,-13.72111,6.130,0.540,0.0
308.69750,-30.47361,6.400,-0.080,0.0
308.47333,10.05972,6.560,0.080,0.0
308.48750,13.02722,5.380,0.070,100.0
309.39708,-61.53000,4.880,0.430,333.3
307.94375,56.78000,6.140,1.430,0.0
308.21792,43.19167,6.600,-0.110,0.0
308.54167,20.98528,6.480,-0.140,0.0
310.51208,-76.18056,6.000,0.440,0.0
310.43208,-75.35056,6.550,0.620,0.0
308.88417,-16.52583,6.190,0.200,0.0
308.47583,35.25083,4.610,1.600,500.0
308.45167,41.77222,6.490,1.000,0.0
307.50292,72.53167,6.270,1.350,0.0
309.39167,-47.29139,3.110,1.000,21.7
308.47875,46.69389,5.780,-0.160,0.0
308.82708,14.67417,4.680,0.110,66.7
309.96417,-62.90778,6.220,1.100,0.0
309.18167,-2.55000,4.890,1.600,62.5
309.03458,25.88250,6.410,0.210,0.0
310.01083,-60.54889,5.120,0.530,20.8
308.71000,51.85417,6.110,0.410,0.0
309.46708,-25.10889,6.360,0.330,0.0
309.32625,0.09694,6.220,-0.080,0.0
307.87667,74.95472,5.200,0.070,83.3
309.26958,26.46194,5.590,-0.070,0.0
310.48792,-66.76083,5.150,-0.060,0.0
309.38750,14.59528,3.630,0.440,35.7
309.45458,11.37778,5.430,0.060,41.7
309.58458,-1.10528,4.320,0.950,100.0
309.38250,31.57250,6.320,-0.090,0.0
309.47750,18.26917,6.250,1.480,0.0
309.38583,31.52194,6.490,0.340,0.0
309.34833,38.32861,6.200,0.990,0.0
309.81833,-14.95472,5.220,-0.120,200.0
309.80500,-2.41278,6.220,-0.100,0.0
309.63042,21.20111,4.820,-0.020,500.0
309.68292,13.31500,5.720,1.530,0.0
310.08250,-33.43194,5.470,1.120,0.0
309.63292,24.11611,5.040,-0.140,0.0
309.64625,23.68056,5.910,0.980,0.0
309.78250,10.08611,5.050,0.720,38.5
309.85375,0.48639,5.160,1.060,100.0
310.04875,-23.77389,6.370,0.720,14.3
309.77083,15.83806,5.970,-0.140,0.0
310.01250,-18.13861,5.100,1.660,52.6
307.06083,81.42278,5.460,1.020,83.3
310.15000,-26.64500,6.510,0.570,0.0
309.79417,21.81722,6.080,-0.060,0.0
309.74792,30.33444,5.680,1.090,76.9
310.13542,-16.12417,5.800,1.000,0.0
309.90958,15.91194,3.770,-0.060,125.0
309.96583,11.24972,6.420,0.550,0.0
307.36458,81.09139,5.960,0.920,45.5
310.34875,-31.59833,5.760,1.530,43.5
310.35042,-26.00000,6.280,1.220,0.0
309.88875,40.57944,6.060,-0.160,333.3
309.84625,45.66694,6.580,-0.060,0.0
311.23958,-66.20306,3.420,0.160,28.6
310.18833,19.93528,6.450,0.630,20.0
310.72083,-39.55861,6.290,1.080,0.0
309.75083,56.00500,6.480,0.000,0.0
310.15083,29.80528,6.080,0.140,100.0
310.31750,14.58306,5.990,1.240,0.0
310.01292,43.45861,5.950,1.190,0.0
311.00958,-51.92111,4.510,0.270,20.4
310.26083,32.30722,5.510,0.880,250.0
310.25167,39.08222,6.510,-0.120,0.0
310.49250,17.52139,6.220,0.940,0.0
310.35792,45.28028,1.250,0.090,0.0
310.07458,60.50528,6.010,0.460,47.6
310.48542,41.71694,5.670,-0.120,0.0
310.59250,35.45611,6.660,-0.160,0.0
310.86458,15.07444,4.430,0.320,76.9
310.55250,50.34000,5.390,-0.100,0.0
307.26292,83.62556,6.190,0.130,0.0
311.30500,-27.24722,6.500,0.940,0.0
310.85083,35.58778,6.470,1.230,0.0
311.58375,-39.19917,5.500,-0.100,0.0
312.32542,-68.77639,5.410,1.120,0.0
311.57750,-36.12028,6.490,0.390,0.0
311.52375,-25.27083,4.140,0.430,10.2
311.54167,-21.51417,5.930,0.040,0.0
310.66542,60.60139,6.150,0.010,0.0
311.21875,25.27056,4.910,1.180,166.7
310.80625,57.11417,6.320,0.330,0.0
311.36750,18.09028,6.380,1.680,0.0
311.41542,30.71972,4.220,1.050,66.7
312.12167,-43.98861,5.110,0.350,19.6
311.09167,56.48806,5.780,1.670,0.0
310.79583,66.65750,5.580,0.220,29.4
311.76500,-2.48667,6.270,1.550,0.0
311.66125,16.12444,5.140,0.490,38.5
311.66458,16.12417,4.270,1.040,38.5
311.55292,33.97028,2.460,1.030,17.5
311.91917,-9.49583,3.770,0.000,47.6
311.93417,-5.02778,4.420,1.650,125.0
312.37083,-46.22694,4.890,1.520,83.3
311.95125,6.00833,5.580,-0.020,500.0
311.94917,3.30667,6.400,-0.020,0.0
311.33792,57.57972,4.510,0.540,21.7
311.79500,34.37417,4.920,1.320,200.0
311.32250,61.83889,3.430,0.920,14.1
311.66042,46.53167,6.300,0.030,0.0
312.90958,-62.42917,6.280,0.150,111.1
312.91167,-62.42917,6.590,0.170,111.1
312.32333,-25.78139,5.860,-0.070,0.0
311.58833,52.99528,6.330,1.120,125.0
311.85208,36.49083,4.530,-0.110,125.0
312.33542,-18.03583,6.210,1.420,0.0
312.49208,-33.77972,4.900,1.000,83.3
311.83667,45.57972,6.400,1.610,0.0
311.13792,69.75194,6.410,0.000,500.0
312.87542,-51.60833,5.050,1.130,0.0
311.95542,47.83194,5.570,1.460,0.0
312.69625,-32.05444,6.360,1.540,0.0
312.75292,-37.91333,5.520,1.380,0.0
311.97000,52.40722,6.270,0.890,55.6
312.40750,12.54528,5.980,0.430,33.3
312.45125,7.86417,6.330,0.020,0.0
312.49625,5.54472,6.210,0.980,0.0
312.67417,-12.54500,5.880,1.070,47.6
312.23458,46.11417,4.840,0.410,58.8
312.17792,51.91056,6.290,-0.070,0.0
312.99500,-33.17722,6.040,0.030,0.0
312.95542,-26.91917,4.110,1.640,0.0
312.65417,18.05139,6.520,0.040,0.0
312.85708,-5.62639,5.990,0.460,35.7
312.47792,46.66111,6.330,-0.070,0.0
312.52042,44.05944,5.040,0.200,40.0
313.03625,-5.50694,5.550,-0.080,0.0
313.70250,-58.45417,3.650,1.250,0.0
313.41750,-39.81000,5.350,1.320,50.0
312.86750,28.25056,5.770,0.720,166.7
313.25500,-23.78306,6.330,0.880,0.0
313.16333,-8.98333,4.730,0.320,52.6
313.35417,-30.71861,6.350,1.090,0.0
313.64583,-50.72778,6.240,-0.120,0.0
312.32250,64.04222,6.450,0.070,0.0
313.27333,-11.57361,6.380,0.670,0.0
313.03208,27.09694,4.590,0.830,27.8
313.00125,32.84917,6.440,-0.150,0.0
313.52833,-27.92556,6.410,1.600,0.0
313.49333,-6.88972,6.440,0.370,0.0
313.28083,29.64944,6.340,1.090,0.0
313.69958,-17.92306,5.780,1.120,0.0
313.31167,44.38722,4.780,-0.140,0.0
310.64667,82.53111,5.750,0.000,0.0
313.32750,45.18194,5.450,1.100,0.0
313.36000,42.41028,6.660,-0.040,0.0
313.47458,33.43778,5.470,1.520,0.0
313.78375,-1.37333,6.550,0.290,0.0
313.59333,28.52194,6.560,-0.130,0.0
313.64000,28.05750,5.010,1.480,333.3
313.59292,40.70306,6.700,-0.070,0.0
313.91958,4.53278,6.050,0.820,0.0
313.90292,13.72139,5.170,1.120,58.8
313.91083,12.56861,5.580,0.120,0.0
314.19708,-26.29639,5.700,0.500,25.6
314.07625,-3.56139,6.570,-0.100,0.0
314.22500,-9.69750,5.510,1.470,0.0
311.88917,80.55222,5.390,1.120,90.9
314.29417,0.46361,6.050,1.220,0.0
314.41917,-16.03167,5.870,0.180,0.0
315.36708,-68.20972,6.370,0.100,0.0
313.95750,47.41778,5.670,0.470,0.0
316.17917,-77.02389,5.150,0.490,40.0
314.05375,51.07500,6.630,-0.100,0.0
314.14458,44.92500,5.960,0.050,0.0
314.67458,-14.48278,6.010,0.230,0.0
314.10625,50.72861,5.810,0.300,0.0
314.10792,49.19583,5.900,1.040,250.0
315.08958,-51.26528,5.760,0.470,0.0
314.29333,41.16722,3.940,0.020,100.0
314.07083,56.88750,6.230,-0.180,0.0
314.60792,10.83917,5.480,0.930,0.0
314.99875,-36.12972,6.110,0.390,0.0
314.56833,22.32583,5.310,1.400,0.0
314.90042,-19.03528,6.250,-0.130,0.0
314.76833,4.29361,5.230,0.460,47.6
314.58125,44.47167,5.550,0.970,62.5
314.62833,41.94028,6.160,-0.080,0.0
314.96167,16.82417,6.660,0.380,0.0
315.01625,7.51639,5.990,0.260,111.1
315.32292,-32.25778,4.670,0.890,29.4
314.62542,50.46222,5.610,-0.150,125.0
315.14083,-4.73028,6.210,0.630,30.3
315.55250,-43.00194,6.640,0.680,55.6
313.68458,75.92556,6.050,0.930,0.0
315.11542,19.32944,5.650,1.610,100.0
315.43875,-26.88111,6.050,0.060,0.0
315.61333,-38.53056,5.940,1.110,55.6
314.95667,47.52111,4.740,-0.050,0.0
315.74167,-38.63167,5.300,0.410,41.7
314.85583,59.43861,5.510,1.400,500.0
315.79250,-27.73194,6.250,0.950,0.0
315.30375,36.02611,5.970,0.980,0.0
317.19958,-76.21250,6.580,1.230,0.0
315.29542,46.15583,5.370,-0.210,0.0
315.74833,-0.92472,6.500,-0.100,0.0
316.30917,-54.72722,5.160,1.210,43.5
315.76250,1.53194,6.250,0.480,28.6
315.75750,14.73000,6.310,1.670,0.0
316.01917,-5.82333,7.310,0.000,333.3
316.01958,-5.82306,5.890,0.680,333.3
316.10125,-19.85500,4.840,0.170,18.2
317.34292,-73.17306,5.680,0.590,20.8
315.60042,44.79111,6.190,1.690,0.0
315.77000,38.65750,6.070,1.010,0.0
315.70208,45.84889,6.480,-0.150,111.1
315.53792,56.66972,5.830,-0.070,250.0
316.14458,5.50278,5.610,1.650,90.9
316.17375,2.94194,6.420,1.050,0.0
316.18917,2.26972,6.330,0.970,0.0
316.60625,-41.38611,5.530,1.350,0.0
316.50500,-30.12500,5.680,1.030,0.0
315.96708,41.62806,6.330,0.380,0.0
315.85833,50.35194,6.370,0.980,0.0
317.13708,-63.92889,5.760,1.180,0.0
315.93042,46.86194,6.320,0.250,0.0
316.48667,-17.23278,4.070,-0.010,58.8
316.60292,-32.34167,5.180,1.100,83.3
316.36125,5.95833,5.940,0.540,66.7
315.94833,53.28611,5.900,0.990,0.0
316.23292,43.92778,3.720,1.650,142.9
316.78208,-25.00583,4.500,1.610,45.5
317.83625,-72.54417,6.200,1.080,0.0
316.59792,26.92444,6.120,1.050,0.0
316.93583,-17.45528,6.170,0.020,0.0
316.62625,31.18472,5.820,0.560,0.0
316.72750,38.74583,5.210,1.180,3.4
316.73042,38.74333,6.030,1.370,3.4
317.14000,-21.19361,5.300,0.010,21.7
316.89000,15.65861,6.340,1.010,0.0
316.65042,47.64833,4.550,1.570,125.0
317.11750,6.98944,6.150,1.660,0.0
317.38750,-20.55639,6.250,0.380,0.0
318.33542,-70.12639,5.020,1.580,125.0
317.39875,-11.37167,4.510,0.940,58.8
317.16208,30.20583,5.590,-0.100,0.0
317.49292,2.94333,6.450,0.370,0.0
317.69542,-9.35389,6.270,1.160,0.0
317.58542,10.13167,4.690,0.260,35.7
317.63000,10.04889,6.070,0.020,100.0
316.59708,71.43194,5.870,0.400,33.3
318.05667,-40.26944,5.830,0.450,23.8
317.63333,22.45472,6.680,0.030,0.0
317.92208,-14.47222,6.480,0.280,0.0
317.49417,45.50250,6.630,-0.160,0.0
318.26292,-39.42528,5.260,0.440,34.5
317.76625,36.29917,6.540,-0.140,0.0
317.56500,53.56333,5.730,-0.120,0.0
317.62917,47.69194,6.460,-0.010,0.0
318.32875,-36.42389,5.960,0.980,0.0
317.37042,63.29556,6.540,-0.130,0.0
318.32208,-27.61944,5.420,1.420,0.0
319.56708,-75.34667,6.630,0.030,0.0
316.37208,78.12639,5.910,-0.070,0.0
317.38333,68.49028,7.330,1.490,500.0
318.94125,-53.26306,5.750,0.190,0.0
318.23417,30.22694,3.200,0.990,37.0
318.37000,15.98250,6.270,0.240,0.0
318.81125,-40.50639,6.210,1.140,0.0
318.56958,-10.60528,6.770,-0.080,0.0
317.95083,59.98639,5.640,0.110,500.0
318.35958,36.63361,6.050,0.210,0.0
318.65417,0.09222,6.380,1.610,0.0
318.77750,-17.34500,6.040,0.960,0.0
318.62042,10.00694,4.490,0.500,17.2
318.94500,-36.21083,6.120,1.370,0.0
319.50125,-64.68167,6.310,-0.070,0.0
318.54292,29.90111,6.170,1.090,0.0
318.90792,-20.65167,5.240,1.170,50.0
318.93708,-15.17139,5.280,1.640,0.0
323.01750,-84.81000,6.450,1.400,0.0
318.69792,38.04556,3.720,0.390,18.2
318.95583,5.24778,3.920,0.530,47.6
319.16500,-1.60778,6.480,0.980,0.0
318.42750,64.40389,6.390,0.600,41.7
319.30625,-13.27889,6.400,0.040,0.0
319.48458,-32.17250,4.710,0.060,30.3
318.90333,47.97361,6.460,-0.150,0.0
319.48875,-17.98528,5.430,-0.120,0.0
319.12333,42.25139,6.430,0.000,0.0
319.56542,-17.46222,7.050,0.340,0.0
319.96667,-53.44972,4.390,0.190,23.3
319.54625,-4.51944,5.820,-0.130,125.0
319.72667,-28.76556,6.400,0.970,0.0
319.35417,39.39472,4.230,0.120,90.9
319.34667,42.68333,6.190,-0.110,0.0
320.03958,-45.02222,6.000,2.330,0.0
319.47958,34.89694,4.430,-0.110,52.6
319.25833,53.99750,6.130,0.050,0.0
319.94083,-26.35306,6.560,0.730,17.9
319.71667,11.20333,5.960,1.650,0.0
319.30958,55.79806,5.980,1.450,0.0
320.19000,-40.80972,4.820,0.020,83.3
320.31833,-49.93778,6.380,1.320,0.0
319.32833,58.61167,6.420,0.200,0.0
319.61333,43.94583,5.000,-0.010,0.0
319.73042,41.04083,6.150,0.300,0.0
321.06958,-69.73417,6.410,2.820,0.0
319.84250,38.23750,5.830,0.500,0.0
320.05833,22.02639,6.290,-0.080,0.0
321.32542,-71.79944,6.090,1.260,0.0
320.26792,-4.56000,5.870,0.920,71.4
319.87000,49.51028,5.760,-0.150,0.0
319.64500,62.58556,2.440,0.220,14.7
320.27000,7.35444,5.820,1.660,0.0
319.81583,58.62361,5.660,1.380,250.0
320.26833,23.85583,5.570,1.050,0.0
320.20875,32.45278,5.680,1.080,55.6
320.56167,-16.83444,4.280,0.900,30.3
318.92583,77.01222,5.950,1.500,0.0
320.34167,32.61278,6.040,0.030,142.9
320.25583,40.34556,6.400,0.530,29.4
319.84250,64.87194,5.180,-0.040,0.0
320.75208,-22.66889,5.600,1.630,0.0
320.52167,19.80444,4.080,1.110,71.4
318.33958,81.23083,6.150,0.090,0.0
320.73458,-9.31944,5.990,1.540,0.0
323.47667,-82.68306,6.380,0.130,0.0
321.08667,-46.61500,6.310,0.200,0.0
320.72333,6.81111,5.160,0.050,35.7
320.13958,60.75694,6.110,1.000,0.0
321.10333,-41.00667,5.770,-0.050,166.7
321.61083,-65.36611,4.220,0.490,9.0
320.67458,30.30972,6.050,1.080,0.0
321.04000,-20.85194,5.410,1.160,47.6
321.03292,-22.74694,6.380,1.020,0.0
320.50167,49.38889,5.690,1.100,90.9
320.69542,38.63417,6.630,0.010,0.0
321.04792,-12.87806,5.490,0.290,0.0
321.56417,-54.66056,6.120,0.340,0.0
320.84583,37.40667,6.580,0.000,0.0
320.99500,24.27417,5.710,0.320,37.0
321.10250,10.17417,6.350,0.470,0.0
321.21542,-3.39833,6.360,0.330,0.0
320.95125,37.35139,6.470,0.000,0.0
321.03083,25.31222,6.150,0.000,0.0
321.30458,-9.74861,5.700,0.200,142.9
322.18708,-69.50528,5.340,1.550,43.5
321.09625,24.52889,6.320,1.040,0.0
321.14167,26.17444,5.680,0.310,76.9
321.32083,-3.55667,5.490,1.460,0.0
321.59542,-37.82944,5.630,1.190,0.0
323.33583,-80.03917,6.470,0.040,0.0
321.75667,-42.54778,5.510,0.390,0.0
321.46458,0.53444,6.460,0.160,0.0
321.66667,-22.41139,3.740,1.000,0.0
321.61708,1.10333,6.130,0.440,35.7
321.23125,49.32333,6.580,-0.030,0.0
321.81167,-21.19611,5.780,1.440,0.0
321.33167,46.71444,5.600,0.320,25.6
321.44583,36.66750,5.940,-0.080,0.0
321.61125,19.37556,6.070,0.220,0.0
322.25125,-53.70583,6.390,1.140,0.0
322.05792,-11.56833,6.610,0.490,0.0
322.18083,-21.80722,4.510,0.910,43.5
322.26583,-31.23861,6.500,0.030,0.0
321.83917,37.11667,5.310,-0.140,0.0
321.71500,48.83500,5.310,0.070,125.0
321.91708,27.60861,5.410,0.040,52.6
321.68750,52.89861,6.030,-0.120,55.6
322.10333,8.19556,6.400,1.640,0.0
322.03458,32.22528,5.800,0.320,43.5
322.24958,17.90583,6.440,1.390,0.0
322.49833,-19.14778,6.570,0.410,0.0
322.24958,22.17944,5.930,1.530,0.0
321.85542,59.75000,6.100,1.750,0.0
322.48708,23.63889,4.570,1.620,76.9
322.21958,55.41861,6.120,0.140,0.0
321.94208,66.80917,5.440,-0.110,166.7
322.36250,46.54056,5.240,0.970,43.5
323.02458,-41.17917,5.290,1.100,83.3
323.06083,-33.94472,5.970,0.050,0.0
322.79000,12.13750,6.080,-0.050,0.0
322.88958,-5.57111,2.910,0.830,166.7
323.32375,-52.73750,6.410,1.480,0.0
324.73417,-79.44250,6.180,0.460,0.0
323.13875,-24.59056,6.430,0.200,0.0
323.34792,-44.84861,5.570,1.040,0.0
322.58500,52.95806,6.020,0.080,0.0
322.16500,70.56083,3.230,-0.220,71.4
321.20708,80.52472,5.970,0.920,0.0
323.11292,23.39444,6.700,-0.090,0.0
323.57083,-42.92500,6.320,1.090,0.0
322.86458,52.62000,6.160,0.900,0.0
322.74708,60.45944,5.530,0.120,0.0
323.72083,-29.69611,6.410,-0.110,0.0
323.71250,-20.08444,5.690,0.400,0.0
323.23583,49.97778,5.750,-0.030,0.0
323.81625,-23.45417,6.400,1.100,0.0
323.32458,45.85417,6.250,1.810,0.0
324.51208,-64.82417,6.200,0.030,0.0
323.64167,22.75472,6.470,0.510,0.0
323.82333,-3.98306,5.770,1.110,0.0
323.49542,45.59194,4.020,0.890,500.0
324.04583,-26.17139,5.730,0.220,0.0
325.36875,-77.39000,3.760,1.000,18.9
323.69417,38.53417,4.900,1.080,83.3
324.20375,-33.04806,6.110,0.220,0.0
323.82917,28.19722,6.310,0.350,0.0
323.86250,24.45222,6.110,0.000,500.0
323.61458,51.69833,6.150,0.020,0.0
324.27000,-19.46611,4.680,-0.170,0.0
324.05792,30.05556,6.360,0.000,0.0
324.01000,45.37472,5.530,1.580,0.0
324.39083,-0.39028,6.250,0.060,0.0
324.43792,-7.85417,4.690,0.170,83.3
324.43208,6.61833,6.180,0.020,0.0
324.23750,40.41361,5.010,0.180,50.0
324.43917,19.31861,5.450,0.300,142.9
324.77542,-33.67917,6.280,0.920,0.0
324.99875,-52.35917,6.210,0.600,0.0
324.63292,5.77167,5.670,0.250,30.3
325.14000,-55.73750,6.330,1.060,0.0
324.36625,44.69667,6.200,0.190,0.0
324.86708,-10.57694,6.080,1.030,0.0
324.68750,25.49889,6.160,1.020,0.0
324.41125,54.04222,6.150,0.990,0.0
324.75458,20.26528,5.850,0.320,47.6
324.88875,2.24361,5.100,1.040,166.7
325.02292,-16.66222,3.680,0.320,34.5
324.48000,62.08194,4.730,0.300,0.0
327.72625,-82.71917,5.290,0.750,90.9
324.74000,57.48917,5.620,0.210,0.0
325.44208,-25.10194,6.490,1.190,0.0
325.38708,-14.04750,5.180,0.650,29.4
325.04625,43.27389,5.110,1.600,250.0
325.50333,-23.26278,5.240,0.950,40.0
326.37000,-71.00889,6.010,-0.100,0.0
325.54208,1.28528,5.670,1.440,0.0
325.66458,-18.86639,4.730,0.880,35.7
325.56458,5.68000,5.300,1.640,0.0
325.18042,54.87222,6.200,1.160,0.0
325.39292,40.80528,6.110,0.070,76.9
325.63750,10.82472,6.090,-0.110,0.0
325.80625,-19.62083,6.220,0.270,0.0
341.36917,-88.81833,6.570,0.280,0.0
325.76833,-14.39972,5.880,0.250,0.0
325.50458,35.51028,6.070,2.520,0.0
325.53500,45.76583,6.170,1.550,333.3
326.12292,-38.55250,6.300,1.120,0.0
325.59542,41.07722,5.690,0.010,333.3
325.52375,51.18972,4.670,-0.120,0.0
326.00417,-14.74944,5.990,0.210,0.0
326.32917,-49.49861,6.450,1.150,0.0
325.66208,49.60028,6.090,1.000,0.0
326.23667,-33.02583,4.340,-0.050,24.4
325.77667,41.15500,5.490,1.590,0.0
325.85708,38.28389,5.650,0.000,0.0
326.04667,9.87500,2.390,1.530,166.7
326.03583,28.74278,4.730,0.480,20.4
326.03458,28.74306,6.080,0.360,20.4
326.25125,-9.08250,5.090,1.110,500.0
325.68917,59.27111,6.080,1.340,0.0
326.12792,17.35000,4.340,1.170,125.0
326.13042,14.77194,5.940,0.590,15.4
326.16125,25.64500,4.130,0.430,28.6
325.87667,58.78000,4.080,2.350,333.3
325.48042,71.31139,4.560,1.100,125.0
326.56792,-9.27583,6.000,1.660,0.0
326.63375,-11.36583,5.580,-0.010,66.7
326.43542,35.85722,6.400,1.000,0.0
326.51833,22.94889,5.290,1.410,166.7
326.76000,-16.12722,2.870,0.290,11.5
327.06583,-47.30361,5.580,0.600,13.7
325.76667,72.32028,5.170,1.050,66.7
326.60000,25.56333,6.280,1.210,166.7
326.93417,-30.89833,5.010,0.040,166.7
326.22208,62.46056,5.950,0.310,0.0
326.80833,2.68611,5.640,0.000,200.0
326.56917,43.06083,6.540,0.280,0.0
326.76958,17.19417,6.210,0.340,0.0
327.50042,-64.71250,5.620,1.020,0.0
326.90875,-5.91722,6.170,0.220,0.0
327.69625,-69.62944,5.530,1.370,34.5
326.36208,61.12083,4.290,0.520,76.9
326.69833,49.30944,4.230,-0.120,0.0
327.03458,36.58056,6.470,0.000,0.0
327.42125,-12.72306,6.310,0.220,0.0
327.12250,38.64861,6.120,-0.080,0.0
326.85542,60.69278,5.520,1.520,47.6
327.55458,-16.84472,6.380,1.420,0.0
327.36208,20.46250,6.290,-0.100,0.0
326.75417,70.15083,6.290,0.000,0.0
327.46125,30.17417,5.040,-0.030,166.7
327.53625,17.28556,5.290,0.370,66.7
327.41708,41.14889,6.480,0.420,0.0
327.92417,-18.62306,6.160,0.360,0.0
327.32917,61.27278,6.170,1.670,0.0
327.89250,19.82667,5.770,-0.100,0.0
327.77042,39.53667,6.170,-0.080,0.0
328.07583,21.27306,6.890,0.000,0.0
328.32417,-13.55167,5.080,0.370,21.3
328.79792,-61.88639,5.900,0.390,52.6
328.48208,-37.36500,3.010,-0.120,76.9
328.12458,28.79333,5.530,0.420,25.0
328.40000,-10.31167,6.590,-0.120,0.0
328.26583,25.92500,5.080,-0.170,333.3
328.00417,55.79694,5.710,-0.130,200.0
328.40583,19.66833,5.680,0.010,0.0
328.49083,6.86444,6.150,0.800,0.0
328.54333,-4.27611,5.710,1.180,58.8
327.90542,65.75278,6.370,0.000,100.0
329.05833,-57.89944,6.190,0.210,0.0
328.64958,-3.30111,6.200,0.480,0.0
328.57250,19.71833,6.390,0.970,0.0
328.98167,-30.60639,6.410,0.930,0.0
329.09500,-37.25361,5.460,0.080,0.0
329.25917,-37.74694,6.180,0.330,0.0
329.47958,-54.99250,4.400,0.280,50.0
329.62542,-59.01222,6.120,0.460,0.0
330.46708,-77.66250,6.410,0.220,0.0
328.72167,56.61139,5.800,0.730,0.0
329.10000,21.23972,6.400,1.700,250.0
329.23500,12.07639,5.540,0.050,0.0
328.83625,61.54194,6.130,1.600,0.0
328.87958,65.32083,5.860,-0.060,0.0
329.55542,-5.42472,6.330,0.370,0.0
329.25917,48.66861,6.420,-0.080,0.0
329.68250,-21.18278,6.120,1.650,0.0
329.82458,-38.39528,5.500,1.000,0.0
330.76583,-76.11861,5.950,0.390,0.0
330.10042,-55.88278,6.010,-0.100,0.0
329.72917,-4.37306,6.220,1.000,29.4
329.16292,63.62556,4.910,1.770,250.0
329.29625,66.15611,6.430,-0.050,0.0
330.03292,6.71750,6.000,-0.120,0.0
330.20917,-28.45361,5.420,-0.090,90.9
330.84000,-56.78611,4.690,1.060,3.5
329.72250,62.69833,5.930,1.670,0.0
329.84583,57.65833,6.590,0.030,0.0
330.27083,0.60500,5.580,1.280,0.0
330.11167,33.00611,6.460,0.000,0.0
330.27250,13.11972,5.600,0.340,26.3
330.28833,8.25722,5.650,1.440,0.0
330.54958,-17.90361,6.280,1.010,0.0
329.46250,74.99667,6.350,1.560,0.0
330.61083,-16.96417,6.370,0.420,166.7
330.50583,10.97389,6.370,-0.100,0.0
330.82167,-29.90417,7.100,0.320,0.0
330.16375,62.48806,6.660,0.060,0.0
329.81250,73.18000,5.030,0.440,30.3
330.81833,-6.52250,5.540,0.960,0.0
330.82875,-2.15528,4.690,-0.060,0.0
330.46083,52.88222,5.780,-0.110,0.0
330.82917,11.38639,5.800,-0.070,0.0
331.09958,-29.91667,6.470,1.630,0.0
330.51917,58.00056,5.560,0.060,0.0
330.73625,44.65000,5.600,-0.030,0.0
331.15333,-26.82250,5.960,-0.140,0.0
331.46208,-59.63611,5.620,1.460,0.0
331.19750,-0.90667,5.300,0.230,71.4
331.52875,-39.54333,4.460,1.370,76.9
331.14333,32.94194,6.380,1.100,0.0
331.42000,5.05861,4.840,1.440,71.4
331.44583,-0.31972,2.960,0.980,83.3
331.29750,26.67389,5.780,1.250,0.0
330.97042,63.11972,5.290,1.580,0.0
330.94750,64.62778,4.290,0.340,31.2
331.60917,-13.86972,4.270,-0.070,0.0
331.39458,28.96389,5.700,-0.060,0.0
332.67708,-75.88056,6.550,1.180,0.0
331.31833,46.74472,6.130,1.610,0.0
331.46083,45.11222,6.440,-0.030,0.0
329.55292,82.86972,6.980,0.520,90.9
331.50833,45.01444,5.140,1.570,166.7
332.05833,-46.96111,1.740,-0.130,17.5
331.25208,62.78556,5.270,1.410,0.0
331.46333,48.23167,6.270,-0.060,0.0
331.28708,62.28000,5.110,0.080,0.0
331.55167,45.24861,6.190,0.090,0.0
331.75292,25.34500,3.760,0.440,12.2
332.09583,-32.98861,4.500,0.050,33.3
332.98042,-76.11611,6.150,1.000,0.0
332.10833,-34.04389,4.990,1.480,111.1
331.55625,56.34306,6.390,-0.100,0.0
331.86917,19.47556,5.750,0.000,62.5
331.87500,18.00056,6.350,1.640,0.0
332.17792,-33.12556,6.370,0.200,0.0
331.95958,21.70278,5.780,-0.100,0.0
332.24583,-18.51972,5.810,-0.170,0.0
332.49167,-48.10722,6.430,1.390,0.0
332.07167,25.54361,6.110,0.270,0.0
331.79000,58.84083,6.320,0.880,58.8
331.85625,53.30722,6.140,0.430,0.0
332.48208,-34.01472,5.370,0.240,37.0
332.06875,49.79639,6.420,0.000,0.0
332.50042,-28.29250,6.440,0.150,0.0
332.53667,-32.54833,4.920,0.480,18.9
332.17083,45.74194,6.110,0.720,0.0
332.30667,33.17222,5.580,1.000,166.7
332.55000,6.19778,3.530,0.080,20.4
332.58792,-3.89417,6.270,-0.010,0.0
332.65625,-11.56500,5.460,-0.120,0.0
332.64083,-4.26722,6.010,0.980,0.0
332.49667,33.17833,4.290,0.460,142.9
332.57917,19.61694,6.180,0.690,0.0
332.59250,14.63000,6.330,1.080,0.0
332.76000,-21.23250,6.090,0.500,0.0
332.65583,11.62444,5.780,1.580,0.0
332.62583,20.97806,6.460,0.120,0.0
332.71500,30.55306,6.320,0.180,0.0
332.96375,16.04056,5.950,0.950,0.0
333.10750,-14.19389,6.030,0.380,0.0
332.79125,50.82333,5.400,0.150,125.0
333.23958,-26.32778,6.170,0.170,0.0
332.71375,58.20111,3.350,1.570,58.8
333.03333,24.95000,5.920,1.510,0.0
333.18250,-4.72083,6.390,0.500,0.0
332.45167,72.34111,4.790,0.920,58.8
332.87792,59.41444,5.040,0.250,166.7
333.43500,-25.18083,5.580,0.490,0.0
334.46042,-77.51167,5.510,0.310,0.0
332.95333,56.83944,5.240,0.510,41.7
332.56375,72.11111,6.370,-0.060,0.0
332.66208,70.13278,5.500,0.380,26.3
333.19917,34.60472,5.330,1.130,333.3
332.98708,59.08472,6.300,1.130,0.0
333.66083,-41.38167,6.230,0.650,21.7
333.57833,-27.76694,5.430,-0.160,83.3
333.00792,60.75944,5.350,1.170,0.0
333.57500,-21.07417,5.320,0.800,62.5
335.00625,-80.43972,5.100,1.470,0.0
333.41083,28.60833,5.890,1.150,0.0
333.09292,63.29139,5.790,1.670,0.0
333.89625,-44.45194,6.100,1.020,0.0
333.46958,39.71500,4.490,1.390,50.0
333.90375,-41.34667,4.790,0.800,111.1
333.45542,45.44083,5.530,0.040,0.0
334.11083,-41.62750,5.100,0.920,100.0
333.68500,42.95389,5.710,0.000,0.0
333.45625,63.16250,6.110,-0.080,0.0
333.99917,8.54944,6.210,0.020,0.0
334.15583,-25.89833,6.150,1.110,0.0
333.22042,73.30722,6.080,1.010,66.7
333.75833,57.04361,4.190,0.280,24.4
334.14000,-1.59639,6.150,0.190,0.0
334.20042,-12.83139,5.340,1.140,0.0
334.24917,-23.14000,6.170,1.050,0.0
333.99250,37.74889,4.130,1.460,333.3
334.20833,-7.78333,4.160,0.980,47.6
334.21917,-9.04000,5.790,1.160,0.0
334.56500,-53.62778,5.370,0.600,12.0
334.62542,-60.25972,2.860,1.390,38.5
334.12375,27.80417,6.370,0.990,0.0
334.27708,-5.38722,5.750,0.880,0.0
337.90583,-85.96722,5.770,1.020,0.0
334.11042,57.22028,5.880,0.930,0.0
334.51792,-0.23778,6.390,0.440,0.0
334.75333,-13.30500,5.950,1.060,0.0
335.15083,-57.51000,6.340,1.370,0.0
334.73417,37.76944,6.170,0.280,76.9
334.55292,62.80444,5.750,1.260,0.0
335.04958,-7.82111,5.370,-0.060,0.0
335.11500,5.78944,5.370,-0.020,0.0
335.23250,8.18667,6.170,0.440,0.0
336.15333,-72.25556,5.290,0.650,32.3
335.39833,-21.59833,5.130,1.070,66.7
335.25042,26.93528,6.470,1.590,0.0
335.41417,-1.38722,3.840,-0.050,21.7
335.16500,50.98083,6.420,0.000,0.0
335.37958,12.20528,5.010,-0.130,0.0
335.68292,-45.94778,6.620,2.010,0.0
335.33042,28.33056,4.810,0.000,43.5
335.25667,46.53667,4.570,-0.100,25.0
335.78333,-45.92861,5.620,0.360,37.0
334.58500,76.48806,6.660,0.000,0.0
336.46250,-75.01556,6.040,0.640,0.0
336.29375,-70.43167,5.780,0.380,0.0
335.46208,42.07833,6.410,-0.080,0.0
335.87875,-24.76250,5.530,0.990,0.0
335.88375,-7.19444,5.930,1.000,0.0
336.23500,-57.79722,5.320,0.670,17.2
335.91500,20.84833,6.040,0.000,27.0
336.02875,-4.83694,5.780,-0.040,166.7
336.11292,-13.52944,5.760,0.970,0.0
335.75083,57.28444,6.160,-0.130,0.0
335.97583,38.57361,6.220,0.490,0.0
335.75083,62.42000,6.040,0.050,0.0
335.89000,52.22917,4.430,1.020,47.6
336.31917,1.37750,4.660,-0.030,0.0
336.83333,-64.96639,4.480,-0.030,0.0
336.12917,49.47639,4.570,0.090,333.3
336.54458,-23.68250,6.290,-0.030,0.0
336.41958,18.44444,6.260,1.220,0.0
336.64250,-16.74139,6.570,0.000,17.5
336.64333,-16.74250,6.350,0.610,17.5
333.29417,86.10806,5.270,-0.030,166.7
337.15708,-67.48917,5.550,0.200,0.0
336.65583,4.39361,5.750,0.520,24.4
336.69042,37.44389,6.460,-0.130,0.0
335.92208,78.24333,6.760,-0.060,0.0
336.96458,4.69556,4.790,1.050,40.0
337.16333,-39.13194,5.470,0.950,66.7
336.86042,39.80972,6.140,-0.140,0.0
336.74667,56.43333,6.570,-0.100,0.0
336.94250,31.84028,5.980,1.450,0.0
337.31750,-43.49556,3.970,1.030,41.7
336.50333,70.77083,5.470,1.200,0.0
337.20708,-0.02028,4.590,0.000,45.5
337.20875,-0.02000,4.420,0.380,45.5
337.43958,-43.74944,4.110,1.570,0.0
336.77208,65.13222,5.460,0.370,0.0
337.28333,9.12889,5.580,1.550,0.0
337.44167,-27.10722,5.950,0.330,0.0
337.29250,26.76306,5.790,1.250,0.0
337.50625,-12.91500,6.400,0.320,0.0
337.49167,4.43167,5.480,0.380,31.2
337.57250,-14.58583,6.370,-0.040,0.0
337.08208,64.08556,6.290,1.080,0.0
337.43292,35.72556,6.560,0.000,0.0
337.72375,-26.07361,6.430,1.080,0.0
337.29292,58.41528,3.750,0.600,90.9
337.38250,47.70694,4.360,1.680,166.7
337.66167,-10.67806,4.820,-0.060,47.6
337.50750,32.57250,5.650,-0.040,0.0
337.52708,49.35611,6.400,1.150,0.0
337.87625,-32.34611,4.290,0.010,47.6
338.86000,-78.77167,6.150,1.380,0.0
336.67708,78.78583,5.830,0.150,0.0
337.62208,43.12333,4.510,-0.090,0.0
337.82667,-2.91111,6.160,1.080,0.0
337.82667,-6.55500,6.140,0.560,22.7
338.25042,-61.98222,4.810,1.610,142.9
337.92208,-10.90556,6.380,0.280,0.0
337.89250,29.54278,6.350,0.190,0.0
337.82292,50.28250,3.770,0.010,25.0
338.14792,20.23000,6.420,0.320,76.9
338.19542,15.86333,6.320,1.190,0.0
338.11000,39.77972,5.880,0.160,0.0
338.07833,54.03750,6.350,0.000,0.0
338.51208,-1.57417,5.890,0.990,0.0
337.47042,78.82417,5.500,0.060,125.0
338.67333,-20.70833,5.200,0.440,21.7
338.97042,-57.88361,6.230,0.200,0.0
338.41917,56.62500,5.710,0.960,0.0
338.26208,69.91361,6.600,0.320,500.0
338.90208,-23.99111,5.970,0.990,0.0
338.83917,-0.11750,4.020,-0.090,40.0
338.32083,70.37389,6.340,0.000,0.0
338.06750,76.22639,5.680,0.050,0.0
339.12208,-40.58278,6.280,0.120,0.0
339.14750,-31.66389,5.820,1.090,0.0
339.24500,-40.59111,5.860,0.060,0.0
338.96792,39.63417,5.730,-0.150,0.0
339.03292,35.57722,6.100,1.000,0.0
339.15167,11.69694,6.400,0.000,0.0
338.97250,50.07111,6.290,-0.050,0.0
338.96583,56.07000,6.380,0.120,0.0
339.26958,12.57722,6.300,0.000,0.0
339.20292,35.65250,6.300,1.370,0.0
339.43917,-4.22806,5.030,1.140,52.6
339.78500,-52.69222,6.650,0.350,0.0
339.59250,-7.89778,6.230,0.780,0.0
339.34333,51.54528,4.630,0.240,45.5
339.68625,-28.74778,6.470,1.040,0.0
338.94208,73.64306,5.080,0.390,125.0
339.71458,-33.08139,5.660,0.050,0.0
339.57292,45.18306,6.400,0.000,0.0
339.71917,19.52222,5.820,0.920,100.0
339.93333,-28.32528,6.310,1.010,100.0
340.20375,-57.42222,5.970,1.460,0.0
339.65792,56.79583,5.210,1.580,0.0
339.81542,39.05028,4.880,-0.200,0.0
340.09292,-30.65889,5.870,1.300,71.4
339.94583,19.68111,6.210,0.000,0.0
339.30417,75.37167,5.790,1.570,0.0
339.89292,37.59278,6.030,0.860,0.0
339.66250,63.58444,5.190,0.060,125.0
340.16417,-27.04361,4.170,-0.110,0.0
340.20000,-3.55417,6.310,0.520,83.3
341.51375,-81.38167,4.150,0.200,0.0
340.21958,14.54944,5.710,0.720,31.2
340.12875,44.27639,4.460,1.330,100.0
340.07667,53.84611,5.930,0.930,0.0
340.36542,10.83139,3.400,-0.090,43.5
340.65375,-47.21056,5.980,0.580,14.9
340.66708,-46.88472,2.100,1.600,125.0
340.59208,-29.36083,6.170,1.540,0.0
340.38083,30.96583,6.340,0.000,0.0
340.67958,-44.24778,6.070,0.980,0.0
340.36917,40.22556,5.250,-0.140,0.0
340.43917,29.30750,4.790,-0.010,41.7
340.48917,14.51639,5.900,1.110,0.0
340.40042,41.54944,5.940,0.000,0.0
340.87500,-41.41444,4.850,1.030,33.3
340.76458,-8.31167,6.450,0.170,250.0
341.06875,-60.49944,6.300,0.560,0.0
340.80958,-6.96278,6.410,-0.040,0.0
340.58667,53.90889,6.120,1.620,0.0
340.89708,-18.83028,4.690,1.370,76.9
340.75042,30.22139,2.940,0.860,58.8
340.73125,37.80278,6.430,-0.090,0.0
340.76875,47.16861,6.390,0.470,500.0
340.92792,10.93917,6.510,0.460,0.0
341.02167,39.46556,5.950,1.480,100.0
341.40792,-53.50028,4.850,1.180,200.0
341.02292,41.81917,5.080,0.960,100.0
341.41958,-46.54750,5.510,1.320,0.0
341.53333,-48.97889,6.620,0.630,0.0
341.61792,-49.68583,6.480,1.140,0.0
341.36750,19.36667,6.250,1.050,0.0
341.20500,52.51722,6.550,0.000,0.0
341.68208,-46.93944,6.560,0.300,0.0
342.59542,-80.12417,5.350,-0.150,0.0
342.42042,-77.05056,6.730,0.110,0.0
341.67333,12.17278,4.190,0.500,19.2
341.54250,44.54611,5.760,0.360,52.6
341.63292,23.56556,3.950,1.070,23.8
341.82958,-34.16111,6.280,1.160,0.0
342.08917,-61.68417,6.370,1.060,0.0
341.88792,-19.61333,5.260,0.940,29.4
341.94625,-38.22194,6.710,0.480,0.0
342.32250,-70.34778,6.340,0.070,0.0
341.92833,-14.05639,5.660,-0.050,0.0
341.98417,-25.91194,6.300,0.910,0.0
342.13875,-51.31694,3.490,0.080,22.7
342.12583,-10.55556,6.190,0.280,0.0
341.84667,58.48278,6.360,-0.040,0.0
342.04542,37.41667,5.900,1.030,0.0
342.39792,-13.59250,4.010,1.570,47.6
342.49625,-32.80528,6.330,0.310,66.7
342.38458,10.47889,6.540,0.290,0.0
342.19917,54.41500,6.120,-0.070,0.0
342.18417,62.93833,6.060,1.200,0.0
342.50083,24.60167,3.480,0.930,25.0
342.75917,-39.15694,5.420,1.430,0.0
342.93708,-59.88139,6.460,1.130,0.0
342.25292,68.57028,6.190,0.000,40.0
342.44250,55.90278,5.430,1.170,0.0
343.04125,-63.18861,6.120,1.030,0.0
342.59083,41.95361,5.920,0.080,0.0
342.66292,19.14083,6.400,0.000,0.0
342.54250,50.67694,6.210,1.140,0.0
342.83708,-29.53611,5.970,0.910,0.0
342.42000,66.20056,3.520,1.050,24.4
343.13167,-32.87556,4.460,-0.040,23.3
342.84500,61.69694,5.600,0.780,200.0
343.10042,9.83556,5.160,0.480,23.3
343.15375,-7.57972,3.740,1.640,58.8
343.00833,43.31250,4.940,1.560,47.6
343.40792,-48.59806,6.040,0.620,23.8
343.66417,-70.07361,6.050,0.660,0.0
341.87083,83.15389,4.740,1.260,0.0
343.25958,16.84111,5.640,1.120,0.0
343.36958,-11.61667,5.800,-0.080,0.0
343.21792,50.41194,6.460,-0.040,0.0
343.29708,40.16722,6.340,-0.080,0.0
343.26583,60.10111,6.010,1.750,0.0
343.41708,44.74917,5.810,0.260,55.6
343.66250,-15.82083,3.270,0.050,26.3
343.64208,-7.20472,6.190,1.280,0.0
343.68958,-16.27194,5.560,1.140,52.6
343.52917,40.37694,5.810,1.130,0.0
343.81208,-36.38861,6.400,1.310,0.0
343.64875,16.94167,6.120,1.770,0.0
343.74792,1.06472,6.110,0.200,0.0
343.79583,-4.98778,5.720,0.880,83.3
343.80708,8.81583,4.900,0.000,166.7
343.76083,37.07694,5.910,0.420,0.0
343.96417,-31.63306,6.100,1.360,0.0
343.98708,-32.53972,4.210,0.970,47.6
344.10000,-31.56556,6.480,1.100,7.7
344.19917,-47.96917,5.700,0.220,0.0
343.93542,36.35167,5.740,-0.050,0.0
344.21458,11.84833,6.510,0.180,125.0
344.09833,41.60389,5.590,-0.140,0.0
344.10833,49.73361,4.950,1.780,0.0
344.32167,-4.81000,6.310,0.940,0.0
344.41292,-29.62222,1.160,0.090,6.7
344.36625,20.76889,5.490,0.670,13.5
344.38667,3.81028,6.280,1.120,0.0
344.26875,48.68417,5.430,-0.090,0.0
344.64583,-35.52306,6.130,0.580,0.0
344.41958,39.30889,6.180,-0.150,0.0
344.56458,-2.39528,6.160,0.740,0.0
344.59875,-1.41028,6.370,0.350,0.0
342.75917,85.37361,5.900,1.320,0.0
344.64625,9.35694,6.430,0.640,28.6
344.67750,7.33972,6.330,0.060,0.0
344.79917,11.72889,5.750,0.320,71.4
344.89917,-29.46222,5.510,0.250,0.0
344.89875,-13.07083,6.070,1.450,0.0
344.86417,0.96278,5.430,0.980,0.0
345.02417,-25.16417,5.650,1.250,0.0
344.79292,52.65444,6.290,1.420,0.0
344.78750,59.81472,6.430,0.030,0.0
345.10250,-25.62667,6.290,1.130,0.0
345.22000,-52.75417,4.120,0.980,25.6
343.60333,84.34611,4.710,1.430,0.0
345.28125,-50.95000,5.680,1.420,0.0
345.15792,0.18583,6.210,0.890,0.0
345.17875,3.01167,5.830,1.340,0.0
345.02125,56.94528,5.000,1.420,500.0
345.17708,31.08306,6.600,-0.040,0.0
345.33083,-28.85361,5.550,1.350,0.0
345.14333,45.37500,6.500,0.000,0.0
345.34583,-22.79083,6.280,0.130,0.0
345.34833,-7.06111,6.210,1.410,0.0
345.22792,38.70806,6.540,-0.110,0.0
345.38208,-4.71139,5.940,1.000,0.0
345.64167,-36.42083,6.470,0.940,333.3
345.37792,57.10556,6.200,1.500,0.0
345.48042,42.32611,3.620,-0.090,66.7
345.63583,-6.57417,6.150,1.580,0.0
345.68458,-20.87056,5.970,0.940,0.0
345.63792,31.78056,6.570,0.350,0.0
345.65125,42.75778,5.100,0.090,29.4
345.87417,-34.74944,5.110,0.290,19.2
345.68833,44.05889,6.390,0.000,0.0
346.21750,-68.82028,5.520,0.360,0.0
345.68250,55.23639,6.500,-0.080,0.0
345.99792,-41.47833,5.790,1.080,0.0
345.98875,-4.79528,6.680,0.580,0.0
345.96917,3.82000,4.530,-0.120,0.0
346.16500,-53.96500,5.370,1.450,83.3
345.94375,28.08278,2.420,1.670,45.5
346.00417,6.61667,6.410,0.390,0.0
345.84875,60.44528,6.740,-0.020,0.0
345.84000,58.56472,6.430,0.900,0.0
345.88708,67.20917,5.240,1.260,0.0
346.04583,50.05222,4.650,1.060,250.0
346.19042,15.20528,2.490,-0.040,26.3
346.29083,-7.69361,5.430,0.300,47.6
346.30333,-17.07917,6.140,1.370,0.0
346.27625,16.56306,6.440,0.830,40.0
346.32333,1.30694,6.390,0.940,0.0
347.09875,-79.48083,6.120,0.140,0.0
346.72000,-43.52056,4.280,0.420,58.8
346.57583,18.51750,6.130,0.440,62.5
346.67042,-23.74306,4.470,0.900,35.7
346.72333,-38.89222,5.610,0.010,0.0
346.78958,-49.60667,6.330,1.450,0.0
346.63292,19.91083,6.300,0.490,0.0
346.81125,-50.68639,5.830,0.480,0.0
347.14875,-73.58639,6.150,1.420,0.0
346.75125,9.40944,4.520,1.570,62.5
346.77833,25.46833,4.760,1.340,166.7
346.65375,59.41972,4.850,-0.030,0.0
346.86542,32.82583,6.020,0.120,90.9
346.86958,21.13417,5.990,0.260,0.0
346.82542,46.06806,6.660,-0.050,0.0
346.79208,52.81639,6.110,1.050,0.0
347.08750,-28.82333,5.600,0.880,0.0
346.79333,59.72750,6.400,-0.010,0.0
346.91375,46.38722,5.330,1.410,0.0
346.93917,49.29583,5.700,0.440,47.6
347.05125,44.56167,6.560,0.170,0.0
347.17042,2.12778,5.400,0.910,0.0
346.94875,63.63333,6.260,-0.020,166.7
347.54875,-66.85750,6.470,0.950,0.0
348.05000,-80.91278,6.410,1.500,0.0
346.98833,64.22250,6.210,1.100,0.0
347.36167,-21.17250,3.660,1.220,100.0
347.43583,-28.08861,5.870,1.310,0.0
347.48875,-42.86056,5.810,0.480,23.8
347.38125,8.67722,5.120,1.470,142.9
347.45667,-14.51056,6.420,0.010,0.0
347.47833,-22.45750,4.690,0.650,25.0
347.54083,-40.59167,5.830,1.620,0.0
346.97458,75.38750,4.410,0.800,166.7
347.59000,-45.24667,3.900,1.020,33.3
347.50625,9.82194,5.390,-0.080,0.0
347.43375,59.33306,5.700,0.330,0.0
347.69417,-29.52500,6.510,0.270,0.0
347.67750,17.59444,5.710,1.340,0.0
347.61333,43.54417,5.940,0.440,43.5
347.93417,8.72000,5.160,0.130,34.5
347.95500,26.84722,6.170,0.940,38.5
348.31250,-49.61889,6.800,0.920,0.0
348.52750,-62.70000,6.120,0.790,31.2
348.13750,49.40639,4.520,0.290,19.6
348.26667,29.44167,6.350,0.930,0.0
348.32083,57.16833,5.560,1.010,6.6
348.36042,11.06500,5.820,1.010,0.0
348.58083,-6.04889,4.220,1.560,100.0
348.74417,-41.10556,5.770,1.180,0.0
348.66750,-10.68861,6.120,1.490,0.0
348.55958,50.61778,6.310,0.000,0.0
348.59042,29.77167,6.410,0.450,0.0
348.65208,24.10306,6.360,0.000,0.0
348.89292,-3.49639,5.550,0.060,0.0
348.97292,-9.08778,4.210,1.110,20.4
348.94292,28.24778,6.490,0.850,0.0
349.24042,-62.00111,5.660,0.510,0.0
348.65542,74.23111,5.840,0.000,0.0
348.99125,24.77111,6.600,0.400,0.0
349.16542,-44.48917,5.920,1.060,0.0
349.20750,-41.19444,6.470,1.080,0.0
349.35750,-58.23583,3.990,0.400,23.3
349.78375,-79.47278,6.330,0.910,0.0
349.21208,-7.72667,5.060,1.600,111.1
348.90750,70.88806,5.560,0.240,0.0
349.29125,3.28222,3.690,0.920,27.8
349.17625,53.21361,5.540,0.520,27.8
349.11167,61.96306,6.530,0.230,0.0
349.58333,-67.47111,6.130,1.350,0.0
349.41667,-11.71306,6.340,0.050,0.0
349.31917,45.16417,6.430,1.070,0.0
349.47583,-9.18250,4.390,-0.150,0.0
349.54125,-40.82444,5.530,0.440,0.0
349.43625,49.01528,4.850,1.670,90.9
349.48375,45.48889,6.480,-0.030,0.0
352.01542,-87.48222,5.490,1.270,0.0
349.70583,-32.53194,4.410,1.130,23.3
349.59750,41.77361,6.020,0.000,0.0
349.74042,-9.61083,4.980,-0.020,83.3
349.77792,-13.45889,5.080,0.800,25.0
349.32875,75.29917,6.380,0.030,0.0
349.85000,-5.12444,5.550,0.390,0.0
349.85042,-18.07528,5.930,1.520,0.0
349.76000,45.13722,6.500,0.000,0.0
349.93000,-33.70806,6.370,1.300,0.0
349.65625,68.11167,4.750,0.840,41.7
349.86417,34.79333,6.320,-0.080,0.0
349.87417,48.62528,5.440,1.030,62.5
349.92333,48.38083,6.320,1.120,0.0
349.96833,42.07806,5.790,1.480,0.0
350.20833,-50.30667,6.050,0.420,0.0
350.08583,5.38139,5.050,1.200,500.0
350.17042,-5.90806,6.170,1.070,0.0
350.15917,23.74028,4.600,0.170,27.0
350.05958,61.97000,6.450,0.000,0.0
350.20667,30.41500,5.590,1.500,0.0
350.31458,-26.98667,5.640,0.820,0.0
350.18333,44.11639,6.130,0.170,0.0
350.22208,38.18222,5.770,0.460,0.0
350.14417,62.21306,6.390,1.610,0.0
350.47875,31.81250,5.320,-0.110,0.0
350.49250,26.60889,6.620,0.370,0.0
350.73708,-60.05583,6.090,1.600,0.0
350.66333,-15.03917,5.200,0.200,45.5
350.66875,20.82861,6.290,-0.040,0.0
350.74250,-20.10056,3.970,1.100,27.8
350.76917,12.31389,5.080,1.310,0.0
350.63542,60.13361,5.560,1.680,0.0
350.97625,-53.80833,6.150,0.260,0.0
350.93917,-43.12444,6.100,1.460,0.0
350.88292,0.29139,6.310,1.610,0.0
351.05458,-51.89139,5.750,1.590,0.0
350.94792,32.53139,6.690,0.450,83.3
351.03250,-18.68750,6.190,1.020,0.0
351.33083,-56.84917,5.590,1.070,0.0
351.14583,41.11278,6.720,0.060,0.0
351.21167,32.38500,5.570,-0.110,250.0
351.20958,62.28278,4.980,1.680,142.9
351.34500,23.40417,4.400,0.610,27.8
351.51167,-20.64194,4.390,1.470,142.9
351.65250,-52.72167,5.520,0.400,0.0
351.78000,-66.58111,6.450,1.470,0.0
351.81250,-58.47611,5.630,0.980,0.0
351.78792,-50.15722,6.200,-0.080,0.0
351.73333,1.25556,4.940,0.030,25.0
351.81167,1.12250,6.250,1.020,0.0
351.78083,42.91194,5.750,0.000,0.0
352.00292,-35.54444,6.320,1.200,0.0
351.91833,25.16722,5.980,-0.060,0.0
351.99208,6.37889,4.280,1.070,62.5
352.02167,-11.44972,6.370,0.900,0.0
351.81917,70.35972,5.600,0.190,43.5
352.25417,-63.11083,5.680,-0.170,0.0
352.25333,-44.49778,6.430,1.180,0.0
352.25250,-9.26611,6.180,1.440,0.0
352.27333,23.04778,6.350,0.000,0.0
352.28875,12.76056,4.550,0.940,62.5
352.38375,-4.53278,6.250,1.090,52.6
352.53083,49.13306,6.170,1.460,0.0
352.50833,58.54889,4.910,-0.120,166.7
352.66542,38.66194,6.050,0.990,0.0
352.75458,-6.28833,6.390,1.260,0.0
352.86250,-44.84361,6.020,1.020,0.0
352.82250,39.23639,5.220,1.020,66.7
352.88125,-4.08722,6.490,0.540,24.4
352.92542,-21.36944,6.290,0.330,0.0
352.92958,28.40361,6.410,0.010,0.0
352.99000,-1.08583,6.380,1.180,0.0
353.33125,-77.38528,5.810,0.680,0.0
353.10250,34.95250,6.650,-0.060,0.0
353.24292,-37.81833,4.370,-0.090,0.0
351.75333,87.30750,5.580,0.230,0.0
353.31917,-20.91444,4.710,0.020,0.0
353.36708,22.49889,5.320,1.600,0.0
353.42792,45.05806,6.240,0.980,0.0
353.48125,20.84083,6.060,1.730,0.0
353.48833,31.32528,4.980,1.380,55.6
353.53750,-1.24750,5.870,0.300,0.0
353.80292,-64.68944,7.400,0.000,0.0
353.70583,-15.24583,5.960,1.360,0.0
353.65625,40.23639,5.590,0.100,71.4
353.65917,33.49722,5.630,1.030,0.0
353.76917,-42.61500,4.710,0.080,200.0
353.69458,38.02389,6.180,1.580,0.0
353.88375,-7.46444,6.390,0.880,0.0
353.74583,71.64222,5.840,1.800,0.0
353.98292,24.56111,6.450,1.730,0.0
354.09708,2.10222,5.680,0.440,0.0
354.12708,32.90417,6.350,0.460,0.0
354.27250,-31.87083,6.520,1.260,333.3
354.60042,-76.87000,6.000,0.900,0.0
354.41500,-13.06028,5.650,1.030,0.0
354.46250,-45.49250,4.740,0.080,62.5
354.41583,16.82556,6.260,0.000,0.0
354.39125,46.45806,3.820,1.010,20.0
354.38333,44.42917,5.800,-0.060,250.0
354.48667,18.40056,5.530,0.000,0.0
354.49417,46.19972,6.580,0.660,31.2
354.53417,43.26806,4.290,-0.100,90.9
354.86667,-46.63778,6.090,0.240,125.0
354.78458,50.47167,5.300,-0.060,0.0
354.94625,-14.22167,5.000,0.240,62.5
354.98750,5.62639,4.130,0.510,13.3
354.97958,9.67722,5.970,0.200,0.0
354.79333,75.29278,5.950,0.130,0.0
354.83792,74.00278,5.980,0.890,0.0
355.01167,37.65250,6.530,0.350,0.0
354.83667,77.63250,3.210,1.030,15.6
355.15917,-32.07306,5.310,0.970,37.0
355.10208,44.33389,4.140,-0.080,55.6
355.16917,36.72083,6.230,0.390,0.0
355.27917,-24.16028,6.600,1.570,0.0
355.28708,-11.68056,5.890,1.000,0.0
355.39375,-18.02722,5.340,1.570,0.0
355.36208,49.51222,6.260,0.190,0.0
355.44083,-17.81639,4.820,0.820,0.0
355.48625,7.25056,5.890,0.100,0.0
355.51167,1.78000,4.500,0.200,35.7
355.47708,57.26000,6.240,0.000,0.0
355.56167,44.99194,6.570,0.000,0.0
355.61625,-15.44778,5.280,1.370,66.7
355.68042,-14.54500,4.490,-0.040,24.4
355.58667,64.51556,6.560,1.880,0.0
355.63125,61.67944,6.400,1.240,0.0
355.84333,10.33139,5.060,1.680,100.0
355.95625,-15.28444,6.360,1.580,0.0
356.00583,-45.08333,6.090,0.980,52.6
356.10583,-70.49028,6.070,0.910,71.4
356.16958,-78.79139,5.750,1.110,0.0
356.05000,-64.40444,5.720,1.400,142.9
355.99792,29.36167,4.930,0.950,55.6
356.05042,-18.27694,5.240,-0.080,0.0
356.12042,-26.24639,6.170,0.500,0.0
356.20125,55.79972,6.510,0.000,125.0
356.50500,-40.18250,6.310,0.200,0.0
356.50375,-18.67806,5.290,0.280,83.3
356.50875,46.42028,4.950,1.110,0.0
356.59792,3.48667,5.040,2.600,0.0
356.65292,66.78222,5.950,-0.040,0.0
356.81667,-50.22667,5.180,-0.190,0.0
356.84708,-68.39417,6.890,0.460,0.0
356.76458,58.65194,4.870,1.110,71.4
356.81625,-11.91083,5.730,1.080,0.0
356.75792,57.45139,5.510,1.650,0.0
356.88833,46.83250,6.070,-0.140,500.0
356.98542,-2.76167,5.490,0.940,0.0
356.97833,67.80694,5.040,-0.010,66.7
357.13542,-6.38056,6.070,1.450,0.0
357.20542,2.21417,6.460,0.440,0.0
357.23167,-28.13028,4.570,0.010,25.6
357.16250,64.87639,6.410,0.060,111.1
357.20917,62.21444,5.430,0.670,0.0
357.22458,59.97889,6.340,-0.010,0.0
357.30000,58.96306,6.330,0.400,0.0
357.38167,-15.86111,6.240,1.220,0.0
357.36458,1.07611,5.770,0.160,0.0
357.43625,-62.83944,6.590,1.480,0.0
357.42083,36.42528,5.900,0.790,0.0
357.41417,28.84250,5.970,0.190,0.0
357.45667,-25.33139,6.420,0.120,0.0
357.56125,-9.97417,5.940,1.130,0.0
357.59292,51.62167,6.440,0.370,0.0
357.63875,-14.40194,5.720,1.510,0.0
357.83833,9.31333,5.790,1.660,0.0
357.83875,-18.90889,5.180,-0.140,43.5
358.02667,-82.01889,5.110,0.920,0.0
357.99125,2.93028,5.550,1.530,0.0
357.99000,77.59944,6.550,0.440,23.8
358.09750,21.67083,6.110,1.590,0.0
358.12208,19.12028,5.080,1.600,90.9
358.12500,-14.25111,5.870,1.280,0.0
358.10458,75.54472,6.390,0.980,10.3
358.15458,10.94750,5.300,0.180,55.6
358.21042,-8.99667,5.750,1.170,0.0
358.23167,-3.15556,5.930,1.070,0.0
358.27000,2.09056,6.280,-0.010,0.0
358.33667,-24.22917,6.240,0.190,0.0
358.58917,-27.04222,6.350,0.200,166.7
358.59583,57.49944,4.540,1.220,43.5
358.66083,-40.30000,6.030,0.570,34.5
358.69417,0.10917,5.610,1.590,0.0
358.78250,7.07111,6.210,-0.070,0.0
358.81917,-31.92167,6.100,-0.080,0.0
358.81917,-31.88417,6.830,-0.080,0.0
358.84583,25.95500,6.540,0.000,0.0
358.89042,57.41222,6.000,0.210,34.5
358.89000,47.35583,6.000,1.160,0.0
359.12458,-24.73722,6.310,0.920,0.0
359.17292,22.64806,6.150,1.600,0.0
359.11542,83.19111,6.590,0.050,0.0
359.26500,42.65833,5.970,0.690,0.0
359.28458,-26.62361,6.260,1.450,0.0
359.28542,55.70583,5.550,0.490,0.0
359.33292,-62.95639,5.970,0.110,0.0
359.38625,-82.17000,5.730,1.050,0.0
359.39667,-64.29833,5.000,0.060,27.8
359.38958,60.02361,6.470,0.010,0.0
359.43958,25.14139,4.660,1.590,200.0
359.58833,-15.84750,6.260,1.080,0.0
359.60333,51.38861,4.800,1.830,0.0
359.66833,-3.55611,4.860,0.930,34.5
359.70500,32.38167,6.520,-0.110,0.0
359.73250,-52.74583,5.130,1.130,62.5
359.69375,46.41306,6.540,-0.090,0.0
359.75208,55.75500,4.880,-0.070,166.7
359.82792,6.86333,4.010,0.420,55.6
359.86625,-29.48500,5.620,1.600,0.0
359.87167,33.72444,6.580,0.550,19.6
359.87167,33.72444,6.580,0.000,19.6
359.97917,-65.57722,4.500,-0.080,0.0
0.08000,-44.29056,6.290,0.760,0.0
0.09958,26.91833,6.460,0.500,0.0
0.12875,59.55972,6.190,1.010,0.0
0.18208,45.25333,6.380,-0.070,0.0
0.26875,-48.81000,5.710,0.910,0.0
0.33333,-50.33722,5.530,1.600,125.0
0.33042,49.98167,6.220,0.970,0.0
0.39875,-77.06583,4.780,1.270,58.8
0.40375,61.22306,5.550,0.410,0.0
0.43250,42.36722,6.250,-0.030,0.0
0.45583,-3.02750,5.100,-0.120,0.0
0.54250,27.08194,5.750,0.670,12.0
0.49000,-6.01417,4.410,1.630,166.7
0.53042,-14.67611,7.100,1.800,0.0
0.58292,-29.72028,5.010,-0.150,0.0
0.60083,8.95694,6.320,0.180,0.0
0.62375,8.48556,5.630,0.290,0.0
0.65042,66.09889,5.860,1.090,100.0
0.74000,-20.04611,6.250,0.530,0.0
0.78208,-24.14528,6.440,1.180,0.0
0.85708,63.64194,6.240,0.330,0.0
0.93500,-17.33611,4.550,-0.050,142.9
0.96625,66.71222,6.290,1.670,0.0
1.05667,62.28778,5.880,0.300,0.0
1.08208,-16.52889,5.780,1.100,0.0
1.08458,-29.26861,6.400,0.000,0.0
1.12542,-10.50944,4.940,1.630,62.5
1.17500,67.16667,5.670,1.070,76.9
1.15292,42.09222,6.010,0.000,0.0
1.12792,-72.89778,7.310,0.440,0.0
1.22417,34.65972,6.120,0.620,28.6
1.17208,-71.43694,5.590,-0.120,0.0
1.23333,26.64889,6.250,1.400,0.0
1.27583,61.31417,5.800,-0.090,0.0
